ISO-10303-21;
HEADER;
FILE_DESCRIPTION(('KiCad electronic assembly'),'2;1');
FILE_NAME('741.step','2025-06-29T16:15:32',('Pcbnew'),('Kicad'),
  'Open CASCADE STEP processor 7.8','KiCad to STEP converter','Unknown'
  );
FILE_SCHEMA(('AUTOMOTIVE_DESIGN { 1 0 10303 214 1 1 1 1 }'));
ENDSEC;
DATA;
#1 = APPLICATION_PROTOCOL_DEFINITION('international standard',
  'automotive_design',2000,#2);
#2 = APPLICATION_CONTEXT(
  'core data for automotive mechanical design processes');
#3 = SHAPE_DEFINITION_REPRESENTATION(#4,#10);
#4 = PRODUCT_DEFINITION_SHAPE('','',#5);
#5 = PRODUCT_DEFINITION('design','',#6,#9);
#6 = PRODUCT_DEFINITION_FORMATION('','',#7);
#7 = PRODUCT('741 1','741 1','',(#8));
#8 = PRODUCT_CONTEXT('',#2,'mechanical');
#9 = PRODUCT_DEFINITION_CONTEXT('part definition',#2,'design');
#10 = SHAPE_REPRESENTATION('',(#11,#15,#19,#23,#27,#31,#35,#39,#43),#47
  );
#11 = AXIS2_PLACEMENT_3D('',#12,#13,#14);
#12 = CARTESIAN_POINT('',(0.,0.,0.));
#13 = DIRECTION('',(0.,0.,1.));
#14 = DIRECTION('',(1.,0.,-0.));
#15 = AXIS2_PLACEMENT_3D('',#16,#17,#18);
#16 = CARTESIAN_POINT('',(171.,-98.,1.595));
#17 = DIRECTION('',(0.,0.,1.));
#18 = DIRECTION('',(1.,0.,0.));
#19 = AXIS2_PLACEMENT_3D('',#20,#21,#22);
#20 = CARTESIAN_POINT('',(171.,-107.,1.595));
#21 = DIRECTION('',(0.,0.,1.));
#22 = DIRECTION('',(1.,0.,0.));
#23 = AXIS2_PLACEMENT_3D('',#24,#25,#26);
#24 = CARTESIAN_POINT('',(182.19,-97.69,1.595));
#25 = DIRECTION('',(0.,0.,1.));
#26 = DIRECTION('',(1.,0.,0.));
#27 = AXIS2_PLACEMENT_3D('',#28,#29,#30);
#28 = CARTESIAN_POINT('',(193.5,-109.,1.595));
#29 = DIRECTION('',(0.,0.,1.));
#30 = DIRECTION('',(1.,0.,0.));
#31 = AXIS2_PLACEMENT_3D('',#32,#33,#34);
#32 = CARTESIAN_POINT('',(195.,-104.81,1.595));
#33 = DIRECTION('',(0.,-0.,1.));
#34 = DIRECTION('',(1.110223024625E-16,1.,0.));
#35 = AXIS2_PLACEMENT_3D('',#36,#37,#38);
#36 = CARTESIAN_POINT('',(181.3,-110.082,1.595));
#37 = DIRECTION('',(0.,0.,1.));
#38 = DIRECTION('',(1.,0.,0.));
#39 = AXIS2_PLACEMENT_3D('',#40,#41,#42);
#40 = CARTESIAN_POINT('',(171.,-102.5,1.595));
#41 = DIRECTION('',(0.,0.,1.));
#42 = DIRECTION('',(1.,0.,0.));
#43 = AXIS2_PLACEMENT_3D('',#44,#45,#46);
#44 = CARTESIAN_POINT('',(0.,0.,0.));
#45 = DIRECTION('',(0.,0.,1.));
#46 = DIRECTION('',(1.,0.,-0.));
#47 = ( GEOMETRIC_REPRESENTATION_CONTEXT(3) 
GLOBAL_UNCERTAINTY_ASSIGNED_CONTEXT((#51)) GLOBAL_UNIT_ASSIGNED_CONTEXT(
(#48,#49,#50)) REPRESENTATION_CONTEXT('Context #1',
  '3D Context with UNIT and UNCERTAINTY') );
#48 = ( LENGTH_UNIT() NAMED_UNIT(*) SI_UNIT(.MILLI.,.METRE.) );
#49 = ( NAMED_UNIT(*) PLANE_ANGLE_UNIT() SI_UNIT($,.RADIAN.) );
#50 = ( NAMED_UNIT(*) SI_UNIT($,.STERADIAN.) SOLID_ANGLE_UNIT() );
#51 = UNCERTAINTY_MEASURE_WITH_UNIT(LENGTH_MEASURE(1.E-07),#48,
  'distance_accuracy_value','confusion accuracy');
#52 = PRODUCT_RELATED_PRODUCT_CATEGORY('part',$,(#7));
#53 = SHAPE_DEFINITION_REPRESENTATION(#54,#60);
#54 = PRODUCT_DEFINITION_SHAPE('','',#55);
#55 = PRODUCT_DEFINITION('design','',#56,#59);
#56 = PRODUCT_DEFINITION_FORMATION('','',#57);
#57 = PRODUCT('R_Axial_DIN0207_L6.3mm_D2.5mm_P7.62mm_Horizontal',
  'R_Axial_DIN0207_L6.3mm_D2.5mm_P7.62mm_Horizontal','',(#58));
#58 = PRODUCT_CONTEXT('',#2,'mechanical');
#59 = PRODUCT_DEFINITION_CONTEXT('part definition',#2,'design');
#60 = ADVANCED_BREP_SHAPE_REPRESENTATION('',(#11,#61),#724);
#61 = MANIFOLD_SOLID_BREP('',#62);
#62 = CLOSED_SHELL('',(#63,#96,#122,#142,#325,#350,#376,#396,#421,#446,
    #455,#481,#664,#690,#715));
#63 = ADVANCED_FACE('',(#64),#91,.T.);
#64 = FACE_BOUND('',#65,.T.);
#65 = EDGE_LOOP('',(#66,#75,#83,#90));
#66 = ORIENTED_EDGE('',*,*,#67,.T.);
#67 = EDGE_CURVE('',#68,#68,#70,.T.);
#68 = VERTEX_POINT('',#69);
#69 = CARTESIAN_POINT('',(1.285,1.25,1.25));
#70 = CIRCLE('',#71,1.25);
#71 = AXIS2_PLACEMENT_3D('',#72,#73,#74);
#72 = CARTESIAN_POINT('',(1.285,0.,1.25));
#73 = DIRECTION('',(1.,0.,0.));
#74 = DIRECTION('',(-0.,1.,0.));
#75 = ORIENTED_EDGE('',*,*,#76,.T.);
#76 = EDGE_CURVE('',#68,#77,#79,.T.);
#77 = VERTEX_POINT('',#78);
#78 = CARTESIAN_POINT('',(2.235,1.25,1.25));
#79 = LINE('',#80,#81);
#80 = CARTESIAN_POINT('',(0.66,1.25,1.25));
#81 = VECTOR('',#82,1.);
#82 = DIRECTION('',(1.,0.,0.));
#83 = ORIENTED_EDGE('',*,*,#84,.F.);
#84 = EDGE_CURVE('',#77,#77,#85,.T.);
#85 = CIRCLE('',#86,1.25);
#86 = AXIS2_PLACEMENT_3D('',#87,#88,#89);
#87 = CARTESIAN_POINT('',(2.235,0.,1.25));
#88 = DIRECTION('',(1.,0.,0.));
#89 = DIRECTION('',(-0.,1.,0.));
#90 = ORIENTED_EDGE('',*,*,#76,.F.);
#91 = CYLINDRICAL_SURFACE('',#92,1.25);
#92 = AXIS2_PLACEMENT_3D('',#93,#94,#95);
#93 = CARTESIAN_POINT('',(0.66,0.,1.25));
#94 = DIRECTION('',(-1.,-0.,-0.));
#95 = DIRECTION('',(0.,1.,0.));
#96 = ADVANCED_FACE('',(#97),#117,.T.);
#97 = FACE_BOUND('',#98,.T.);
#98 = EDGE_LOOP('',(#99,#108,#115,#116));
#99 = ORIENTED_EDGE('',*,*,#100,.T.);
#100 = EDGE_CURVE('',#101,#101,#103,.T.);
#101 = VERTEX_POINT('',#102);
#102 = CARTESIAN_POINT('',(0.66,0.625,1.25));
#103 = CIRCLE('',#104,0.625);
#104 = AXIS2_PLACEMENT_3D('',#105,#106,#107);
#105 = CARTESIAN_POINT('',(0.66,0.,1.25));
#106 = DIRECTION('',(1.,0.,0.));
#107 = DIRECTION('',(-0.,1.,0.));
#108 = ORIENTED_EDGE('',*,*,#109,.F.);
#109 = EDGE_CURVE('',#68,#101,#110,.T.);
#110 = CIRCLE('',#111,0.625);
#111 = AXIS2_PLACEMENT_3D('',#112,#113,#114);
#112 = CARTESIAN_POINT('',(1.285,0.625,1.25));
#113 = DIRECTION('',(0.,-0.,1.));
#114 = DIRECTION('',(0.,1.,0.));
#115 = ORIENTED_EDGE('',*,*,#67,.F.);
#116 = ORIENTED_EDGE('',*,*,#109,.T.);
#117 = TOROIDAL_SURFACE('',#118,0.625,0.625);
#118 = AXIS2_PLACEMENT_3D('',#119,#120,#121);
#119 = CARTESIAN_POINT('',(1.285,0.,1.25));
#120 = DIRECTION('',(-1.,0.,0.));
#121 = DIRECTION('',(0.,1.,0.));
#122 = ADVANCED_FACE('',(#123,#126),#137,.F.);
#123 = FACE_BOUND('',#124,.F.);
#124 = EDGE_LOOP('',(#125));
#125 = ORIENTED_EDGE('',*,*,#84,.F.);
#126 = FACE_BOUND('',#127,.F.);
#127 = EDGE_LOOP('',(#128));
#128 = ORIENTED_EDGE('',*,*,#129,.F.);
#129 = EDGE_CURVE('',#130,#130,#132,.T.);
#130 = VERTEX_POINT('',#131);
#131 = CARTESIAN_POINT('',(2.235,1.125,1.25));
#132 = CIRCLE('',#133,1.125);
#133 = AXIS2_PLACEMENT_3D('',#134,#135,#136);
#134 = CARTESIAN_POINT('',(2.235,0.,1.25));
#135 = DIRECTION('',(-1.,0.,0.));
#136 = DIRECTION('',(0.,1.,0.));
#137 = PLANE('',#138);
#138 = AXIS2_PLACEMENT_3D('',#139,#140,#141);
#139 = CARTESIAN_POINT('',(2.235,1.25,1.25));
#140 = DIRECTION('',(-1.,0.,0.));
#141 = DIRECTION('',(0.,0.,-1.));
#142 = ADVANCED_FACE('',(#143,#146),#320,.T.);
#143 = FACE_BOUND('',#144,.T.);
#144 = EDGE_LOOP('',(#145));
#145 = ORIENTED_EDGE('',*,*,#100,.F.);
#146 = FACE_BOUND('',#147,.T.);
#147 = EDGE_LOOP('',(#148));
#148 = ORIENTED_EDGE('',*,*,#149,.F.);
#149 = EDGE_CURVE('',#150,#150,#152,.T.);
#150 = VERTEX_POINT('',#151);
#151 = CARTESIAN_POINT('',(0.66,1.102182119233E-16,0.899909083395));
#152 = B_SPLINE_CURVE_WITH_KNOTS('',6,(#153,#154,#155,#156,#157,#158,
    #159,#160,#161,#162,#163,#164,#165,#166,#167,#168,#169,#170,#171,
    #172,#173,#174,#175,#176,#177,#178,#179,#180,#181,#182,#183,#184,
    #185,#186,#187,#188,#189,#190,#191,#192,#193,#194,#195,#196,#197,
    #198,#199,#200,#201,#202,#203,#204,#205,#206,#207,#208,#209,#210,
    #211,#212,#213,#214,#215,#216,#217,#218,#219,#220,#221,#222,#223,
    #224,#225,#226,#227,#228,#229,#230,#231,#232,#233,#234,#235,#236,
    #237,#238,#239,#240,#241,#242,#243,#244,#245,#246,#247,#248,#249,
    #250,#251,#252,#253,#254,#255,#256,#257,#258,#259,#260,#261,#262,
    #263,#264,#265,#266,#267,#268,#269,#270,#271,#272,#273,#274,#275,
    #276,#277,#278,#279,#280,#281,#282,#283,#284,#285,#286,#287,#288,
    #289,#290,#291,#292,#293,#294,#295,#296,#297,#298,#299,#300,#301,
    #302,#303,#304,#305,#306,#307,#308,#309,#310,#311,#312,#313,#314,
    #315,#316,#317,#318,#319),.UNSPECIFIED.,.T.,.F.,(1,6,5,5,5,5,5,5,5,5
    ,5,5,5,5,5,5,5,5,5,5,5,5,5,5,5,5,5,5,5,5,5,5,5,5,6,1),(
    -3.7441643477E-02,0.,2.521870323933E-02,5.431496394384E-02,
    8.648919549843E-02,0.120700162351,0.155854554579,0.191019956077,
    0.22552099352,0.258944151729,0.291091798271,0.321919308947,
    0.351475044446,0.379851974729,0.407153625953,0.43347490921,
    0.458900868731,0.483545347382,0.505902822615,0.530283950565,
    0.555351989471,0.581274789002,0.608140584187,0.636038742308,
    0.665070462617,0.695336577837,0.72690990423,0.759792997252,
    0.79386262098,0.828806470397,0.864066503475,0.898816439436,
    0.932013287381,0.962558356523,1.,1.025218703239),.UNSPECIFIED.);
#153 = CARTESIAN_POINT('',(0.66,0.,0.899909083395));
#154 = CARTESIAN_POINT('',(0.66,-9.861963323296E-03,0.899909084471));
#155 = CARTESIAN_POINT('',(0.66,-1.960383099012E-02,0.900333558971));
#156 = CARTESIAN_POINT('',(0.66,-2.90667633729E-02,0.901163095205));
#157 = CARTESIAN_POINT('',(0.66,-3.818473840012E-02,0.902336888075));
#158 = CARTESIAN_POINT('',(0.66,-4.697555886318E-02,0.903805406252));
#159 = CARTESIAN_POINT('',(0.66,-6.541217845247E-02,0.907588617289));
#160 = CARTESIAN_POINT('',(0.66,-7.491989955217E-02,0.909985996381));
#161 = CARTESIAN_POINT('',(0.66,-8.408858685729E-02,0.912709602459));
#162 = CARTESIAN_POINT('',(0.66,-9.29431150905E-02,0.915726339128));
#163 = CARTESIAN_POINT('',(0.66,-0.101504886237,0.919011492948));
#164 = CARTESIAN_POINT('',(0.66,-0.118958160976,0.926453793498));
#165 = CARTESIAN_POINT('',(0.66,-0.127787740677,0.930666021227));
#166 = CARTESIAN_POINT('',(0.66,-0.136306213845,0.935155972835));
#167 = CARTESIAN_POINT('',(0.66,-0.144532125259,0.939904061777));
#168 = CARTESIAN_POINT('',(0.66,-0.152479834979,0.944895594586));
#169 = CARTESIAN_POINT('',(0.66,-0.168328675181,0.955672717204));
#170 = CARTESIAN_POINT('',(0.66,-0.176194628708,0.961488338811));
#171 = CARTESIAN_POINT('',(0.66,-0.183772627725,0.967551590964));
#172 = CARTESIAN_POINT('',(0.66,-0.191071921446,0.973851630909));
#173 = CARTESIAN_POINT('',(0.66,-0.19809849539,0.980379998969));
#174 = CARTESIAN_POINT('',(0.66,-0.211800252103,0.99406561399));
#175 = CARTESIAN_POINT('',(0.66,-0.218460183619,1.001235038361));
#176 = CARTESIAN_POINT('',(0.66,-0.224839916669,1.008630424477));
#177 = CARTESIAN_POINT('',(0.66,-0.230940302033,1.016245317007));
#178 = CARTESIAN_POINT('',(0.66,-0.236759778797,1.024074009311));
#179 = CARTESIAN_POINT('',(0.66,-0.247832030244,1.040150827903));
#180 = CARTESIAN_POINT('',(0.66,-0.253084597548,1.048398894868));
#181 = CARTESIAN_POINT('',(0.66,-0.258049056373,1.056850063306));
#182 = CARTESIAN_POINT('',(0.66,-0.262719990238,1.065498702059));
#183 = CARTESIAN_POINT('',(0.66,-0.267090249501,1.07433884651));
#184 = CARTESIAN_POINT('',(0.66,-0.275134936213,1.092219038761));
#185 = CARTESIAN_POINT('',(0.66,-0.278821023102,1.101251941956));
#186 = CARTESIAN_POINT('',(0.66,-0.282200792082,1.110456832947));
#187 = CARTESIAN_POINT('',(0.66,-0.285264705632,1.119826546568));
#188 = CARTESIAN_POINT('',(0.66,-0.288002108658,1.129352827713));
#189 = CARTESIAN_POINT('',(0.66,-0.29272539517,1.148397615962));
#190 = CARTESIAN_POINT('',(0.66,-0.29473218058,1.157906910826));
#191 = CARTESIAN_POINT('',(0.66,-0.296410836061,1.167545600214));
#192 = CARTESIAN_POINT('',(0.66,-0.297750151594,1.177303530334));
#193 = CARTESIAN_POINT('',(0.66,-0.298738455802,1.187169009313));
#194 = CARTESIAN_POINT('',(0.66,-0.299964918417,1.206708514181));
#195 = CARTESIAN_POINT('',(0.66,-0.300230384291,1.216375379318));
#196 = CARTESIAN_POINT('',(0.66,-0.300149186912,1.226117491764));
#197 = CARTESIAN_POINT('',(0.66,-0.299710710819,1.235921272022));
#198 = CARTESIAN_POINT('',(0.66,-0.298904551758,1.245771471938));
#199 = CARTESIAN_POINT('',(0.66,-0.296585103724,1.265125169703));
#200 = CARTESIAN_POINT('',(0.66,-0.295102339165,1.274626258325));
#201 = CARTESIAN_POINT('',(0.66,-0.293263240337,1.284139377081));
#202 = CARTESIAN_POINT('',(0.66,-0.291059628806,1.293647957516));
#203 = CARTESIAN_POINT('',(0.66,-0.288484130363,1.303133926208));
#204 = CARTESIAN_POINT('',(0.66,-0.282698083788,1.321631884472));
#205 = CARTESIAN_POINT('',(0.66,-0.279518227914,1.330647303479));
#206 = CARTESIAN_POINT('',(0.66,-0.275984860345,1.33960658093));
#207 = CARTESIAN_POINT('',(0.66,-0.272093455342,1.348491200819));
#208 = CARTESIAN_POINT('',(0.66,-0.267840708483,1.357281511993));
#209 = CARTESIAN_POINT('',(0.66,-0.258792476906,1.374285940745));
#210 = CARTESIAN_POINT('',(0.66,-0.254025481533,1.382509111114));
#211 = CARTESIAN_POINT('',(0.66,-0.248921768643,1.390607755283));
#212 = CARTESIAN_POINT('',(0.66,-0.243480982245,1.398562700734));
#213 = CARTESIAN_POINT('',(0.66,-0.237704192262,1.406354086406));
#214 = CARTESIAN_POINT('',(0.66,-0.22571513259,1.421280378602));
#215 = CARTESIAN_POINT('',(0.66,-0.219527706492,1.428429037341));
#216 = CARTESIAN_POINT('',(0.66,-0.213033892817,1.435388992124));
#217 = CARTESIAN_POINT('',(0.66,-0.206237433156,1.442141613477));
#218 = CARTESIAN_POINT('',(0.66,-0.199143534101,1.448667989237));
#219 = CARTESIAN_POINT('',(0.66,-0.184639374507,1.46100431938));
#220 = CARTESIAN_POINT('',(0.66,-0.177249666015,1.466831638372));
#221 = CARTESIAN_POINT('',(0.66,-0.169595736209,1.472413656662));
#222 = CARTESIAN_POINT('',(0.66,-0.161685054894,1.477733175901));
#223 = CARTESIAN_POINT('',(0.66,-0.153526567249,1.482773024258));
#224 = CARTESIAN_POINT('',(0.66,-0.137020407721,1.492097753386));
#225 = CARTESIAN_POINT('',(0.66,-0.128688747003,1.496402530856));
#226 = CARTESIAN_POINT('',(0.66,-0.12014499879,1.500414878928));
#227 = CARTESIAN_POINT('',(0.66,-0.111400259626,1.504119593216));
#228 = CARTESIAN_POINT('',(0.66,-0.102467435485,1.507501774849));
#229 = CARTESIAN_POINT('',(0.66,-8.453493192811E-02,1.513498294635));
#230 = CARTESIAN_POINT('',(0.66,-7.554639694304E-02,1.516132890753));
#231 = CARTESIAN_POINT('',(0.66,-6.64085144705E-02,1.518437847791));
#232 = CARTESIAN_POINT('',(0.66,-5.713783351899E-02,1.520400106432));
#233 = CARTESIAN_POINT('',(0.66,-4.775488525608E-02,1.522007764907));
#234 = CARTESIAN_POINT('',(0.66,-2.969295309097E-02,1.524379864025));
#235 = CARTESIAN_POINT('',(0.66,-2.102888075484E-02,1.525208782901));
#236 = CARTESIAN_POINT('',(0.66,-1.231401679426E-02,1.525730893697));
#237 = CARTESIAN_POINT('',(0.66,-3.572675622322E-03,1.525941364018));
#238 = CARTESIAN_POINT('',(0.66,5.168222805428E-03,1.525838983228));
#239 = CARTESIAN_POINT('',(0.66,2.337847467049E-02,1.524978205181));
#240 = CARTESIAN_POINT('',(0.66,3.284375814827E-02,1.524161190409));
#241 = CARTESIAN_POINT('',(0.66,4.224166817951E-02,1.522980309203));
#242 = CARTESIAN_POINT('',(0.66,5.154498116248E-02,1.52144453626));
#243 = CARTESIAN_POINT('',(0.66,6.073223707979E-02,1.519565307122));
#244 = CARTESIAN_POINT('',(0.66,7.909772773064E-02,1.515080653378));
#245 = CARTESIAN_POINT('',(0.66,8.826753248322E-02,1.512456350085));
#246 = CARTESIAN_POINT('',(0.66,9.727917108862E-02,1.509494369221));
#247 = CARTESIAN_POINT('',(0.66,0.106117308319,1.506208374239));
#248 = CARTESIAN_POINT('',(0.66,0.114768939441,1.502612541932));
#249 = CARTESIAN_POINT('',(0.66,0.131966117695,1.494697909774));
#250 = CARTESIAN_POINT('',(0.66,0.140497702999,1.490358571609));
#251 = CARTESIAN_POINT('',(0.66,0.148806061897,1.485719660214));
#252 = CARTESIAN_POINT('',(0.66,0.156880650792,1.480797427009));
#253 = CARTESIAN_POINT('',(0.66,0.164712466725,1.47560826256));
#254 = CARTESIAN_POINT('',(0.66,0.180151423764,1.464531255078));
#255 = CARTESIAN_POINT('',(0.66,0.187739958872,1.458624810593));
#256 = CARTESIAN_POINT('',(0.66,0.195051326582,1.452467732556));
#257 = CARTESIAN_POINT('',(0.66,0.202078661493,1.446078253645));
#258 = CARTESIAN_POINT('',(0.66,0.208816558921,1.439474469779));
#259 = CARTESIAN_POINT('',(0.66,0.221953232148,1.425612904145));
#260 = CARTESIAN_POINT('',(0.66,0.228328983313,1.41833967682));
#261 = CARTESIAN_POINT('',(0.66,0.234383958936,1.410874731309));
#262 = CARTESIAN_POINT('',(0.66,0.240115246881,1.403237638329));
#263 = CARTESIAN_POINT('',(0.66,0.245521392347,1.395447466144));
#264 = CARTESIAN_POINT('',(0.66,0.255889855564,1.379276097975));
#265 = CARTESIAN_POINT('',(0.66,0.260825146013,1.370883681886));
#266 = CARTESIAN_POINT('',(0.66,0.265408341569,1.362366377835));
#267 = CARTESIAN_POINT('',(0.66,0.269640849736,1.353744088225));
#268 = CARTESIAN_POINT('',(0.66,0.273525413156,1.345035772328));
#269 = CARTESIAN_POINT('',(0.66,0.280757352367,1.327109961101));
#270 = CARTESIAN_POINT('',(0.66,0.284074759274,1.317886517643));
#271 = CARTESIAN_POINT('',(0.66,0.287023012024,1.308609403309));
#272 = CARTESIAN_POINT('',(0.66,0.289607802772,1.299297542852));
#273 = CARTESIAN_POINT('',(0.66,0.291835834134,1.289968498384));
#274 = CARTESIAN_POINT('',(0.66,0.295674958709,1.270905470981));
#275 = CARTESIAN_POINT('',(0.66,0.297255116553,1.261171411794));
#276 = CARTESIAN_POINT('',(0.66,0.298464074992,1.251454521799));
#277 = CARTESIAN_POINT('',(0.66,0.299311100714,1.241771401083));
#278 = CARTESIAN_POINT('',(0.66,0.299805944827,1.232137019844));
#279 = CARTESIAN_POINT('',(0.66,0.30011808361,1.212595326012));
#280 = CARTESIAN_POINT('',(0.66,0.299906283631,1.202693348802));
#281 = CARTESIAN_POINT('',(0.66,0.299334987113,1.192873693594));
#282 = CARTESIAN_POINT('',(0.66,0.298415571185,1.183149633751));
#283 = CARTESIAN_POINT('',(0.66,0.297159245916,1.173532809156));
#284 = CARTESIAN_POINT('',(0.66,0.293937772017,1.154190866917));
#285 = CARTESIAN_POINT('',(0.66,0.291948568133,1.144474505513));
#286 = CARTESIAN_POINT('',(0.66,0.289621677512,1.134895129825));
#287 = CARTESIAN_POINT('',(0.66,0.286968496105,1.125462405282));
#288 = CARTESIAN_POINT('',(0.66,0.283999580964,1.116184674916));
#289 = CARTESIAN_POINT('',(0.66,0.277365684897,1.097719334783));
#290 = CARTESIAN_POINT('',(0.66,0.273684712853,1.08854034335));
#291 = CARTESIAN_POINT('',(0.66,0.269692176119,1.079539433524));
#292 = CARTESIAN_POINT('',(0.66,0.265397048483,1.07072335418));
#293 = CARTESIAN_POINT('',(0.66,0.260806835513,1.062098154612));
#294 = CARTESIAN_POINT('',(0.66,0.251004164416,1.045163946312));
#295 = CARTESIAN_POINT('',(0.66,0.245786379559,1.036858764173));
#296 = CARTESIAN_POINT('',(0.66,0.240280407048,1.028758964174));
#297 = CARTESIAN_POINT('',(0.66,0.234490342534,1.020870115558));
#298 = CARTESIAN_POINT('',(0.66,0.228418190257,1.013198030747));
#299 = CARTESIAN_POINT('',(0.66,0.215801462132,0.998407266407));
#300 = CARTESIAN_POINT('',(0.66,0.209265037039,0.991282398269));
#301 = CARTESIAN_POINT('',(0.66,0.202454011648,0.98438004474));
#302 = CARTESIAN_POINT('',(0.66,0.195365844133,0.977707070031));
#303 = CARTESIAN_POINT('',(0.66,0.187995125017,0.971271927442));
#304 = CARTESIAN_POINT('',(0.66,0.173012685338,0.959175110633));
#305 = CARTESIAN_POINT('',(0.66,0.165426730288,0.953491920673));
#306 = CARTESIAN_POINT('',(0.66,0.157566473117,0.948044968651));
#307 = CARTESIAN_POINT('',(0.66,0.149421191466,0.9428457983));
#308 = CARTESIAN_POINT('',(0.66,0.140976348171,0.937909629891));
#309 = CARTESIAN_POINT('',(0.66,0.124148062588,0.928975570166));
#310 = CARTESIAN_POINT('',(0.66,0.115814079383,0.924934455913));
#311 = CARTESIAN_POINT('',(0.66,0.107194119667,0.921149233675));
#312 = CARTESIAN_POINT('',(0.66,9.826941158436E-02,0.91763978502));
#313 = CARTESIAN_POINT('',(0.66,8.901687105598E-02,0.914432779149));
#314 = CARTESIAN_POINT('',(0.66,6.762842160337E-02,0.908048369916));
#315 = CARTESIAN_POINT('',(0.66,5.540310162877E-02,0.905067930004));
#316 = CARTESIAN_POINT('',(0.66,4.253150709481E-02,0.902628405907));
#317 = CARTESIAN_POINT('',(0.66,2.893757304003E-02,0.900850137762));
#318 = CARTESIAN_POINT('',(0.66,1.468319780375E-02,0.899909084997));
#319 = CARTESIAN_POINT('',(0.66,0.,0.899909083395));
#320 = PLANE('',#321);
#321 = AXIS2_PLACEMENT_3D('',#322,#323,#324);
#322 = CARTESIAN_POINT('',(0.66,1.25,1.25));
#323 = DIRECTION('',(-1.,0.,0.));
#324 = DIRECTION('',(0.,0.,-1.));
#325 = ADVANCED_FACE('',(#326),#345,.T.);
#326 = FACE_BOUND('',#327,.T.);
#327 = EDGE_LOOP('',(#328,#337,#343,#344));
#328 = ORIENTED_EDGE('',*,*,#329,.T.);
#329 = EDGE_CURVE('',#330,#330,#332,.T.);
#330 = VERTEX_POINT('',#331);
#331 = CARTESIAN_POINT('',(5.385,1.125,1.25));
#332 = CIRCLE('',#333,1.125);
#333 = AXIS2_PLACEMENT_3D('',#334,#335,#336);
#334 = CARTESIAN_POINT('',(5.385,0.,1.25));
#335 = DIRECTION('',(-1.,0.,0.));
#336 = DIRECTION('',(0.,1.,0.));
#337 = ORIENTED_EDGE('',*,*,#338,.F.);
#338 = EDGE_CURVE('',#130,#330,#339,.T.);
#339 = LINE('',#340,#341);
#340 = CARTESIAN_POINT('',(0.66,1.125,1.25));
#341 = VECTOR('',#342,1.);
#342 = DIRECTION('',(1.,0.,0.));
#343 = ORIENTED_EDGE('',*,*,#129,.F.);
#344 = ORIENTED_EDGE('',*,*,#338,.T.);
#345 = CYLINDRICAL_SURFACE('',#346,1.125);
#346 = AXIS2_PLACEMENT_3D('',#347,#348,#349);
#347 = CARTESIAN_POINT('',(0.66,0.,1.25));
#348 = DIRECTION('',(-1.,-0.,-0.));
#349 = DIRECTION('',(0.,1.,0.));
#350 = ADVANCED_FACE('',(#351),#371,.T.);
#351 = FACE_BOUND('',#352,.T.);
#352 = EDGE_LOOP('',(#353,#362,#369,#370));
#353 = ORIENTED_EDGE('',*,*,#354,.T.);
#354 = EDGE_CURVE('',#355,#355,#357,.T.);
#355 = VERTEX_POINT('',#356);
#356 = CARTESIAN_POINT('',(0.3,0.,0.35));
#357 = CIRCLE('',#358,0.3);
#358 = AXIS2_PLACEMENT_3D('',#359,#360,#361);
#359 = CARTESIAN_POINT('',(0.,0.,0.35));
#360 = DIRECTION('',(0.,0.,1.));
#361 = DIRECTION('',(1.,0.,-0.));
#362 = ORIENTED_EDGE('',*,*,#363,.T.);
#363 = EDGE_CURVE('',#355,#150,#364,.T.);
#364 = CIRCLE('',#365,0.6);
#365 = AXIS2_PLACEMENT_3D('',#366,#367,#368);
#366 = CARTESIAN_POINT('',(0.9,1.102182119233E-16,0.35));
#367 = DIRECTION('',(0.,1.,-0.));
#368 = DIRECTION('',(-1.,0.,4.93432455389E-16));
#369 = ORIENTED_EDGE('',*,*,#149,.T.);
#370 = ORIENTED_EDGE('',*,*,#363,.F.);
#371 = TOROIDAL_SURFACE('',#372,0.9,0.3);
#372 = AXIS2_PLACEMENT_3D('',#373,#374,#375);
#373 = CARTESIAN_POINT('',(0.9,0.,0.35));
#374 = DIRECTION('',(0.,1.,0.));
#375 = DIRECTION('',(-1.,0.,4.93432455389E-16));
#376 = ADVANCED_FACE('',(#377,#388),#391,.T.);
#377 = FACE_BOUND('',#378,.T.);
#378 = EDGE_LOOP('',(#379));
#379 = ORIENTED_EDGE('',*,*,#380,.F.);
#380 = EDGE_CURVE('',#381,#381,#383,.T.);
#381 = VERTEX_POINT('',#382);
#382 = CARTESIAN_POINT('',(5.385,1.25,1.25));
#383 = CIRCLE('',#384,1.25);
#384 = AXIS2_PLACEMENT_3D('',#385,#386,#387);
#385 = CARTESIAN_POINT('',(5.385,0.,1.25));
#386 = DIRECTION('',(1.,0.,0.));
#387 = DIRECTION('',(-0.,1.,0.));
#388 = FACE_BOUND('',#389,.T.);
#389 = EDGE_LOOP('',(#390));
#390 = ORIENTED_EDGE('',*,*,#329,.F.);
#391 = PLANE('',#392);
#392 = AXIS2_PLACEMENT_3D('',#393,#394,#395);
#393 = CARTESIAN_POINT('',(5.385,1.25,1.25));
#394 = DIRECTION('',(-1.,0.,0.));
#395 = DIRECTION('',(0.,0.,-1.));
#396 = ADVANCED_FACE('',(#397),#416,.T.);
#397 = FACE_BOUND('',#398,.T.);
#398 = EDGE_LOOP('',(#399,#407,#408,#409));
#399 = ORIENTED_EDGE('',*,*,#400,.T.);
#400 = EDGE_CURVE('',#401,#355,#403,.T.);
#401 = VERTEX_POINT('',#402);
#402 = CARTESIAN_POINT('',(0.3,-7.347880794884E-17,-3.));
#403 = LINE('',#404,#405);
#404 = CARTESIAN_POINT('',(0.3,0.,-3.));
#405 = VECTOR('',#406,1.);
#406 = DIRECTION('',(0.,0.,1.));
#407 = ORIENTED_EDGE('',*,*,#354,.F.);
#408 = ORIENTED_EDGE('',*,*,#400,.F.);
#409 = ORIENTED_EDGE('',*,*,#410,.T.);
#410 = EDGE_CURVE('',#401,#401,#411,.T.);
#411 = CIRCLE('',#412,0.3);
#412 = AXIS2_PLACEMENT_3D('',#413,#414,#415);
#413 = CARTESIAN_POINT('',(0.,0.,-3.));
#414 = DIRECTION('',(0.,0.,1.));
#415 = DIRECTION('',(1.,0.,-0.));
#416 = CYLINDRICAL_SURFACE('',#417,0.3);
#417 = AXIS2_PLACEMENT_3D('',#418,#419,#420);
#418 = CARTESIAN_POINT('',(0.,0.,-3.));
#419 = DIRECTION('',(0.,0.,1.));
#420 = DIRECTION('',(1.,0.,-0.));
#421 = ADVANCED_FACE('',(#422),#441,.T.);
#422 = FACE_BOUND('',#423,.T.);
#423 = EDGE_LOOP('',(#424,#425,#433,#440));
#424 = ORIENTED_EDGE('',*,*,#380,.T.);
#425 = ORIENTED_EDGE('',*,*,#426,.T.);
#426 = EDGE_CURVE('',#381,#427,#429,.T.);
#427 = VERTEX_POINT('',#428);
#428 = CARTESIAN_POINT('',(6.335,1.25,1.25));
#429 = LINE('',#430,#431);
#430 = CARTESIAN_POINT('',(5.385,1.25,1.25));
#431 = VECTOR('',#432,1.);
#432 = DIRECTION('',(1.,0.,0.));
#433 = ORIENTED_EDGE('',*,*,#434,.F.);
#434 = EDGE_CURVE('',#427,#427,#435,.T.);
#435 = CIRCLE('',#436,1.25);
#436 = AXIS2_PLACEMENT_3D('',#437,#438,#439);
#437 = CARTESIAN_POINT('',(6.335,0.,1.25));
#438 = DIRECTION('',(1.,0.,0.));
#439 = DIRECTION('',(-0.,1.,0.));
#440 = ORIENTED_EDGE('',*,*,#426,.F.);
#441 = CYLINDRICAL_SURFACE('',#442,1.25);
#442 = AXIS2_PLACEMENT_3D('',#443,#444,#445);
#443 = CARTESIAN_POINT('',(5.385,0.,1.25));
#444 = DIRECTION('',(-1.,-0.,-0.));
#445 = DIRECTION('',(0.,1.,0.));
#446 = ADVANCED_FACE('',(#447),#450,.T.);
#447 = FACE_BOUND('',#448,.F.);
#448 = EDGE_LOOP('',(#449));
#449 = ORIENTED_EDGE('',*,*,#410,.T.);
#450 = PLANE('',#451);
#451 = AXIS2_PLACEMENT_3D('',#452,#453,#454);
#452 = CARTESIAN_POINT('',(0.3,0.,-3.));
#453 = DIRECTION('',(0.,0.,-1.));
#454 = DIRECTION('',(-1.,0.,0.));
#455 = ADVANCED_FACE('',(#456),#476,.T.);
#456 = FACE_BOUND('',#457,.T.);
#457 = EDGE_LOOP('',(#458,#467,#468,#469));
#458 = ORIENTED_EDGE('',*,*,#459,.F.);
#459 = EDGE_CURVE('',#427,#460,#462,.T.);
#460 = VERTEX_POINT('',#461);
#461 = CARTESIAN_POINT('',(6.96,0.625,1.25));
#462 = CIRCLE('',#463,0.625);
#463 = AXIS2_PLACEMENT_3D('',#464,#465,#466);
#464 = CARTESIAN_POINT('',(6.335,0.625,1.25));
#465 = DIRECTION('',(0.,0.,-1.));
#466 = DIRECTION('',(0.,1.,0.));
#467 = ORIENTED_EDGE('',*,*,#434,.T.);
#468 = ORIENTED_EDGE('',*,*,#459,.T.);
#469 = ORIENTED_EDGE('',*,*,#470,.F.);
#470 = EDGE_CURVE('',#460,#460,#471,.T.);
#471 = CIRCLE('',#472,0.625);
#472 = AXIS2_PLACEMENT_3D('',#473,#474,#475);
#473 = CARTESIAN_POINT('',(6.96,0.,1.25));
#474 = DIRECTION('',(1.,0.,0.));
#475 = DIRECTION('',(-0.,1.,0.));
#476 = TOROIDAL_SURFACE('',#477,0.625,0.625);
#477 = AXIS2_PLACEMENT_3D('',#478,#479,#480);
#478 = CARTESIAN_POINT('',(6.335,0.,1.25));
#479 = DIRECTION('',(1.,0.,0.));
#480 = DIRECTION('',(-0.,1.,0.));
#481 = ADVANCED_FACE('',(#482,#485),#659,.F.);
#482 = FACE_BOUND('',#483,.F.);
#483 = EDGE_LOOP('',(#484));
#484 = ORIENTED_EDGE('',*,*,#470,.F.);
#485 = FACE_BOUND('',#486,.F.);
#486 = EDGE_LOOP('',(#487));
#487 = ORIENTED_EDGE('',*,*,#488,.F.);
#488 = EDGE_CURVE('',#489,#489,#491,.T.);
#489 = VERTEX_POINT('',#490);
#490 = CARTESIAN_POINT('',(6.96,1.102182119233E-16,0.899909083395));
#491 = B_SPLINE_CURVE_WITH_KNOTS('',6,(#492,#493,#494,#495,#496,#497,
    #498,#499,#500,#501,#502,#503,#504,#505,#506,#507,#508,#509,#510,
    #511,#512,#513,#514,#515,#516,#517,#518,#519,#520,#521,#522,#523,
    #524,#525,#526,#527,#528,#529,#530,#531,#532,#533,#534,#535,#536,
    #537,#538,#539,#540,#541,#542,#543,#544,#545,#546,#547,#548,#549,
    #550,#551,#552,#553,#554,#555,#556,#557,#558,#559,#560,#561,#562,
    #563,#564,#565,#566,#567,#568,#569,#570,#571,#572,#573,#574,#575,
    #576,#577,#578,#579,#580,#581,#582,#583,#584,#585,#586,#587,#588,
    #589,#590,#591,#592,#593,#594,#595,#596,#597,#598,#599,#600,#601,
    #602,#603,#604,#605,#606,#607,#608,#609,#610,#611,#612,#613,#614,
    #615,#616,#617,#618,#619,#620,#621,#622,#623,#624,#625,#626,#627,
    #628,#629,#630,#631,#632,#633,#634,#635,#636,#637,#638,#639,#640,
    #641,#642,#643,#644,#645,#646,#647,#648,#649,#650,#651,#652,#653,
    #654,#655,#656,#657,#658),.UNSPECIFIED.,.T.,.F.,(1,6,5,5,5,5,5,5,5,5
    ,5,5,5,5,5,5,5,5,5,5,5,5,5,5,5,5,5,5,5,5,5,5,5,5,6,1),(
    -3.7454922963E-02,0.,2.522151735631E-02,5.431626764274E-02,
    8.648932873413E-02,0.120698905604,0.15585219498,0.191016701755,
    0.225517033144,0.258939642143,0.291086884381,0.32191412294,
    0.351469698498,0.379846555914,0.407148198058,0.433469525493,
    0.458895614127,0.483540398702,0.505898369155,0.530279933853,
    0.555348100008,0.581270886766,0.608136607836,0.636034631737,
    0.665066137875,0.695331933304,0.726904811218,0.759787311372,
    0.793856187529,0.828799116201,0.864057997078,0.898806507422,
    0.932001552493,0.962545077037,1.,1.025221517356),.UNSPECIFIED.);
#492 = CARTESIAN_POINT('',(6.96,0.,0.899909083395));
#493 = CARTESIAN_POINT('',(6.96,-9.860167462582E-03,0.89990896861));
#494 = CARTESIAN_POINT('',(6.96,-1.96044152314E-02,0.900333777569));
#495 = CARTESIAN_POINT('',(6.96,-2.906856746895E-02,0.901162791225));
#496 = CARTESIAN_POINT('',(6.96,-3.818494668051E-02,0.902337445313));
#497 = CARTESIAN_POINT('',(6.96,-4.697397432956E-02,0.903804960014));
#498 = CARTESIAN_POINT('',(6.96,-6.54122858756E-02,0.907588661461));
#499 = CARTESIAN_POINT('',(6.96,-7.491985816654E-02,0.909985989386));
#500 = CARTESIAN_POINT('',(6.96,-8.408849098391E-02,0.912709553602));
#501 = CARTESIAN_POINT('',(6.96,-9.294310465939E-02,0.915726321464));
#502 = CARTESIAN_POINT('',(6.96,-0.10150496885,0.919011549987));
#503 = CARTESIAN_POINT('',(6.96,-0.118958221281,0.926453836747));
#504 = CARTESIAN_POINT('',(6.96,-0.127787715696,0.930666010737));
#505 = CARTESIAN_POINT('',(6.96,-0.136306161655,0.935155928941));
#506 = CARTESIAN_POINT('',(6.96,-0.144532121634,0.939904049757));
#507 = CARTESIAN_POINT('',(6.96,-0.152479877126,0.944895641374));
#508 = CARTESIAN_POINT('',(6.96,-0.168328600516,0.955672815412));
#509 = CARTESIAN_POINT('',(6.96,-0.176194773963,0.961488214941));
#510 = CARTESIAN_POINT('',(6.96,-0.183772608747,0.967551566344));
#511 = CARTESIAN_POINT('',(6.96,-0.191071765541,0.973851742068));
#512 = CARTESIAN_POINT('',(6.96,-0.198098606692,0.980379951052));
#513 = CARTESIAN_POINT('',(6.96,-0.211800202804,0.994065659178));
#514 = CARTESIAN_POINT('',(6.96,-0.218460270558,1.001234983766));
#515 = CARTESIAN_POINT('',(6.96,-0.224839910615,1.00863041136));
#516 = CARTESIAN_POINT('',(6.96,-0.230940211566,1.016245364777));
#517 = CARTESIAN_POINT('',(6.96,-0.236759839456,1.024073990789));
#518 = CARTESIAN_POINT('',(6.96,-0.247832003876,1.040150861324));
#519 = CARTESIAN_POINT('',(6.96,-0.253084568675,1.048398903269));
#520 = CARTESIAN_POINT('',(6.96,-0.258049049185,1.05685004652));
#521 = CARTESIAN_POINT('',(6.96,-0.2627200155,1.065498685566));
#522 = CARTESIAN_POINT('',(6.96,-0.267090290802,1.074338848812));
#523 = CARTESIAN_POINT('',(6.96,-0.275134913375,1.092219064394));
#524 = CARTESIAN_POINT('',(6.96,-0.278821000575,1.10125194666));
#525 = CARTESIAN_POINT('',(6.96,-0.282200788118,1.110456818481));
#526 = CARTESIAN_POINT('',(6.96,-0.285264726102,1.119826534893));
#527 = CARTESIAN_POINT('',(6.96,-0.288002139566,1.129352832871));
#528 = CARTESIAN_POINT('',(6.96,-0.292725370416,1.148397637921));
#529 = CARTESIAN_POINT('',(6.96,-0.29473215882,1.157906911838));
#530 = CARTESIAN_POINT('',(6.96,-0.296410834199,1.16754558505));
#531 = CARTESIAN_POINT('',(6.96,-0.297750172302,1.177303521997));
#532 = CARTESIAN_POINT('',(6.96,-0.298738484134,1.187169019587));
#533 = CARTESIAN_POINT('',(6.96,-0.29996489055,1.20670853133));
#534 = CARTESIAN_POINT('',(6.96,-0.300230362775,1.216375375657));
#535 = CARTESIAN_POINT('',(6.96,-0.300149187552,1.22611747583));
#536 = CARTESIAN_POINT('',(6.96,-0.299710732489,1.235921267953));
#537 = CARTESIAN_POINT('',(6.96,-0.298904577874,1.245771488577));
#538 = CARTESIAN_POINT('',(6.96,-0.296585075031,1.265125180201));
#539 = CARTESIAN_POINT('',(6.96,-0.295102319855,1.27462625024));
#540 = CARTESIAN_POINT('',(6.96,-0.293263243612,1.284139361954));
#541 = CARTESIAN_POINT('',(6.96,-0.29105964956,1.293647958229));
#542 = CARTESIAN_POINT('',(6.96,-0.288484151749,1.303133947704));
#543 = CARTESIAN_POINT('',(6.96,-0.282698057797,1.321631888118));
#544 = CARTESIAN_POINT('',(6.96,-0.279518212828,1.330647292743));
#545 = CARTESIAN_POINT('',(6.96,-0.275984865526,1.339606568389));
#546 = CARTESIAN_POINT('',(6.96,-0.27209347283,1.348491205415));
#547 = CARTESIAN_POINT('',(6.96,-0.26784072321,1.357281534804));
#548 = CARTESIAN_POINT('',(6.96,-0.258792456003,1.374285939199));
#549 = CARTESIAN_POINT('',(6.96,-0.254025471274,1.382509099941));
#550 = CARTESIAN_POINT('',(6.96,-0.248921774536,1.390607746147));
#551 = CARTESIAN_POINT('',(6.96,-0.24348099529,1.398562707415));
#552 = CARTESIAN_POINT('',(6.96,-0.237704200488,1.406354107177));
#553 = CARTESIAN_POINT('',(6.96,-0.225715116467,1.421280374005));
#554 = CARTESIAN_POINT('',(6.96,-0.219527700064,1.428429026844));
#555 = CARTESIAN_POINT('',(6.96,-0.213033898729,1.435388985848));
#556 = CARTESIAN_POINT('',(6.96,-0.206237442407,1.442141620875));
#557 = CARTESIAN_POINT('',(6.96,-0.199143537578,1.448668007007));
#558 = CARTESIAN_POINT('',(6.96,-0.184639358866,1.461004311837));
#559 = CARTESIAN_POINT('',(6.96,-0.177249661366,1.46683162664));
#560 = CARTESIAN_POINT('',(6.96,-0.169595743404,1.472413651413));
#561 = CARTESIAN_POINT('',(6.96,-0.161685063001,1.477733185029));
#562 = CARTESIAN_POINT('',(6.96,-0.153526567552,1.482773042789));
#563 = CARTESIAN_POINT('',(6.96,-0.137020377957,1.492097733275));
#564 = CARTESIAN_POINT('',(6.96,-0.128688741655,1.496402506097));
#565 = CARTESIAN_POINT('',(6.96,-0.120145015698,1.500414870926));
#566 = CARTESIAN_POINT('',(6.96,-0.111400273136,1.504119613979));
#567 = CARTESIAN_POINT('',(6.96,-0.102467429294,1.507501811642));
#568 = CARTESIAN_POINT('',(6.96,-8.453487359643E-02,1.513498183633));
#569 = CARTESIAN_POINT('',(6.96,-7.554644720911E-02,1.51613308184));
#570 = CARTESIAN_POINT('',(6.96,-6.640854708582E-02,1.518437839156));
#571 = CARTESIAN_POINT('',(6.96,-5.713780068804E-02,1.520399910874));
#572 = CARTESIAN_POINT('',(6.96,-4.775487845774E-02,1.522007893513));
#573 = CARTESIAN_POINT('',(6.96,-2.969292548283E-02,1.52437977876));
#574 = CARTESIAN_POINT('',(6.96,-2.102889094976E-02,1.525208924822));
#575 = CARTESIAN_POINT('',(6.96,-1.231404153143E-02,1.525730890851));
#576 = CARTESIAN_POINT('',(6.96,-3.572679276074E-03,1.525941220805));
#577 = CARTESIAN_POINT('',(6.96,5.168243033088E-03,1.52583907475));
#578 = CARTESIAN_POINT('',(6.96,2.337844678287E-02,1.524978413229));
#579 = CARTESIAN_POINT('',(6.96,3.284373024997E-02,1.524160868463));
#580 = CARTESIAN_POINT('',(6.96,4.224172239025E-02,1.522980299422));
#581 = CARTESIAN_POINT('',(6.96,5.154503802108E-02,1.521444853212));
#582 = CARTESIAN_POINT('',(6.96,6.073215666605E-02,1.519565119195));
#583 = CARTESIAN_POINT('',(6.96,7.909771199475E-02,1.515080715405));
#584 = CARTESIAN_POINT('',(6.96,8.82675531125E-02,1.512456387335));
#585 = CARTESIAN_POINT('',(6.96,9.727920151967E-02,1.509494357792));
#586 = CARTESIAN_POINT('',(6.96,0.106117302403,1.506208331254));
#587 = CARTESIAN_POINT('',(6.96,0.114768890523,1.502612503667));
#588 = CARTESIAN_POINT('',(6.96,0.1319661163,1.494697932395));
#589 = CARTESIAN_POINT('',(6.96,0.140497712216,1.490358583428));
#590 = CARTESIAN_POINT('',(6.96,0.148806071355,1.485719654426));
#591 = CARTESIAN_POINT('',(6.96,0.156880646133,1.480797412311));
#592 = CARTESIAN_POINT('',(6.96,0.164712447986,1.475608252032));
#593 = CARTESIAN_POINT('',(6.96,0.180151425777,1.46453127229));
#594 = CARTESIAN_POINT('',(6.96,0.187739967164,1.45862481836));
#595 = CARTESIAN_POINT('',(6.96,0.195051332691,1.452467727028));
#596 = CARTESIAN_POINT('',(6.96,0.20207865613,1.446078243141));
#597 = CARTESIAN_POINT('',(6.96,0.208816543867,1.439474464151));
#598 = CARTESIAN_POINT('',(6.96,0.221953238059,1.425612923524));
#599 = CARTESIAN_POINT('',(6.96,0.228328994524,1.418339683896));
#600 = CARTESIAN_POINT('',(6.96,0.234383964852,1.410874723556));
#601 = CARTESIAN_POINT('',(6.96,0.240115238483,1.403237627432));
#602 = CARTESIAN_POINT('',(6.96,0.245521373748,1.395447463058));
#603 = CARTESIAN_POINT('',(6.96,0.25588986733,1.379276120213));
#604 = CARTESIAN_POINT('',(6.96,0.260825161615,1.370883687614));
#605 = CARTESIAN_POINT('',(6.96,0.265408347201,1.362366366749));
#606 = CARTESIAN_POINT('',(6.96,0.269640836772,1.353744077057));
#607 = CARTESIAN_POINT('',(6.96,0.273525389215,1.345035773446));
#608 = CARTESIAN_POINT('',(6.96,0.280757370989,1.327109983642));
#609 = CARTESIAN_POINT('',(6.96,0.284074778857,1.317886520225));
#610 = CARTESIAN_POINT('',(6.96,0.28702301626,1.308609389122));
#611 = CARTESIAN_POINT('',(6.96,0.289607785113,1.29929753334));
#612 = CARTESIAN_POINT('',(6.96,0.291835806202,1.289968505808));
#613 = CARTESIAN_POINT('',(6.96,0.295674983107,1.270905490066));
#614 = CARTESIAN_POINT('',(6.96,0.297255138129,1.261171409814));
#615 = CARTESIAN_POINT('',(6.96,0.298464076807,1.251454505978));
#616 = CARTESIAN_POINT('',(6.96,0.299311079865,1.241771395371));
#617 = CARTESIAN_POINT('',(6.96,0.299805916194,1.232137034265));
#618 = CARTESIAN_POINT('',(6.96,0.300118111197,1.212595339038));
#619 = CARTESIAN_POINT('',(6.96,0.299906304864,1.202693342182));
#620 = CARTESIAN_POINT('',(6.96,0.299334986276,1.192873677979));
#621 = CARTESIAN_POINT('',(6.96,0.298415549391,1.183149632812));
#622 = CARTESIAN_POINT('',(6.96,0.29715921972,1.173532829284));
#623 = CARTESIAN_POINT('',(6.96,0.293937801394,1.154190874));
#624 = CARTESIAN_POINT('',(6.96,0.291948588365,1.144474495238));
#625 = CARTESIAN_POINT('',(6.96,0.28962167445,1.134895115228));
#626 = CARTESIAN_POINT('',(6.96,0.286968474246,1.125462408515));
#627 = CARTESIAN_POINT('',(6.96,0.283999557728,1.116184698885));
#628 = CARTESIAN_POINT('',(6.96,0.277365720041,1.097719338125));
#629 = CARTESIAN_POINT('',(6.96,0.273684735103,1.088540329457));
#630 = CARTESIAN_POINT('',(6.96,0.269692170683,1.079539418357));
#631 = CARTESIAN_POINT('',(6.96,0.265397023465,1.070723360764));
#632 = CARTESIAN_POINT('',(6.96,0.260806811571,1.062098183552));
#633 = CARTESIAN_POINT('',(6.96,0.251004219697,1.045163947022));
#634 = CARTESIAN_POINT('',(6.96,0.245786411547,1.036858741787));
#635 = CARTESIAN_POINT('',(6.96,0.240280395782,1.028758943151));
#636 = CARTESIAN_POINT('',(6.96,0.234490304979,1.02087012779));
#637 = CARTESIAN_POINT('',(6.96,0.22841815861,1.013198074729));
#638 = CARTESIAN_POINT('',(6.96,0.215801547815,0.998407234883));
#639 = CARTESIAN_POINT('',(6.96,0.209264913083,0.99128247471));
#640 = CARTESIAN_POINT('',(6.96,0.202454000094,0.984380026053));
#641 = CARTESIAN_POINT('',(6.96,0.195365961507,0.977706983911));
#642 = CARTESIAN_POINT('',(6.96,0.187995061392,0.971271997058));
#643 = CARTESIAN_POINT('',(6.96,0.173012837564,0.959175029375));
#644 = CARTESIAN_POINT('',(6.96,0.165426529007,0.953492099376));
#645 = CARTESIAN_POINT('',(6.96,0.157566437944,0.948044934321));
#646 = CARTESIAN_POINT('',(6.96,0.149421373308,0.942845601948));
#647 = CARTESIAN_POINT('',(6.96,0.140976264593,0.937909781461));
#648 = CARTESIAN_POINT('',(6.96,0.124148131162,0.928975627958));
#649 = CARTESIAN_POINT('',(6.96,0.115814071992,0.924934439518));
#650 = CARTESIAN_POINT('',(6.96,0.107194037794,0.921149181784));
#651 = CARTESIAN_POINT('',(6.96,9.826937450524E-02,0.917639774974));
#652 = CARTESIAN_POINT('',(6.96,8.901696421491E-02,0.914432828225));
#653 = CARTESIAN_POINT('',(6.96,6.762356037127E-02,0.908046964389));
#654 = CARTESIAN_POINT('',(6.96,5.540377745077E-02,0.905068595899));
#655 = CARTESIAN_POINT('',(6.96,4.253681255711E-02,0.902629529668));
#656 = CARTESIAN_POINT('',(6.96,2.893994360873E-02,0.900849442899));
#657 = CARTESIAN_POINT('',(6.96,1.46772221458E-02,0.899909046356));
#658 = CARTESIAN_POINT('',(6.96,0.,0.899909083395));
#659 = PLANE('',#660);
#660 = AXIS2_PLACEMENT_3D('',#661,#662,#663);
#661 = CARTESIAN_POINT('',(6.96,1.25,1.25));
#662 = DIRECTION('',(-1.,0.,0.));
#663 = DIRECTION('',(0.,0.,-1.));
#664 = ADVANCED_FACE('',(#665),#685,.T.);
#665 = FACE_BOUND('',#666,.T.);
#666 = EDGE_LOOP('',(#667,#668,#677,#684));
#667 = ORIENTED_EDGE('',*,*,#488,.F.);
#668 = ORIENTED_EDGE('',*,*,#669,.T.);
#669 = EDGE_CURVE('',#489,#670,#672,.T.);
#670 = VERTEX_POINT('',#671);
#671 = CARTESIAN_POINT('',(7.32,0.,0.35));
#672 = CIRCLE('',#673,0.6);
#673 = AXIS2_PLACEMENT_3D('',#674,#675,#676);
#674 = CARTESIAN_POINT('',(6.72,1.102182119233E-16,0.35));
#675 = DIRECTION('',(0.,1.,0.));
#676 = DIRECTION('',(0.,-0.,1.));
#677 = ORIENTED_EDGE('',*,*,#678,.T.);
#678 = EDGE_CURVE('',#670,#670,#679,.T.);
#679 = CIRCLE('',#680,0.3);
#680 = AXIS2_PLACEMENT_3D('',#681,#682,#683);
#681 = CARTESIAN_POINT('',(7.62,0.,0.35));
#682 = DIRECTION('',(3.828568698927E-16,-0.,1.));
#683 = DIRECTION('',(1.,0.,-3.828568698927E-16));
#684 = ORIENTED_EDGE('',*,*,#669,.F.);
#685 = TOROIDAL_SURFACE('',#686,0.9,0.3);
#686 = AXIS2_PLACEMENT_3D('',#687,#688,#689);
#687 = CARTESIAN_POINT('',(6.72,0.,0.35));
#688 = DIRECTION('',(0.,1.,0.));
#689 = DIRECTION('',(0.,-0.,1.));
#690 = ADVANCED_FACE('',(#691),#710,.T.);
#691 = FACE_BOUND('',#692,.T.);
#692 = EDGE_LOOP('',(#693,#701,#708,#709));
#693 = ORIENTED_EDGE('',*,*,#694,.T.);
#694 = EDGE_CURVE('',#670,#695,#697,.T.);
#695 = VERTEX_POINT('',#696);
#696 = CARTESIAN_POINT('',(7.32,-7.347880794884E-17,-3.));
#697 = LINE('',#698,#699);
#698 = CARTESIAN_POINT('',(7.32,0.,0.35));
#699 = VECTOR('',#700,1.);
#700 = DIRECTION('',(0.,0.,-1.));
#701 = ORIENTED_EDGE('',*,*,#702,.F.);
#702 = EDGE_CURVE('',#695,#695,#703,.T.);
#703 = CIRCLE('',#704,0.3);
#704 = AXIS2_PLACEMENT_3D('',#705,#706,#707);
#705 = CARTESIAN_POINT('',(7.62,0.,-3.));
#706 = DIRECTION('',(0.,0.,-1.));
#707 = DIRECTION('',(-1.,0.,0.));
#708 = ORIENTED_EDGE('',*,*,#694,.F.);
#709 = ORIENTED_EDGE('',*,*,#678,.F.);
#710 = CYLINDRICAL_SURFACE('',#711,0.3);
#711 = AXIS2_PLACEMENT_3D('',#712,#713,#714);
#712 = CARTESIAN_POINT('',(7.62,0.,0.35));
#713 = DIRECTION('',(0.,0.,-1.));
#714 = DIRECTION('',(-1.,0.,0.));
#715 = ADVANCED_FACE('',(#716),#719,.F.);
#716 = FACE_BOUND('',#717,.T.);
#717 = EDGE_LOOP('',(#718));
#718 = ORIENTED_EDGE('',*,*,#702,.T.);
#719 = PLANE('',#720);
#720 = AXIS2_PLACEMENT_3D('',#721,#722,#723);
#721 = CARTESIAN_POINT('',(7.32,0.,-3.));
#722 = DIRECTION('',(0.,0.,1.));
#723 = DIRECTION('',(1.,0.,-0.));
#724 = ( GEOMETRIC_REPRESENTATION_CONTEXT(3) 
GLOBAL_UNCERTAINTY_ASSIGNED_CONTEXT((#728)) GLOBAL_UNIT_ASSIGNED_CONTEXT
((#725,#726,#727)) REPRESENTATION_CONTEXT('Context #1',
  '3D Context with UNIT and UNCERTAINTY') );
#725 = ( LENGTH_UNIT() NAMED_UNIT(*) SI_UNIT(.MILLI.,.METRE.) );
#726 = ( NAMED_UNIT(*) PLANE_ANGLE_UNIT() SI_UNIT($,.RADIAN.) );
#727 = ( NAMED_UNIT(*) SI_UNIT($,.STERADIAN.) SOLID_ANGLE_UNIT() );
#728 = UNCERTAINTY_MEASURE_WITH_UNIT(LENGTH_MEASURE(1.E-07),#725,
  'distance_accuracy_value','confusion accuracy');
#729 = CONTEXT_DEPENDENT_SHAPE_REPRESENTATION(#730,#732);
#730 = ( REPRESENTATION_RELATIONSHIP('','',#60,#10) 
REPRESENTATION_RELATIONSHIP_WITH_TRANSFORMATION(#731) 
SHAPE_REPRESENTATION_RELATIONSHIP() );
#731 = ITEM_DEFINED_TRANSFORMATION('','',#11,#15);
#732 = PRODUCT_DEFINITION_SHAPE('Placement','Placement of an item',#733
  );
#733 = NEXT_ASSEMBLY_USAGE_OCCURRENCE('1','R1','',#5,#55,$);
#734 = PRODUCT_RELATED_PRODUCT_CATEGORY('part',$,(#57));
#735 = CONTEXT_DEPENDENT_SHAPE_REPRESENTATION(#736,#738);
#736 = ( REPRESENTATION_RELATIONSHIP('','',#60,#10) 
REPRESENTATION_RELATIONSHIP_WITH_TRANSFORMATION(#737) 
SHAPE_REPRESENTATION_RELATIONSHIP() );
#737 = ITEM_DEFINED_TRANSFORMATION('','',#11,#19);
#738 = PRODUCT_DEFINITION_SHAPE('Placement','Placement of an item',#739
  );
#739 = NEXT_ASSEMBLY_USAGE_OCCURRENCE('2','R3','',#5,#55,$);
#740 = SHAPE_DEFINITION_REPRESENTATION(#741,#747);
#741 = PRODUCT_DEFINITION_SHAPE('','',#742);
#742 = PRODUCT_DEFINITION('design','',#743,#746);
#743 = PRODUCT_DEFINITION_FORMATION('','',#744);
#744 = PRODUCT('DIP-8_W7.62mm_Socket','DIP-8_W7.62mm_Socket','',(#745));
#745 = PRODUCT_CONTEXT('',#2,'mechanical');
#746 = PRODUCT_DEFINITION_CONTEXT('part definition',#2,'design');
#747 = ADVANCED_BREP_SHAPE_REPRESENTATION('',(#11,#748),#3972);
#748 = MANIFOLD_SOLID_BREP('',#749);
#749 = CLOSED_SHELL('',(#750,#790,#821,#884,#1109,#1238,#1255,#1279,
    #1447,#1471,#1495,#1554,#1579,#1596,#1627,#1644,#1656,#1678,#1695,
    #1728,#1745,#1768,#1792,#1809,#1827,#1847,#1867,#1887,#1907,#1927,
    #1947,#1967,#1987,#2004,#2021,#2033,#2058,#2083,#2108,#2133,#2150,
    #2167,#2184,#2196,#2221,#2246,#2271,#2296,#2308,#2333,#2358,#2383,
    #2408,#2433,#2458,#2483,#2508,#2528,#2548,#2568,#2588,#2608,#2628,
    #2648,#2668,#2693,#2718,#2743,#2768,#2793,#2818,#2843,#2868,#2893,
    #2918,#2943,#2968,#2993,#3018,#3043,#3068,#3088,#3108,#3128,#3148,
    #3168,#3188,#3208,#3228,#3253,#3278,#3303,#3328,#3353,#3378,#3403,
    #3428,#3453,#3478,#3503,#3528,#3553,#3578,#3603,#3628,#3637,#3646,
    #3655,#3664,#3673,#3682,#3691,#3700,#3725,#3750,#3775,#3800,#3825,
    #3850,#3875,#3900,#3909,#3918,#3927,#3936,#3945,#3954,#3963));
#750 = ADVANCED_FACE('',(#751),#785,.F.);
#751 = FACE_BOUND('',#752,.F.);
#752 = EDGE_LOOP('',(#753,#763,#771,#779));
#753 = ORIENTED_EDGE('',*,*,#754,.T.);
#754 = EDGE_CURVE('',#755,#757,#759,.T.);
#755 = VERTEX_POINT('',#756);
#756 = CARTESIAN_POINT('',(-1.27,1.27,1.3));
#757 = VERTEX_POINT('',#758);
#758 = CARTESIAN_POINT('',(-1.27,1.27,3.967));
#759 = LINE('',#760,#761);
#760 = CARTESIAN_POINT('',(-1.27,1.27,1.3));
#761 = VECTOR('',#762,1.);
#762 = DIRECTION('',(0.,0.,1.));
#763 = ORIENTED_EDGE('',*,*,#764,.T.);
#764 = EDGE_CURVE('',#757,#765,#767,.T.);
#765 = VERTEX_POINT('',#766);
#766 = CARTESIAN_POINT('',(-1.27,-8.89,3.967));
#767 = LINE('',#768,#769);
#768 = CARTESIAN_POINT('',(-1.27,1.27,3.967));
#769 = VECTOR('',#770,1.);
#770 = DIRECTION('',(-2.22044604925E-16,-1.,0.));
#771 = ORIENTED_EDGE('',*,*,#772,.F.);
#772 = EDGE_CURVE('',#773,#765,#775,.T.);
#773 = VERTEX_POINT('',#774);
#774 = CARTESIAN_POINT('',(-1.27,-8.89,1.3));
#775 = LINE('',#776,#777);
#776 = CARTESIAN_POINT('',(-1.27,-8.89,1.3));
#777 = VECTOR('',#778,1.);
#778 = DIRECTION('',(0.,0.,1.));
#779 = ORIENTED_EDGE('',*,*,#780,.F.);
#780 = EDGE_CURVE('',#755,#773,#781,.T.);
#781 = LINE('',#782,#783);
#782 = CARTESIAN_POINT('',(-1.27,1.27,1.3));
#783 = VECTOR('',#784,1.);
#784 = DIRECTION('',(-2.22044604925E-16,-1.,0.));
#785 = PLANE('',#786);
#786 = AXIS2_PLACEMENT_3D('',#787,#788,#789);
#787 = CARTESIAN_POINT('',(-1.27,1.27,1.3));
#788 = DIRECTION('',(1.,-2.22044604925E-16,0.));
#789 = DIRECTION('',(-2.22044604925E-16,-1.,0.));
#790 = ADVANCED_FACE('',(#791),#816,.F.);
#791 = FACE_BOUND('',#792,.F.);
#792 = EDGE_LOOP('',(#793,#801,#809,#815));
#793 = ORIENTED_EDGE('',*,*,#794,.F.);
#794 = EDGE_CURVE('',#795,#755,#797,.T.);
#795 = VERTEX_POINT('',#796);
#796 = CARTESIAN_POINT('',(1.73,1.27,1.3));
#797 = LINE('',#798,#799);
#798 = CARTESIAN_POINT('',(8.89,1.27,1.3));
#799 = VECTOR('',#800,1.);
#800 = DIRECTION('',(-1.,2.22044604925E-16,0.));
#801 = ORIENTED_EDGE('',*,*,#802,.F.);
#802 = EDGE_CURVE('',#803,#795,#805,.T.);
#803 = VERTEX_POINT('',#804);
#804 = CARTESIAN_POINT('',(1.73,1.27,3.967));
#805 = LINE('',#806,#807);
#806 = CARTESIAN_POINT('',(1.73,1.27,3.967));
#807 = VECTOR('',#808,1.);
#808 = DIRECTION('',(0.,-0.,-1.));
#809 = ORIENTED_EDGE('',*,*,#810,.T.);
#810 = EDGE_CURVE('',#803,#757,#811,.T.);
#811 = LINE('',#812,#813);
#812 = CARTESIAN_POINT('',(8.89,1.27,3.967));
#813 = VECTOR('',#814,1.);
#814 = DIRECTION('',(-1.,2.22044604925E-16,0.));
#815 = ORIENTED_EDGE('',*,*,#754,.F.);
#816 = PLANE('',#817);
#817 = AXIS2_PLACEMENT_3D('',#818,#819,#820);
#818 = CARTESIAN_POINT('',(8.89,1.27,1.3));
#819 = DIRECTION('',(-2.22044604925E-16,-1.,0.));
#820 = DIRECTION('',(-1.,2.22044604925E-16,0.));
#821 = ADVANCED_FACE('',(#822),#879,.F.);
#822 = FACE_BOUND('',#823,.F.);
#823 = EDGE_LOOP('',(#824,#832,#833,#841,#849,#857,#865,#873));
#824 = ORIENTED_EDGE('',*,*,#825,.F.);
#825 = EDGE_CURVE('',#773,#826,#828,.T.);
#826 = VERTEX_POINT('',#827);
#827 = CARTESIAN_POINT('',(8.89,-8.89,1.3));
#828 = LINE('',#829,#830);
#829 = CARTESIAN_POINT('',(-1.27,-8.89,1.3));
#830 = VECTOR('',#831,1.);
#831 = DIRECTION('',(1.,-2.22044604925E-16,0.));
#832 = ORIENTED_EDGE('',*,*,#772,.T.);
#833 = ORIENTED_EDGE('',*,*,#834,.T.);
#834 = EDGE_CURVE('',#765,#835,#837,.T.);
#835 = VERTEX_POINT('',#836);
#836 = CARTESIAN_POINT('',(1.73,-8.89,3.967));
#837 = LINE('',#838,#839);
#838 = CARTESIAN_POINT('',(-1.27,-8.89,3.967));
#839 = VECTOR('',#840,1.);
#840 = DIRECTION('',(1.,-2.22044604925E-16,0.));
#841 = ORIENTED_EDGE('',*,*,#842,.T.);
#842 = EDGE_CURVE('',#835,#843,#845,.T.);
#843 = VERTEX_POINT('',#844);
#844 = CARTESIAN_POINT('',(1.73,-8.89,2.6335));
#845 = LINE('',#846,#847);
#846 = CARTESIAN_POINT('',(1.73,-8.89,3.967));
#847 = VECTOR('',#848,1.);
#848 = DIRECTION('',(0.,-0.,-1.));
#849 = ORIENTED_EDGE('',*,*,#850,.F.);
#850 = EDGE_CURVE('',#851,#843,#853,.T.);
#851 = VERTEX_POINT('',#852);
#852 = CARTESIAN_POINT('',(5.89,-8.89,2.6335));
#853 = LINE('',#854,#855);
#854 = CARTESIAN_POINT('',(5.89,-8.89,2.6335));
#855 = VECTOR('',#856,1.);
#856 = DIRECTION('',(-1.,4.355490327376E-16,0.));
#857 = ORIENTED_EDGE('',*,*,#858,.F.);
#858 = EDGE_CURVE('',#859,#851,#861,.T.);
#859 = VERTEX_POINT('',#860);
#860 = CARTESIAN_POINT('',(5.89,-8.89,3.967));
#861 = LINE('',#862,#863);
#862 = CARTESIAN_POINT('',(5.89,-8.89,3.967));
#863 = VECTOR('',#864,1.);
#864 = DIRECTION('',(0.,-0.,-1.));
#865 = ORIENTED_EDGE('',*,*,#866,.T.);
#866 = EDGE_CURVE('',#859,#867,#869,.T.);
#867 = VERTEX_POINT('',#868);
#868 = CARTESIAN_POINT('',(8.89,-8.89,3.967));
#869 = LINE('',#870,#871);
#870 = CARTESIAN_POINT('',(-1.27,-8.89,3.967));
#871 = VECTOR('',#872,1.);
#872 = DIRECTION('',(1.,-2.22044604925E-16,0.));
#873 = ORIENTED_EDGE('',*,*,#874,.F.);
#874 = EDGE_CURVE('',#826,#867,#875,.T.);
#875 = LINE('',#876,#877);
#876 = CARTESIAN_POINT('',(8.89,-8.89,1.3));
#877 = VECTOR('',#878,1.);
#878 = DIRECTION('',(0.,0.,1.));
#879 = PLANE('',#880);
#880 = AXIS2_PLACEMENT_3D('',#881,#882,#883);
#881 = CARTESIAN_POINT('',(-1.27,-8.89,1.3));
#882 = DIRECTION('',(2.22044604925E-16,1.,0.));
#883 = DIRECTION('',(1.,-2.22044604925E-16,0.));
#884 = ADVANCED_FACE('',(#885,#946,#1016,#1027,#1038,#1049,#1060,#1071,
    #1082,#1093),#1104,.T.);
#885 = FACE_BOUND('',#886,.T.);
#886 = EDGE_LOOP('',(#887,#888,#889,#897,#906,#914,#923,#931,#939,#945)
  );
#887 = ORIENTED_EDGE('',*,*,#780,.F.);
#888 = ORIENTED_EDGE('',*,*,#794,.F.);
#889 = ORIENTED_EDGE('',*,*,#890,.T.);
#890 = EDGE_CURVE('',#795,#891,#893,.T.);
#891 = VERTEX_POINT('',#892);
#892 = CARTESIAN_POINT('',(1.73,0.67,1.3));
#893 = LINE('',#894,#895);
#894 = CARTESIAN_POINT('',(1.73,1.27,1.3));
#895 = VECTOR('',#896,1.);
#896 = DIRECTION('',(-2.22044604925E-16,-1.,0.));
#897 = ORIENTED_EDGE('',*,*,#898,.T.);
#898 = EDGE_CURVE('',#891,#899,#901,.T.);
#899 = VERTEX_POINT('',#900);
#900 = CARTESIAN_POINT('',(2.23,0.17,1.3));
#901 = CIRCLE('',#902,0.5);
#902 = AXIS2_PLACEMENT_3D('',#903,#904,#905);
#903 = CARTESIAN_POINT('',(2.23,0.67,1.3));
#904 = DIRECTION('',(0.,0.,1.));
#905 = DIRECTION('',(-1.,-1.554312234475E-15,0.));
#906 = ORIENTED_EDGE('',*,*,#907,.T.);
#907 = EDGE_CURVE('',#899,#908,#910,.T.);
#908 = VERTEX_POINT('',#909);
#909 = CARTESIAN_POINT('',(5.39,0.17,1.3));
#910 = LINE('',#911,#912);
#911 = CARTESIAN_POINT('',(2.23,0.17,1.3));
#912 = VECTOR('',#913,1.);
#913 = DIRECTION('',(1.,-2.22044604925E-16,0.));
#914 = ORIENTED_EDGE('',*,*,#915,.T.);
#915 = EDGE_CURVE('',#908,#916,#918,.T.);
#916 = VERTEX_POINT('',#917);
#917 = CARTESIAN_POINT('',(5.89,0.67,1.3));
#918 = CIRCLE('',#919,0.5);
#919 = AXIS2_PLACEMENT_3D('',#920,#921,#922);
#920 = CARTESIAN_POINT('',(5.39,0.67,1.3));
#921 = DIRECTION('',(-0.,0.,1.));
#922 = DIRECTION('',(6.661338147751E-16,-1.,0.));
#923 = ORIENTED_EDGE('',*,*,#924,.T.);
#924 = EDGE_CURVE('',#916,#925,#927,.T.);
#925 = VERTEX_POINT('',#926);
#926 = CARTESIAN_POINT('',(5.89,1.27,1.3));
#927 = LINE('',#928,#929);
#928 = CARTESIAN_POINT('',(5.89,0.67,1.3));
#929 = VECTOR('',#930,1.);
#930 = DIRECTION('',(2.22044604925E-16,1.,0.));
#931 = ORIENTED_EDGE('',*,*,#932,.F.);
#932 = EDGE_CURVE('',#933,#925,#935,.T.);
#933 = VERTEX_POINT('',#934);
#934 = CARTESIAN_POINT('',(8.89,1.27,1.3));
#935 = LINE('',#936,#937);
#936 = CARTESIAN_POINT('',(8.89,1.27,1.3));
#937 = VECTOR('',#938,1.);
#938 = DIRECTION('',(-1.,2.22044604925E-16,0.));
#939 = ORIENTED_EDGE('',*,*,#940,.F.);
#940 = EDGE_CURVE('',#826,#933,#941,.T.);
#941 = LINE('',#942,#943);
#942 = CARTESIAN_POINT('',(8.89,-8.89,1.3));
#943 = VECTOR('',#944,1.);
#944 = DIRECTION('',(2.22044604925E-16,1.,0.));
#945 = ORIENTED_EDGE('',*,*,#825,.F.);
#946 = FACE_BOUND('',#947,.T.);
#947 = EDGE_LOOP('',(#948,#959,#967,#976,#984,#993,#1001,#1010));
#948 = ORIENTED_EDGE('',*,*,#949,.T.);
#949 = EDGE_CURVE('',#950,#952,#954,.T.);
#950 = VERTEX_POINT('',#951);
#951 = CARTESIAN_POINT('',(5.89,-2.23,1.3));
#952 = VERTEX_POINT('',#953);
#953 = CARTESIAN_POINT('',(5.39,-1.73,1.3));
#954 = CIRCLE('',#955,0.5);
#955 = AXIS2_PLACEMENT_3D('',#956,#957,#958);
#956 = CARTESIAN_POINT('',(5.39,-2.23,1.3));
#957 = DIRECTION('',(-0.,0.,1.));
#958 = DIRECTION('',(1.,-1.110223024625E-15,0.));
#959 = ORIENTED_EDGE('',*,*,#960,.T.);
#960 = EDGE_CURVE('',#952,#961,#963,.T.);
#961 = VERTEX_POINT('',#962);
#962 = CARTESIAN_POINT('',(2.23,-1.73,1.3));
#963 = LINE('',#964,#965);
#964 = CARTESIAN_POINT('',(5.39,-1.73,1.3));
#965 = VECTOR('',#966,1.);
#966 = DIRECTION('',(-1.,2.22044604925E-16,0.));
#967 = ORIENTED_EDGE('',*,*,#968,.T.);
#968 = EDGE_CURVE('',#961,#969,#971,.T.);
#969 = VERTEX_POINT('',#970);
#970 = CARTESIAN_POINT('',(1.73,-2.23,1.3));
#971 = CIRCLE('',#972,0.5);
#972 = AXIS2_PLACEMENT_3D('',#973,#974,#975);
#973 = CARTESIAN_POINT('',(2.23,-2.23,1.3));
#974 = DIRECTION('',(0.,-0.,1.));
#975 = DIRECTION('',(2.22044604925E-16,1.,0.));
#976 = ORIENTED_EDGE('',*,*,#977,.T.);
#977 = EDGE_CURVE('',#969,#978,#980,.T.);
#978 = VERTEX_POINT('',#979);
#979 = CARTESIAN_POINT('',(1.73,-6.49,1.3));
#980 = LINE('',#981,#982);
#981 = CARTESIAN_POINT('',(1.73,-2.23,1.3));
#982 = VECTOR('',#983,1.);
#983 = DIRECTION('',(-2.22044604925E-16,-1.,0.));
#984 = ORIENTED_EDGE('',*,*,#985,.T.);
#985 = EDGE_CURVE('',#978,#986,#988,.T.);
#986 = VERTEX_POINT('',#987);
#987 = CARTESIAN_POINT('',(2.23,-6.99,1.3));
#988 = CIRCLE('',#989,0.5);
#989 = AXIS2_PLACEMENT_3D('',#990,#991,#992);
#990 = CARTESIAN_POINT('',(2.23,-6.49,1.3));
#991 = DIRECTION('',(0.,0.,1.));
#992 = DIRECTION('',(-1.,-1.554312234475E-15,0.));
#993 = ORIENTED_EDGE('',*,*,#994,.T.);
#994 = EDGE_CURVE('',#986,#995,#997,.T.);
#995 = VERTEX_POINT('',#996);
#996 = CARTESIAN_POINT('',(5.39,-6.99,1.3));
#997 = LINE('',#998,#999);
#998 = CARTESIAN_POINT('',(2.23,-6.99,1.3));
#999 = VECTOR('',#1000,1.);
#1000 = DIRECTION('',(1.,-2.22044604925E-16,0.));
#1001 = ORIENTED_EDGE('',*,*,#1002,.T.);
#1002 = EDGE_CURVE('',#995,#1003,#1005,.T.);
#1003 = VERTEX_POINT('',#1004);
#1004 = CARTESIAN_POINT('',(5.89,-6.49,1.3));
#1005 = CIRCLE('',#1006,0.5);
#1006 = AXIS2_PLACEMENT_3D('',#1007,#1008,#1009);
#1007 = CARTESIAN_POINT('',(5.39,-6.49,1.3));
#1008 = DIRECTION('',(-0.,0.,1.));
#1009 = DIRECTION('',(1.554312234475E-15,-1.,0.));
#1010 = ORIENTED_EDGE('',*,*,#1011,.T.);
#1011 = EDGE_CURVE('',#1003,#950,#1012,.T.);
#1012 = LINE('',#1013,#1014);
#1013 = CARTESIAN_POINT('',(5.89,-6.49,1.3));
#1014 = VECTOR('',#1015,1.);
#1015 = DIRECTION('',(2.22044604925E-16,1.,0.));
#1016 = FACE_BOUND('',#1017,.T.);
#1017 = EDGE_LOOP('',(#1018));
#1018 = ORIENTED_EDGE('',*,*,#1019,.T.);
#1019 = EDGE_CURVE('',#1020,#1020,#1022,.T.);
#1020 = VERTEX_POINT('',#1021);
#1021 = CARTESIAN_POINT('',(7.62,-8.482,1.3));
#1022 = CIRCLE('',#1023,0.862);
#1023 = AXIS2_PLACEMENT_3D('',#1024,#1025,#1026);
#1024 = CARTESIAN_POINT('',(7.62,-7.62,1.3));
#1025 = DIRECTION('',(0.,0.,1.));
#1026 = DIRECTION('',(-2.22044604925E-16,-1.,0.));
#1027 = FACE_BOUND('',#1028,.T.);
#1028 = EDGE_LOOP('',(#1029));
#1029 = ORIENTED_EDGE('',*,*,#1030,.T.);
#1030 = EDGE_CURVE('',#1031,#1031,#1033,.T.);
#1031 = VERTEX_POINT('',#1032);
#1032 = CARTESIAN_POINT('',(7.62,-3.402,1.3));
#1033 = CIRCLE('',#1034,0.862);
#1034 = AXIS2_PLACEMENT_3D('',#1035,#1036,#1037);
#1035 = CARTESIAN_POINT('',(7.62,-2.54,1.3));
#1036 = DIRECTION('',(0.,0.,1.));
#1037 = DIRECTION('',(-2.22044604925E-16,-1.,0.));
#1038 = FACE_BOUND('',#1039,.T.);
#1039 = EDGE_LOOP('',(#1040));
#1040 = ORIENTED_EDGE('',*,*,#1041,.T.);
#1041 = EDGE_CURVE('',#1042,#1042,#1044,.T.);
#1042 = VERTEX_POINT('',#1043);
#1043 = CARTESIAN_POINT('',(7.62,-5.942,1.3));
#1044 = CIRCLE('',#1045,0.862);
#1045 = AXIS2_PLACEMENT_3D('',#1046,#1047,#1048);
#1046 = CARTESIAN_POINT('',(7.62,-5.08,1.3));
#1047 = DIRECTION('',(0.,0.,1.));
#1048 = DIRECTION('',(-2.22044604925E-16,-1.,0.));
#1049 = FACE_BOUND('',#1050,.T.);
#1050 = EDGE_LOOP('',(#1051));
#1051 = ORIENTED_EDGE('',*,*,#1052,.T.);
#1052 = EDGE_CURVE('',#1053,#1053,#1055,.T.);
#1053 = VERTEX_POINT('',#1054);
#1054 = CARTESIAN_POINT('',(-8.881784197001E-16,-6.758,1.3));
#1055 = CIRCLE('',#1056,0.862);
#1056 = AXIS2_PLACEMENT_3D('',#1057,#1058,#1059);
#1057 = CARTESIAN_POINT('',(-1.248615241293E-15,-7.62,1.3));
#1058 = DIRECTION('',(0.,-0.,1.));
#1059 = DIRECTION('',(3.445092848398E-16,1.,0.));
#1060 = FACE_BOUND('',#1061,.T.);
#1061 = EDGE_LOOP('',(#1062));
#1062 = ORIENTED_EDGE('',*,*,#1063,.T.);
#1063 = EDGE_CURVE('',#1064,#1064,#1066,.T.);
#1064 = VERTEX_POINT('',#1065);
#1065 = CARTESIAN_POINT('',(0.,-4.218,1.3));
#1066 = CIRCLE('',#1067,0.862);
#1067 = AXIS2_PLACEMENT_3D('',#1068,#1069,#1070);
#1068 = CARTESIAN_POINT('',(-3.604368215926E-16,-5.08,1.3));
#1069 = DIRECTION('',(0.,-0.,1.));
#1070 = DIRECTION('',(3.445092848398E-16,1.,0.));
#1071 = FACE_BOUND('',#1072,.T.);
#1072 = EDGE_LOOP('',(#1073));
#1073 = ORIENTED_EDGE('',*,*,#1074,.T.);
#1074 = EDGE_CURVE('',#1075,#1075,#1077,.T.);
#1075 = VERTEX_POINT('',#1076);
#1076 = CARTESIAN_POINT('',(8.881784197001E-16,-1.678,1.3));
#1077 = CIRCLE('',#1078,0.862);
#1078 = AXIS2_PLACEMENT_3D('',#1079,#1080,#1081);
#1079 = CARTESIAN_POINT('',(5.277415981075E-16,-2.54,1.3));
#1080 = DIRECTION('',(0.,-0.,1.));
#1081 = DIRECTION('',(3.445092848398E-16,1.,0.));
#1082 = FACE_BOUND('',#1083,.T.);
#1083 = EDGE_LOOP('',(#1084));
#1084 = ORIENTED_EDGE('',*,*,#1085,.T.);
#1085 = EDGE_CURVE('',#1086,#1086,#1088,.T.);
#1086 = VERTEX_POINT('',#1087);
#1087 = CARTESIAN_POINT('',(1.7763568394E-15,0.862,1.3));
#1088 = CIRCLE('',#1089,0.862);
#1089 = AXIS2_PLACEMENT_3D('',#1090,#1091,#1092);
#1090 = CARTESIAN_POINT('',(1.415920017808E-15,1.443289932013E-15,1.3));
#1091 = DIRECTION('',(0.,-0.,1.));
#1092 = DIRECTION('',(3.445092848398E-16,1.,0.));
#1093 = FACE_BOUND('',#1094,.T.);
#1094 = EDGE_LOOP('',(#1095));
#1095 = ORIENTED_EDGE('',*,*,#1096,.T.);
#1096 = EDGE_CURVE('',#1097,#1097,#1099,.T.);
#1097 = VERTEX_POINT('',#1098);
#1098 = CARTESIAN_POINT('',(7.62,-0.862,1.3));
#1099 = CIRCLE('',#1100,0.862);
#1100 = AXIS2_PLACEMENT_3D('',#1101,#1102,#1103);
#1101 = CARTESIAN_POINT('',(7.62,-9.992007221626E-16,1.3));
#1102 = DIRECTION('',(0.,0.,1.));
#1103 = DIRECTION('',(-2.22044604925E-16,-1.,0.));
#1104 = PLANE('',#1105);
#1105 = AXIS2_PLACEMENT_3D('',#1106,#1107,#1108);
#1106 = CARTESIAN_POINT('',(-1.27,1.27,1.3));
#1107 = DIRECTION('',(0.,-0.,-1.));
#1108 = DIRECTION('',(2.22044604925E-16,1.,0.));
#1109 = ADVANCED_FACE('',(#1110,#1189,#1200,#1211,#1222),#1233,.F.);
#1110 = FACE_BOUND('',#1111,.F.);
#1111 = EDGE_LOOP('',(#1112,#1113,#1114,#1122,#1131,#1139,#1148,#1156,
    #1165,#1173,#1182,#1188));
#1112 = ORIENTED_EDGE('',*,*,#764,.F.);
#1113 = ORIENTED_EDGE('',*,*,#810,.F.);
#1114 = ORIENTED_EDGE('',*,*,#1115,.T.);
#1115 = EDGE_CURVE('',#803,#1116,#1118,.T.);
#1116 = VERTEX_POINT('',#1117);
#1117 = CARTESIAN_POINT('',(1.73,0.67,3.967));
#1118 = LINE('',#1119,#1120);
#1119 = CARTESIAN_POINT('',(1.73,1.27,3.967));
#1120 = VECTOR('',#1121,1.);
#1121 = DIRECTION('',(-2.22044604925E-16,-1.,0.));
#1122 = ORIENTED_EDGE('',*,*,#1123,.T.);
#1123 = EDGE_CURVE('',#1116,#1124,#1126,.T.);
#1124 = VERTEX_POINT('',#1125);
#1125 = CARTESIAN_POINT('',(2.23,0.17,3.967));
#1126 = CIRCLE('',#1127,0.5);
#1127 = AXIS2_PLACEMENT_3D('',#1128,#1129,#1130);
#1128 = CARTESIAN_POINT('',(2.23,0.67,3.967));
#1129 = DIRECTION('',(0.,0.,1.));
#1130 = DIRECTION('',(-1.,-1.554312234475E-15,0.));
#1131 = ORIENTED_EDGE('',*,*,#1132,.T.);
#1132 = EDGE_CURVE('',#1124,#1133,#1135,.T.);
#1133 = VERTEX_POINT('',#1134);
#1134 = CARTESIAN_POINT('',(2.23,-1.73,3.967));
#1135 = LINE('',#1136,#1137);
#1136 = CARTESIAN_POINT('',(2.23,1.27,3.967));
#1137 = VECTOR('',#1138,1.);
#1138 = DIRECTION('',(-2.22044604925E-16,-1.,0.));
#1139 = ORIENTED_EDGE('',*,*,#1140,.T.);
#1140 = EDGE_CURVE('',#1133,#1141,#1143,.T.);
#1141 = VERTEX_POINT('',#1142);
#1142 = CARTESIAN_POINT('',(1.73,-2.23,3.967));
#1143 = CIRCLE('',#1144,0.5);
#1144 = AXIS2_PLACEMENT_3D('',#1145,#1146,#1147);
#1145 = CARTESIAN_POINT('',(2.23,-2.23,3.967));
#1146 = DIRECTION('',(0.,-0.,1.));
#1147 = DIRECTION('',(2.22044604925E-16,1.,0.));
#1148 = ORIENTED_EDGE('',*,*,#1149,.T.);
#1149 = EDGE_CURVE('',#1141,#1150,#1152,.T.);
#1150 = VERTEX_POINT('',#1151);
#1151 = CARTESIAN_POINT('',(1.73,-6.49,3.967));
#1152 = LINE('',#1153,#1154);
#1153 = CARTESIAN_POINT('',(1.73,-4.36,3.967));
#1154 = VECTOR('',#1155,1.);
#1155 = DIRECTION('',(-2.22044604925E-16,-1.,0.));
#1156 = ORIENTED_EDGE('',*,*,#1157,.T.);
#1157 = EDGE_CURVE('',#1150,#1158,#1160,.T.);
#1158 = VERTEX_POINT('',#1159);
#1159 = CARTESIAN_POINT('',(2.23,-6.99,3.967));
#1160 = CIRCLE('',#1161,0.5);
#1161 = AXIS2_PLACEMENT_3D('',#1162,#1163,#1164);
#1162 = CARTESIAN_POINT('',(2.23,-6.49,3.967));
#1163 = DIRECTION('',(0.,0.,1.));
#1164 = DIRECTION('',(-1.,-1.554312234475E-15,0.));
#1165 = ORIENTED_EDGE('',*,*,#1166,.T.);
#1166 = EDGE_CURVE('',#1158,#1167,#1169,.T.);
#1167 = VERTEX_POINT('',#1168);
#1168 = CARTESIAN_POINT('',(2.23,-7.79,3.967));
#1169 = LINE('',#1170,#1171);
#1170 = CARTESIAN_POINT('',(2.23,1.27,3.967));
#1171 = VECTOR('',#1172,1.);
#1172 = DIRECTION('',(-2.22044604925E-16,-1.,0.));
#1173 = ORIENTED_EDGE('',*,*,#1174,.F.);
#1174 = EDGE_CURVE('',#1175,#1167,#1177,.T.);
#1175 = VERTEX_POINT('',#1176);
#1176 = CARTESIAN_POINT('',(1.73,-8.29,3.967));
#1177 = CIRCLE('',#1178,0.5);
#1178 = AXIS2_PLACEMENT_3D('',#1179,#1180,#1181);
#1179 = CARTESIAN_POINT('',(2.23,-8.29,3.967));
#1180 = DIRECTION('',(0.,0.,-1.));
#1181 = DIRECTION('',(-1.,1.998401444325E-15,0.));
#1182 = ORIENTED_EDGE('',*,*,#1183,.F.);
#1183 = EDGE_CURVE('',#835,#1175,#1184,.T.);
#1184 = LINE('',#1185,#1186);
#1185 = CARTESIAN_POINT('',(1.73,-8.89,3.967));
#1186 = VECTOR('',#1187,1.);
#1187 = DIRECTION('',(2.22044604925E-16,1.,0.));
#1188 = ORIENTED_EDGE('',*,*,#834,.F.);
#1189 = FACE_BOUND('',#1190,.F.);
#1190 = EDGE_LOOP('',(#1191));
#1191 = ORIENTED_EDGE('',*,*,#1192,.F.);
#1192 = EDGE_CURVE('',#1193,#1193,#1195,.T.);
#1193 = VERTEX_POINT('',#1194);
#1194 = CARTESIAN_POINT('',(0.,-4.218,3.967));
#1195 = CIRCLE('',#1196,0.862);
#1196 = AXIS2_PLACEMENT_3D('',#1197,#1198,#1199);
#1197 = CARTESIAN_POINT('',(-4.440892098501E-16,-5.08,3.967));
#1198 = DIRECTION('',(0.,0.,-1.));
#1199 = DIRECTION('',(3.445092848398E-16,1.,0.));
#1200 = FACE_BOUND('',#1201,.F.);
#1201 = EDGE_LOOP('',(#1202));
#1202 = ORIENTED_EDGE('',*,*,#1203,.F.);
#1203 = EDGE_CURVE('',#1204,#1204,#1206,.T.);
#1204 = VERTEX_POINT('',#1205);
#1205 = CARTESIAN_POINT('',(4.440892098501E-16,-1.678,3.967));
#1206 = CIRCLE('',#1207,0.862);
#1207 = AXIS2_PLACEMENT_3D('',#1208,#1209,#1210);
#1208 = CARTESIAN_POINT('',(4.440892098501E-16,-2.54,3.967));
#1209 = DIRECTION('',(0.,0.,-1.));
#1210 = DIRECTION('',(3.445092848398E-16,1.,0.));
#1211 = FACE_BOUND('',#1212,.F.);
#1212 = EDGE_LOOP('',(#1213));
#1213 = ORIENTED_EDGE('',*,*,#1214,.F.);
#1214 = EDGE_CURVE('',#1215,#1215,#1217,.T.);
#1215 = VERTEX_POINT('',#1216);
#1216 = CARTESIAN_POINT('',(1.33226762955E-15,0.862,3.967));
#1217 = CIRCLE('',#1218,0.862);
#1218 = AXIS2_PLACEMENT_3D('',#1219,#1220,#1221);
#1219 = CARTESIAN_POINT('',(1.33226762955E-15,1.33226762955E-15,3.967));
#1220 = DIRECTION('',(0.,0.,-1.));
#1221 = DIRECTION('',(3.445092848398E-16,1.,0.));
#1222 = FACE_BOUND('',#1223,.F.);
#1223 = EDGE_LOOP('',(#1224));
#1224 = ORIENTED_EDGE('',*,*,#1225,.F.);
#1225 = EDGE_CURVE('',#1226,#1226,#1228,.T.);
#1226 = VERTEX_POINT('',#1227);
#1227 = CARTESIAN_POINT('',(-8.881784197001E-16,-6.758,3.967));
#1228 = CIRCLE('',#1229,0.862);
#1229 = AXIS2_PLACEMENT_3D('',#1230,#1231,#1232);
#1230 = CARTESIAN_POINT('',(-1.33226762955E-15,-7.62,3.967));
#1231 = DIRECTION('',(0.,0.,-1.));
#1232 = DIRECTION('',(3.445092848398E-16,1.,0.));
#1233 = PLANE('',#1234);
#1234 = AXIS2_PLACEMENT_3D('',#1235,#1236,#1237);
#1235 = CARTESIAN_POINT('',(-1.27,1.27,3.967));
#1236 = DIRECTION('',(0.,-0.,-1.));
#1237 = DIRECTION('',(2.22044604925E-16,1.,0.));
#1238 = ADVANCED_FACE('',(#1239),#1250,.F.);
#1239 = FACE_BOUND('',#1240,.F.);
#1240 = EDGE_LOOP('',(#1241,#1242,#1243,#1249));
#1241 = ORIENTED_EDGE('',*,*,#802,.T.);
#1242 = ORIENTED_EDGE('',*,*,#890,.T.);
#1243 = ORIENTED_EDGE('',*,*,#1244,.F.);
#1244 = EDGE_CURVE('',#1116,#891,#1245,.T.);
#1245 = LINE('',#1246,#1247);
#1246 = CARTESIAN_POINT('',(1.73,0.67,3.967));
#1247 = VECTOR('',#1248,1.);
#1248 = DIRECTION('',(0.,-0.,-1.));
#1249 = ORIENTED_EDGE('',*,*,#1115,.F.);
#1250 = PLANE('',#1251);
#1251 = AXIS2_PLACEMENT_3D('',#1252,#1253,#1254);
#1252 = CARTESIAN_POINT('',(1.73,1.27,3.967));
#1253 = DIRECTION('',(-1.,2.22044604925E-16,0.));
#1254 = DIRECTION('',(-2.22044604925E-16,-1.,0.));
#1255 = ADVANCED_FACE('',(#1256),#1274,.F.);
#1256 = FACE_BOUND('',#1257,.F.);
#1257 = EDGE_LOOP('',(#1258,#1259,#1267,#1273));
#1258 = ORIENTED_EDGE('',*,*,#874,.T.);
#1259 = ORIENTED_EDGE('',*,*,#1260,.T.);
#1260 = EDGE_CURVE('',#867,#1261,#1263,.T.);
#1261 = VERTEX_POINT('',#1262);
#1262 = CARTESIAN_POINT('',(8.89,1.27,3.967));
#1263 = LINE('',#1264,#1265);
#1264 = CARTESIAN_POINT('',(8.89,-8.89,3.967));
#1265 = VECTOR('',#1266,1.);
#1266 = DIRECTION('',(2.22044604925E-16,1.,0.));
#1267 = ORIENTED_EDGE('',*,*,#1268,.F.);
#1268 = EDGE_CURVE('',#933,#1261,#1269,.T.);
#1269 = LINE('',#1270,#1271);
#1270 = CARTESIAN_POINT('',(8.89,1.27,1.3));
#1271 = VECTOR('',#1272,1.);
#1272 = DIRECTION('',(0.,0.,1.));
#1273 = ORIENTED_EDGE('',*,*,#940,.F.);
#1274 = PLANE('',#1275);
#1275 = AXIS2_PLACEMENT_3D('',#1276,#1277,#1278);
#1276 = CARTESIAN_POINT('',(8.89,-8.89,1.3));
#1277 = DIRECTION('',(-1.,2.22044604925E-16,0.));
#1278 = DIRECTION('',(2.22044604925E-16,1.,0.));
#1279 = ADVANCED_FACE('',(#1280,#1398,#1409,#1420,#1431),#1442,.F.);
#1280 = FACE_BOUND('',#1281,.F.);
#1281 = EDGE_LOOP('',(#1282,#1292,#1300,#1309,#1317,#1323,#1324,#1325,
    #1333,#1342,#1350,#1358,#1366,#1375,#1383,#1392));
#1282 = ORIENTED_EDGE('',*,*,#1283,.T.);
#1283 = EDGE_CURVE('',#1284,#1286,#1288,.T.);
#1284 = VERTEX_POINT('',#1285);
#1285 = CARTESIAN_POINT('',(4.43,-1.73,3.967));
#1286 = VERTEX_POINT('',#1287);
#1287 = CARTESIAN_POINT('',(4.43,0.17,3.967));
#1288 = LINE('',#1289,#1290);
#1289 = CARTESIAN_POINT('',(4.43,-8.89,3.967));
#1290 = VECTOR('',#1291,1.);
#1291 = DIRECTION('',(2.22044604925E-16,1.,0.));
#1292 = ORIENTED_EDGE('',*,*,#1293,.T.);
#1293 = EDGE_CURVE('',#1286,#1294,#1296,.T.);
#1294 = VERTEX_POINT('',#1295);
#1295 = CARTESIAN_POINT('',(5.39,0.17,3.967));
#1296 = LINE('',#1297,#1298);
#1297 = CARTESIAN_POINT('',(2.23,0.17,3.967));
#1298 = VECTOR('',#1299,1.);
#1299 = DIRECTION('',(1.,-2.22044604925E-16,0.));
#1300 = ORIENTED_EDGE('',*,*,#1301,.T.);
#1301 = EDGE_CURVE('',#1294,#1302,#1304,.T.);
#1302 = VERTEX_POINT('',#1303);
#1303 = CARTESIAN_POINT('',(5.89,0.67,3.967));
#1304 = CIRCLE('',#1305,0.5);
#1305 = AXIS2_PLACEMENT_3D('',#1306,#1307,#1308);
#1306 = CARTESIAN_POINT('',(5.39,0.67,3.967));
#1307 = DIRECTION('',(-0.,0.,1.));
#1308 = DIRECTION('',(6.661338147751E-16,-1.,0.));
#1309 = ORIENTED_EDGE('',*,*,#1310,.T.);
#1310 = EDGE_CURVE('',#1302,#1311,#1313,.T.);
#1311 = VERTEX_POINT('',#1312);
#1312 = CARTESIAN_POINT('',(5.89,1.27,3.967));
#1313 = LINE('',#1314,#1315);
#1314 = CARTESIAN_POINT('',(5.89,0.67,3.967));
#1315 = VECTOR('',#1316,1.);
#1316 = DIRECTION('',(2.22044604925E-16,1.,0.));
#1317 = ORIENTED_EDGE('',*,*,#1318,.F.);
#1318 = EDGE_CURVE('',#1261,#1311,#1319,.T.);
#1319 = LINE('',#1320,#1321);
#1320 = CARTESIAN_POINT('',(8.89,1.27,3.967));
#1321 = VECTOR('',#1322,1.);
#1322 = DIRECTION('',(-1.,2.22044604925E-16,0.));
#1323 = ORIENTED_EDGE('',*,*,#1260,.F.);
#1324 = ORIENTED_EDGE('',*,*,#866,.F.);
#1325 = ORIENTED_EDGE('',*,*,#1326,.F.);
#1326 = EDGE_CURVE('',#1327,#859,#1329,.T.);
#1327 = VERTEX_POINT('',#1328);
#1328 = CARTESIAN_POINT('',(5.89,-8.29,3.967));
#1329 = LINE('',#1330,#1331);
#1330 = CARTESIAN_POINT('',(5.89,-8.29,3.967));
#1331 = VECTOR('',#1332,1.);
#1332 = DIRECTION('',(-2.22044604925E-16,-1.,0.));
#1333 = ORIENTED_EDGE('',*,*,#1334,.F.);
#1334 = EDGE_CURVE('',#1335,#1327,#1337,.T.);
#1335 = VERTEX_POINT('',#1336);
#1336 = CARTESIAN_POINT('',(5.39,-7.79,3.967));
#1337 = CIRCLE('',#1338,0.5);
#1338 = AXIS2_PLACEMENT_3D('',#1339,#1340,#1341);
#1339 = CARTESIAN_POINT('',(5.39,-8.29,3.967));
#1340 = DIRECTION('',(0.,0.,-1.));
#1341 = DIRECTION('',(1.110223024625E-15,1.,0.));
#1342 = ORIENTED_EDGE('',*,*,#1343,.F.);
#1343 = EDGE_CURVE('',#1344,#1335,#1346,.T.);
#1344 = VERTEX_POINT('',#1345);
#1345 = CARTESIAN_POINT('',(4.43,-7.79,3.967));
#1346 = LINE('',#1347,#1348);
#1347 = CARTESIAN_POINT('',(2.23,-7.79,3.967));
#1348 = VECTOR('',#1349,1.);
#1349 = DIRECTION('',(1.,-2.22044604925E-16,0.));
#1350 = ORIENTED_EDGE('',*,*,#1351,.T.);
#1351 = EDGE_CURVE('',#1344,#1352,#1354,.T.);
#1352 = VERTEX_POINT('',#1353);
#1353 = CARTESIAN_POINT('',(4.43,-6.99,3.967));
#1354 = LINE('',#1355,#1356);
#1355 = CARTESIAN_POINT('',(4.43,-8.89,3.967));
#1356 = VECTOR('',#1357,1.);
#1357 = DIRECTION('',(2.22044604925E-16,1.,0.));
#1358 = ORIENTED_EDGE('',*,*,#1359,.T.);
#1359 = EDGE_CURVE('',#1352,#1360,#1362,.T.);
#1360 = VERTEX_POINT('',#1361);
#1361 = CARTESIAN_POINT('',(5.39,-6.99,3.967));
#1362 = LINE('',#1363,#1364);
#1363 = CARTESIAN_POINT('',(2.23,-6.99,3.967));
#1364 = VECTOR('',#1365,1.);
#1365 = DIRECTION('',(1.,-2.22044604925E-16,0.));
#1366 = ORIENTED_EDGE('',*,*,#1367,.T.);
#1367 = EDGE_CURVE('',#1360,#1368,#1370,.T.);
#1368 = VERTEX_POINT('',#1369);
#1369 = CARTESIAN_POINT('',(5.89,-6.49,3.967));
#1370 = CIRCLE('',#1371,0.5);
#1371 = AXIS2_PLACEMENT_3D('',#1372,#1373,#1374);
#1372 = CARTESIAN_POINT('',(5.39,-6.49,3.967));
#1373 = DIRECTION('',(-0.,0.,1.));
#1374 = DIRECTION('',(1.554312234475E-15,-1.,0.));
#1375 = ORIENTED_EDGE('',*,*,#1376,.T.);
#1376 = EDGE_CURVE('',#1368,#1377,#1379,.T.);
#1377 = VERTEX_POINT('',#1378);
#1378 = CARTESIAN_POINT('',(5.89,-2.23,3.967));
#1379 = LINE('',#1380,#1381);
#1380 = CARTESIAN_POINT('',(5.89,-6.49,3.967));
#1381 = VECTOR('',#1382,1.);
#1382 = DIRECTION('',(2.22044604925E-16,1.,0.));
#1383 = ORIENTED_EDGE('',*,*,#1384,.T.);
#1384 = EDGE_CURVE('',#1377,#1385,#1387,.T.);
#1385 = VERTEX_POINT('',#1386);
#1386 = CARTESIAN_POINT('',(5.39,-1.73,3.967));
#1387 = CIRCLE('',#1388,0.5);
#1388 = AXIS2_PLACEMENT_3D('',#1389,#1390,#1391);
#1389 = CARTESIAN_POINT('',(5.39,-2.23,3.967));
#1390 = DIRECTION('',(-0.,0.,1.));
#1391 = DIRECTION('',(1.,-1.110223024625E-15,0.));
#1392 = ORIENTED_EDGE('',*,*,#1393,.T.);
#1393 = EDGE_CURVE('',#1385,#1284,#1394,.T.);
#1394 = LINE('',#1395,#1396);
#1395 = CARTESIAN_POINT('',(5.39,-1.73,3.967));
#1396 = VECTOR('',#1397,1.);
#1397 = DIRECTION('',(-1.,2.22044604925E-16,0.));
#1398 = FACE_BOUND('',#1399,.F.);
#1399 = EDGE_LOOP('',(#1400));
#1400 = ORIENTED_EDGE('',*,*,#1401,.F.);
#1401 = EDGE_CURVE('',#1402,#1402,#1404,.T.);
#1402 = VERTEX_POINT('',#1403);
#1403 = CARTESIAN_POINT('',(7.62,-5.942,3.967));
#1404 = CIRCLE('',#1405,0.862);
#1405 = AXIS2_PLACEMENT_3D('',#1406,#1407,#1408);
#1406 = CARTESIAN_POINT('',(7.62,-5.08,3.967));
#1407 = DIRECTION('',(-0.,0.,-1.));
#1408 = DIRECTION('',(-2.22044604925E-16,-1.,0.));
#1409 = FACE_BOUND('',#1410,.F.);
#1410 = EDGE_LOOP('',(#1411));
#1411 = ORIENTED_EDGE('',*,*,#1412,.F.);
#1412 = EDGE_CURVE('',#1413,#1413,#1415,.T.);
#1413 = VERTEX_POINT('',#1414);
#1414 = CARTESIAN_POINT('',(7.62,-3.402,3.967));
#1415 = CIRCLE('',#1416,0.862);
#1416 = AXIS2_PLACEMENT_3D('',#1417,#1418,#1419);
#1417 = CARTESIAN_POINT('',(7.62,-2.54,3.967));
#1418 = DIRECTION('',(-0.,0.,-1.));
#1419 = DIRECTION('',(-2.22044604925E-16,-1.,0.));
#1420 = FACE_BOUND('',#1421,.F.);
#1421 = EDGE_LOOP('',(#1422));
#1422 = ORIENTED_EDGE('',*,*,#1423,.F.);
#1423 = EDGE_CURVE('',#1424,#1424,#1426,.T.);
#1424 = VERTEX_POINT('',#1425);
#1425 = CARTESIAN_POINT('',(7.62,-0.862,3.967));
#1426 = CIRCLE('',#1427,0.862);
#1427 = AXIS2_PLACEMENT_3D('',#1428,#1429,#1430);
#1428 = CARTESIAN_POINT('',(7.62,-8.881784197001E-16,3.967));
#1429 = DIRECTION('',(-0.,0.,-1.));
#1430 = DIRECTION('',(-2.22044604925E-16,-1.,0.));
#1431 = FACE_BOUND('',#1432,.F.);
#1432 = EDGE_LOOP('',(#1433));
#1433 = ORIENTED_EDGE('',*,*,#1434,.F.);
#1434 = EDGE_CURVE('',#1435,#1435,#1437,.T.);
#1435 = VERTEX_POINT('',#1436);
#1436 = CARTESIAN_POINT('',(7.62,-8.482,3.967));
#1437 = CIRCLE('',#1438,0.862);
#1438 = AXIS2_PLACEMENT_3D('',#1439,#1440,#1441);
#1439 = CARTESIAN_POINT('',(7.62,-7.62,3.967));
#1440 = DIRECTION('',(-0.,0.,-1.));
#1441 = DIRECTION('',(-2.22044604925E-16,-1.,0.));
#1442 = PLANE('',#1443);
#1443 = AXIS2_PLACEMENT_3D('',#1444,#1445,#1446);
#1444 = CARTESIAN_POINT('',(-1.27,1.27,3.967));
#1445 = DIRECTION('',(0.,-0.,-1.));
#1446 = DIRECTION('',(2.22044604925E-16,1.,0.));
#1447 = ADVANCED_FACE('',(#1448),#1466,.T.);
#1448 = FACE_BOUND('',#1449,.T.);
#1449 = EDGE_LOOP('',(#1450,#1451,#1459,#1465));
#1450 = ORIENTED_EDGE('',*,*,#842,.T.);
#1451 = ORIENTED_EDGE('',*,*,#1452,.T.);
#1452 = EDGE_CURVE('',#843,#1453,#1455,.T.);
#1453 = VERTEX_POINT('',#1454);
#1454 = CARTESIAN_POINT('',(1.73,-8.29,2.6335));
#1455 = LINE('',#1456,#1457);
#1456 = CARTESIAN_POINT('',(1.73,-8.89,2.6335));
#1457 = VECTOR('',#1458,1.);
#1458 = DIRECTION('',(2.22044604925E-16,1.,0.));
#1459 = ORIENTED_EDGE('',*,*,#1460,.F.);
#1460 = EDGE_CURVE('',#1175,#1453,#1461,.T.);
#1461 = LINE('',#1462,#1463);
#1462 = CARTESIAN_POINT('',(1.73,-8.29,3.967));
#1463 = VECTOR('',#1464,1.);
#1464 = DIRECTION('',(0.,-0.,-1.));
#1465 = ORIENTED_EDGE('',*,*,#1183,.F.);
#1466 = PLANE('',#1467);
#1467 = AXIS2_PLACEMENT_3D('',#1468,#1469,#1470);
#1468 = CARTESIAN_POINT('',(1.73,-8.89,3.967));
#1469 = DIRECTION('',(1.,-2.22044604925E-16,0.));
#1470 = DIRECTION('',(2.22044604925E-16,1.,0.));
#1471 = ADVANCED_FACE('',(#1472),#1490,.T.);
#1472 = FACE_BOUND('',#1473,.T.);
#1473 = EDGE_LOOP('',(#1474,#1482,#1488,#1489));
#1474 = ORIENTED_EDGE('',*,*,#1475,.T.);
#1475 = EDGE_CURVE('',#1327,#1476,#1478,.T.);
#1476 = VERTEX_POINT('',#1477);
#1477 = CARTESIAN_POINT('',(5.89,-8.29,2.6335));
#1478 = LINE('',#1479,#1480);
#1479 = CARTESIAN_POINT('',(5.89,-8.29,3.967));
#1480 = VECTOR('',#1481,1.);
#1481 = DIRECTION('',(0.,-0.,-1.));
#1482 = ORIENTED_EDGE('',*,*,#1483,.T.);
#1483 = EDGE_CURVE('',#1476,#851,#1484,.T.);
#1484 = LINE('',#1485,#1486);
#1485 = CARTESIAN_POINT('',(5.89,-8.29,2.6335));
#1486 = VECTOR('',#1487,1.);
#1487 = DIRECTION('',(-2.22044604925E-16,-1.,0.));
#1488 = ORIENTED_EDGE('',*,*,#858,.F.);
#1489 = ORIENTED_EDGE('',*,*,#1326,.F.);
#1490 = PLANE('',#1491);
#1491 = AXIS2_PLACEMENT_3D('',#1492,#1493,#1494);
#1492 = CARTESIAN_POINT('',(5.89,-8.29,3.967));
#1493 = DIRECTION('',(-1.,2.22044604925E-16,0.));
#1494 = DIRECTION('',(-2.22044604925E-16,-1.,0.));
#1495 = ADVANCED_FACE('',(#1496),#1549,.T.);
#1496 = FACE_BOUND('',#1497,.T.);
#1497 = EDGE_LOOP('',(#1498,#1499,#1500,#1501,#1510,#1518,#1526,#1534,
    #1542));
#1498 = ORIENTED_EDGE('',*,*,#1452,.F.);
#1499 = ORIENTED_EDGE('',*,*,#850,.F.);
#1500 = ORIENTED_EDGE('',*,*,#1483,.F.);
#1501 = ORIENTED_EDGE('',*,*,#1502,.F.);
#1502 = EDGE_CURVE('',#1503,#1476,#1505,.T.);
#1503 = VERTEX_POINT('',#1504);
#1504 = CARTESIAN_POINT('',(5.39,-7.79,2.6335));
#1505 = CIRCLE('',#1506,0.5);
#1506 = AXIS2_PLACEMENT_3D('',#1507,#1508,#1509);
#1507 = CARTESIAN_POINT('',(5.39,-8.29,2.6335));
#1508 = DIRECTION('',(0.,0.,-1.));
#1509 = DIRECTION('',(1.110223024625E-15,1.,0.));
#1510 = ORIENTED_EDGE('',*,*,#1511,.F.);
#1511 = EDGE_CURVE('',#1512,#1503,#1514,.T.);
#1512 = VERTEX_POINT('',#1513);
#1513 = CARTESIAN_POINT('',(4.43,-7.79,2.6335));
#1514 = LINE('',#1515,#1516);
#1515 = CARTESIAN_POINT('',(2.23,-7.79,2.6335));
#1516 = VECTOR('',#1517,1.);
#1517 = DIRECTION('',(1.,-2.22044604925E-16,0.));
#1518 = ORIENTED_EDGE('',*,*,#1519,.T.);
#1519 = EDGE_CURVE('',#1512,#1520,#1522,.T.);
#1520 = VERTEX_POINT('',#1521);
#1521 = CARTESIAN_POINT('',(4.43,-6.99,2.6335));
#1522 = LINE('',#1523,#1524);
#1523 = CARTESIAN_POINT('',(4.43,-8.89,2.6335));
#1524 = VECTOR('',#1525,1.);
#1525 = DIRECTION('',(2.22044604925E-16,1.,0.));
#1526 = ORIENTED_EDGE('',*,*,#1527,.F.);
#1527 = EDGE_CURVE('',#1528,#1520,#1530,.T.);
#1528 = VERTEX_POINT('',#1529);
#1529 = CARTESIAN_POINT('',(2.23,-6.99,2.6335));
#1530 = LINE('',#1531,#1532);
#1531 = CARTESIAN_POINT('',(2.23,-6.99,2.6335));
#1532 = VECTOR('',#1533,1.);
#1533 = DIRECTION('',(1.,-2.22044604925E-16,0.));
#1534 = ORIENTED_EDGE('',*,*,#1535,.T.);
#1535 = EDGE_CURVE('',#1528,#1536,#1538,.T.);
#1536 = VERTEX_POINT('',#1537);
#1537 = CARTESIAN_POINT('',(2.23,-7.79,2.6335));
#1538 = LINE('',#1539,#1540);
#1539 = CARTESIAN_POINT('',(2.23,1.27,2.6335));
#1540 = VECTOR('',#1541,1.);
#1541 = DIRECTION('',(-2.22044604925E-16,-1.,0.));
#1542 = ORIENTED_EDGE('',*,*,#1543,.F.);
#1543 = EDGE_CURVE('',#1453,#1536,#1544,.T.);
#1544 = CIRCLE('',#1545,0.5);
#1545 = AXIS2_PLACEMENT_3D('',#1546,#1547,#1548);
#1546 = CARTESIAN_POINT('',(2.23,-8.29,2.6335));
#1547 = DIRECTION('',(0.,0.,-1.));
#1548 = DIRECTION('',(-1.,1.998401444325E-15,0.));
#1549 = PLANE('',#1550);
#1550 = AXIS2_PLACEMENT_3D('',#1551,#1552,#1553);
#1551 = CARTESIAN_POINT('',(1.73,-8.89,2.6335));
#1552 = DIRECTION('',(0.,0.,1.));
#1553 = DIRECTION('',(-2.22044604925E-16,-1.,0.));
#1554 = ADVANCED_FACE('',(#1555),#1574,.F.);
#1555 = FACE_BOUND('',#1556,.F.);
#1556 = EDGE_LOOP('',(#1557,#1558,#1559,#1567,#1573));
#1557 = ORIENTED_EDGE('',*,*,#1244,.T.);
#1558 = ORIENTED_EDGE('',*,*,#898,.T.);
#1559 = ORIENTED_EDGE('',*,*,#1560,.F.);
#1560 = EDGE_CURVE('',#1561,#899,#1563,.T.);
#1561 = VERTEX_POINT('',#1562);
#1562 = CARTESIAN_POINT('',(2.23,0.17,2.6335));
#1563 = LINE('',#1564,#1565);
#1564 = CARTESIAN_POINT('',(2.23,0.17,3.967));
#1565 = VECTOR('',#1566,1.);
#1566 = DIRECTION('',(0.,-0.,-1.));
#1567 = ORIENTED_EDGE('',*,*,#1568,.F.);
#1568 = EDGE_CURVE('',#1124,#1561,#1569,.T.);
#1569 = LINE('',#1570,#1571);
#1570 = CARTESIAN_POINT('',(2.23,0.17,3.967));
#1571 = VECTOR('',#1572,1.);
#1572 = DIRECTION('',(0.,-0.,-1.));
#1573 = ORIENTED_EDGE('',*,*,#1123,.F.);
#1574 = CYLINDRICAL_SURFACE('',#1575,0.5);
#1575 = AXIS2_PLACEMENT_3D('',#1576,#1577,#1578);
#1576 = CARTESIAN_POINT('',(2.23,0.67,3.967));
#1577 = DIRECTION('',(0.,0.,1.));
#1578 = DIRECTION('',(-1.,-1.554312234475E-15,0.));
#1579 = ADVANCED_FACE('',(#1580),#1591,.F.);
#1580 = FACE_BOUND('',#1581,.F.);
#1581 = EDGE_LOOP('',(#1582,#1583,#1584,#1585));
#1582 = ORIENTED_EDGE('',*,*,#932,.F.);
#1583 = ORIENTED_EDGE('',*,*,#1268,.T.);
#1584 = ORIENTED_EDGE('',*,*,#1318,.T.);
#1585 = ORIENTED_EDGE('',*,*,#1586,.T.);
#1586 = EDGE_CURVE('',#1311,#925,#1587,.T.);
#1587 = LINE('',#1588,#1589);
#1588 = CARTESIAN_POINT('',(5.89,1.27,3.967));
#1589 = VECTOR('',#1590,1.);
#1590 = DIRECTION('',(0.,-0.,-1.));
#1591 = PLANE('',#1592);
#1592 = AXIS2_PLACEMENT_3D('',#1593,#1594,#1595);
#1593 = CARTESIAN_POINT('',(8.89,1.27,1.3));
#1594 = DIRECTION('',(-2.22044604925E-16,-1.,0.));
#1595 = DIRECTION('',(-1.,2.22044604925E-16,0.));
#1596 = ADVANCED_FACE('',(#1597),#1622,.F.);
#1597 = FACE_BOUND('',#1598,.F.);
#1598 = EDGE_LOOP('',(#1599,#1607,#1608,#1609,#1615,#1616));
#1599 = ORIENTED_EDGE('',*,*,#1600,.F.);
#1600 = EDGE_CURVE('',#1561,#1601,#1603,.T.);
#1601 = VERTEX_POINT('',#1602);
#1602 = CARTESIAN_POINT('',(4.43,0.17,2.6335));
#1603 = LINE('',#1604,#1605);
#1604 = CARTESIAN_POINT('',(2.23,0.17,2.6335));
#1605 = VECTOR('',#1606,1.);
#1606 = DIRECTION('',(1.,-2.22044604925E-16,0.));
#1607 = ORIENTED_EDGE('',*,*,#1560,.T.);
#1608 = ORIENTED_EDGE('',*,*,#907,.T.);
#1609 = ORIENTED_EDGE('',*,*,#1610,.F.);
#1610 = EDGE_CURVE('',#1294,#908,#1611,.T.);
#1611 = LINE('',#1612,#1613);
#1612 = CARTESIAN_POINT('',(5.39,0.17,3.967));
#1613 = VECTOR('',#1614,1.);
#1614 = DIRECTION('',(0.,-0.,-1.));
#1615 = ORIENTED_EDGE('',*,*,#1293,.F.);
#1616 = ORIENTED_EDGE('',*,*,#1617,.F.);
#1617 = EDGE_CURVE('',#1601,#1286,#1618,.T.);
#1618 = LINE('',#1619,#1620);
#1619 = CARTESIAN_POINT('',(4.43,0.17,3.967));
#1620 = VECTOR('',#1621,1.);
#1621 = DIRECTION('',(0.,0.,1.));
#1622 = PLANE('',#1623);
#1623 = AXIS2_PLACEMENT_3D('',#1624,#1625,#1626);
#1624 = CARTESIAN_POINT('',(2.23,0.17,3.967));
#1625 = DIRECTION('',(-2.22044604925E-16,-1.,0.));
#1626 = DIRECTION('',(1.,-2.22044604925E-16,0.));
#1627 = ADVANCED_FACE('',(#1628),#1639,.F.);
#1628 = FACE_BOUND('',#1629,.F.);
#1629 = EDGE_LOOP('',(#1630,#1636,#1637,#1638));
#1630 = ORIENTED_EDGE('',*,*,#1631,.T.);
#1631 = EDGE_CURVE('',#1302,#916,#1632,.T.);
#1632 = LINE('',#1633,#1634);
#1633 = CARTESIAN_POINT('',(5.89,0.67,3.967));
#1634 = VECTOR('',#1635,1.);
#1635 = DIRECTION('',(0.,-0.,-1.));
#1636 = ORIENTED_EDGE('',*,*,#924,.T.);
#1637 = ORIENTED_EDGE('',*,*,#1586,.F.);
#1638 = ORIENTED_EDGE('',*,*,#1310,.F.);
#1639 = PLANE('',#1640);
#1640 = AXIS2_PLACEMENT_3D('',#1641,#1642,#1643);
#1641 = CARTESIAN_POINT('',(5.89,0.67,3.967));
#1642 = DIRECTION('',(1.,-2.22044604925E-16,0.));
#1643 = DIRECTION('',(2.22044604925E-16,1.,0.));
#1644 = ADVANCED_FACE('',(#1645),#1651,.F.);
#1645 = FACE_BOUND('',#1646,.F.);
#1646 = EDGE_LOOP('',(#1647,#1648,#1649,#1650));
#1647 = ORIENTED_EDGE('',*,*,#1610,.T.);
#1648 = ORIENTED_EDGE('',*,*,#915,.T.);
#1649 = ORIENTED_EDGE('',*,*,#1631,.F.);
#1650 = ORIENTED_EDGE('',*,*,#1301,.F.);
#1651 = CYLINDRICAL_SURFACE('',#1652,0.5);
#1652 = AXIS2_PLACEMENT_3D('',#1653,#1654,#1655);
#1653 = CARTESIAN_POINT('',(5.39,0.67,3.967));
#1654 = DIRECTION('',(0.,0.,1.));
#1655 = DIRECTION('',(6.661338147751E-16,-1.,0.));
#1656 = ADVANCED_FACE('',(#1657),#1673,.F.);
#1657 = FACE_BOUND('',#1658,.F.);
#1658 = EDGE_LOOP('',(#1659,#1665,#1666,#1672));
#1659 = ORIENTED_EDGE('',*,*,#1660,.T.);
#1660 = EDGE_CURVE('',#1377,#950,#1661,.T.);
#1661 = LINE('',#1662,#1663);
#1662 = CARTESIAN_POINT('',(5.89,-2.23,3.967));
#1663 = VECTOR('',#1664,1.);
#1664 = DIRECTION('',(0.,-0.,-1.));
#1665 = ORIENTED_EDGE('',*,*,#949,.T.);
#1666 = ORIENTED_EDGE('',*,*,#1667,.F.);
#1667 = EDGE_CURVE('',#1385,#952,#1668,.T.);
#1668 = LINE('',#1669,#1670);
#1669 = CARTESIAN_POINT('',(5.39,-1.73,3.967));
#1670 = VECTOR('',#1671,1.);
#1671 = DIRECTION('',(0.,-0.,-1.));
#1672 = ORIENTED_EDGE('',*,*,#1384,.F.);
#1673 = CYLINDRICAL_SURFACE('',#1674,0.5);
#1674 = AXIS2_PLACEMENT_3D('',#1675,#1676,#1677);
#1675 = CARTESIAN_POINT('',(5.39,-2.23,3.967));
#1676 = DIRECTION('',(0.,0.,1.));
#1677 = DIRECTION('',(1.,-1.110223024625E-15,0.));
#1678 = ADVANCED_FACE('',(#1679),#1690,.F.);
#1679 = FACE_BOUND('',#1680,.F.);
#1680 = EDGE_LOOP('',(#1681,#1687,#1688,#1689));
#1681 = ORIENTED_EDGE('',*,*,#1682,.T.);
#1682 = EDGE_CURVE('',#1368,#1003,#1683,.T.);
#1683 = LINE('',#1684,#1685);
#1684 = CARTESIAN_POINT('',(5.89,-6.49,3.967));
#1685 = VECTOR('',#1686,1.);
#1686 = DIRECTION('',(0.,-0.,-1.));
#1687 = ORIENTED_EDGE('',*,*,#1011,.T.);
#1688 = ORIENTED_EDGE('',*,*,#1660,.F.);
#1689 = ORIENTED_EDGE('',*,*,#1376,.F.);
#1690 = PLANE('',#1691);
#1691 = AXIS2_PLACEMENT_3D('',#1692,#1693,#1694);
#1692 = CARTESIAN_POINT('',(5.89,-6.49,3.967));
#1693 = DIRECTION('',(1.,-2.22044604925E-16,0.));
#1694 = DIRECTION('',(2.22044604925E-16,1.,0.));
#1695 = ADVANCED_FACE('',(#1696),#1723,.F.);
#1696 = FACE_BOUND('',#1697,.F.);
#1697 = EDGE_LOOP('',(#1698,#1699,#1700,#1701,#1709,#1717));
#1698 = ORIENTED_EDGE('',*,*,#1393,.F.);
#1699 = ORIENTED_EDGE('',*,*,#1667,.T.);
#1700 = ORIENTED_EDGE('',*,*,#960,.T.);
#1701 = ORIENTED_EDGE('',*,*,#1702,.F.);
#1702 = EDGE_CURVE('',#1703,#961,#1705,.T.);
#1703 = VERTEX_POINT('',#1704);
#1704 = CARTESIAN_POINT('',(2.23,-1.73,2.6335));
#1705 = LINE('',#1706,#1707);
#1706 = CARTESIAN_POINT('',(2.23,-1.73,3.967));
#1707 = VECTOR('',#1708,1.);
#1708 = DIRECTION('',(0.,-0.,-1.));
#1709 = ORIENTED_EDGE('',*,*,#1710,.F.);
#1710 = EDGE_CURVE('',#1711,#1703,#1713,.T.);
#1711 = VERTEX_POINT('',#1712);
#1712 = CARTESIAN_POINT('',(4.43,-1.73,2.6335));
#1713 = LINE('',#1714,#1715);
#1714 = CARTESIAN_POINT('',(3.81,-1.73,2.6335));
#1715 = VECTOR('',#1716,1.);
#1716 = DIRECTION('',(-1.,2.22044604925E-16,0.));
#1717 = ORIENTED_EDGE('',*,*,#1718,.F.);
#1718 = EDGE_CURVE('',#1284,#1711,#1719,.T.);
#1719 = LINE('',#1720,#1721);
#1720 = CARTESIAN_POINT('',(4.43,-1.73,3.967));
#1721 = VECTOR('',#1722,1.);
#1722 = DIRECTION('',(0.,-0.,-1.));
#1723 = PLANE('',#1724);
#1724 = AXIS2_PLACEMENT_3D('',#1725,#1726,#1727);
#1725 = CARTESIAN_POINT('',(5.39,-1.73,3.967));
#1726 = DIRECTION('',(2.22044604925E-16,1.,-0.));
#1727 = DIRECTION('',(-1.,2.22044604925E-16,0.));
#1728 = ADVANCED_FACE('',(#1729),#1740,.F.);
#1729 = FACE_BOUND('',#1730,.F.);
#1730 = EDGE_LOOP('',(#1731,#1737,#1738,#1739));
#1731 = ORIENTED_EDGE('',*,*,#1732,.T.);
#1732 = EDGE_CURVE('',#1360,#995,#1733,.T.);
#1733 = LINE('',#1734,#1735);
#1734 = CARTESIAN_POINT('',(5.39,-6.99,3.967));
#1735 = VECTOR('',#1736,1.);
#1736 = DIRECTION('',(0.,-0.,-1.));
#1737 = ORIENTED_EDGE('',*,*,#1002,.T.);
#1738 = ORIENTED_EDGE('',*,*,#1682,.F.);
#1739 = ORIENTED_EDGE('',*,*,#1367,.F.);
#1740 = CYLINDRICAL_SURFACE('',#1741,0.5);
#1741 = AXIS2_PLACEMENT_3D('',#1742,#1743,#1744);
#1742 = CARTESIAN_POINT('',(5.39,-6.49,3.967));
#1743 = DIRECTION('',(0.,0.,1.));
#1744 = DIRECTION('',(1.554312234475E-15,-1.,0.));
#1745 = ADVANCED_FACE('',(#1746),#1763,.F.);
#1746 = FACE_BOUND('',#1747,.F.);
#1747 = EDGE_LOOP('',(#1748,#1754,#1755,#1756,#1762));
#1748 = ORIENTED_EDGE('',*,*,#1749,.T.);
#1749 = EDGE_CURVE('',#1133,#1703,#1750,.T.);
#1750 = LINE('',#1751,#1752);
#1751 = CARTESIAN_POINT('',(2.23,-1.73,3.967));
#1752 = VECTOR('',#1753,1.);
#1753 = DIRECTION('',(0.,-0.,-1.));
#1754 = ORIENTED_EDGE('',*,*,#1702,.T.);
#1755 = ORIENTED_EDGE('',*,*,#968,.T.);
#1756 = ORIENTED_EDGE('',*,*,#1757,.F.);
#1757 = EDGE_CURVE('',#1141,#969,#1758,.T.);
#1758 = LINE('',#1759,#1760);
#1759 = CARTESIAN_POINT('',(1.73,-2.23,3.967));
#1760 = VECTOR('',#1761,1.);
#1761 = DIRECTION('',(0.,-0.,-1.));
#1762 = ORIENTED_EDGE('',*,*,#1140,.F.);
#1763 = CYLINDRICAL_SURFACE('',#1764,0.5);
#1764 = AXIS2_PLACEMENT_3D('',#1765,#1766,#1767);
#1765 = CARTESIAN_POINT('',(2.23,-2.23,3.967));
#1766 = DIRECTION('',(0.,0.,1.));
#1767 = DIRECTION('',(2.22044604925E-16,1.,-0.));
#1768 = ADVANCED_FACE('',(#1769),#1787,.F.);
#1769 = FACE_BOUND('',#1770,.F.);
#1770 = EDGE_LOOP('',(#1771,#1772,#1778,#1779,#1780,#1781));
#1771 = ORIENTED_EDGE('',*,*,#1527,.F.);
#1772 = ORIENTED_EDGE('',*,*,#1773,.T.);
#1773 = EDGE_CURVE('',#1528,#986,#1774,.T.);
#1774 = LINE('',#1775,#1776);
#1775 = CARTESIAN_POINT('',(2.23,-6.99,3.967));
#1776 = VECTOR('',#1777,1.);
#1777 = DIRECTION('',(0.,-0.,-1.));
#1778 = ORIENTED_EDGE('',*,*,#994,.T.);
#1779 = ORIENTED_EDGE('',*,*,#1732,.F.);
#1780 = ORIENTED_EDGE('',*,*,#1359,.F.);
#1781 = ORIENTED_EDGE('',*,*,#1782,.F.);
#1782 = EDGE_CURVE('',#1520,#1352,#1783,.T.);
#1783 = LINE('',#1784,#1785);
#1784 = CARTESIAN_POINT('',(4.43,-6.99,3.967));
#1785 = VECTOR('',#1786,1.);
#1786 = DIRECTION('',(0.,0.,1.));
#1787 = PLANE('',#1788);
#1788 = AXIS2_PLACEMENT_3D('',#1789,#1790,#1791);
#1789 = CARTESIAN_POINT('',(2.23,-6.99,3.967));
#1790 = DIRECTION('',(-2.22044604925E-16,-1.,0.));
#1791 = DIRECTION('',(1.,-2.22044604925E-16,0.));
#1792 = ADVANCED_FACE('',(#1793),#1804,.F.);
#1793 = FACE_BOUND('',#1794,.T.);
#1794 = EDGE_LOOP('',(#1795,#1796,#1802,#1803));
#1795 = ORIENTED_EDGE('',*,*,#1149,.T.);
#1796 = ORIENTED_EDGE('',*,*,#1797,.T.);
#1797 = EDGE_CURVE('',#1150,#978,#1798,.T.);
#1798 = LINE('',#1799,#1800);
#1799 = CARTESIAN_POINT('',(1.73,-6.49,3.967));
#1800 = VECTOR('',#1801,1.);
#1801 = DIRECTION('',(0.,-0.,-1.));
#1802 = ORIENTED_EDGE('',*,*,#977,.F.);
#1803 = ORIENTED_EDGE('',*,*,#1757,.F.);
#1804 = PLANE('',#1805);
#1805 = AXIS2_PLACEMENT_3D('',#1806,#1807,#1808);
#1806 = CARTESIAN_POINT('',(1.73,-4.36,3.967));
#1807 = DIRECTION('',(-1.,2.22044604925E-16,0.));
#1808 = DIRECTION('',(0.,0.,-1.));
#1809 = ADVANCED_FACE('',(#1810),#1822,.F.);
#1810 = FACE_BOUND('',#1811,.F.);
#1811 = EDGE_LOOP('',(#1812,#1813,#1814,#1815,#1821));
#1812 = ORIENTED_EDGE('',*,*,#1797,.T.);
#1813 = ORIENTED_EDGE('',*,*,#985,.T.);
#1814 = ORIENTED_EDGE('',*,*,#1773,.F.);
#1815 = ORIENTED_EDGE('',*,*,#1816,.F.);
#1816 = EDGE_CURVE('',#1158,#1528,#1817,.T.);
#1817 = LINE('',#1818,#1819);
#1818 = CARTESIAN_POINT('',(2.23,-6.99,3.967));
#1819 = VECTOR('',#1820,1.);
#1820 = DIRECTION('',(0.,-0.,-1.));
#1821 = ORIENTED_EDGE('',*,*,#1157,.F.);
#1822 = CYLINDRICAL_SURFACE('',#1823,0.5);
#1823 = AXIS2_PLACEMENT_3D('',#1824,#1825,#1826);
#1824 = CARTESIAN_POINT('',(2.23,-6.49,3.967));
#1825 = DIRECTION('',(0.,0.,1.));
#1826 = DIRECTION('',(-1.,-1.554312234475E-15,0.));
#1827 = ADVANCED_FACE('',(#1828,#1831),#1842,.T.);
#1828 = FACE_BOUND('',#1829,.T.);
#1829 = EDGE_LOOP('',(#1830));
#1830 = ORIENTED_EDGE('',*,*,#1019,.F.);
#1831 = FACE_BOUND('',#1832,.T.);
#1832 = EDGE_LOOP('',(#1833));
#1833 = ORIENTED_EDGE('',*,*,#1834,.T.);
#1834 = EDGE_CURVE('',#1835,#1835,#1837,.T.);
#1835 = VERTEX_POINT('',#1836);
#1836 = CARTESIAN_POINT('',(7.62,-8.382,1.3));
#1837 = CIRCLE('',#1838,0.762);
#1838 = AXIS2_PLACEMENT_3D('',#1839,#1840,#1841);
#1839 = CARTESIAN_POINT('',(7.62,-7.62,1.3));
#1840 = DIRECTION('',(0.,0.,1.));
#1841 = DIRECTION('',(-2.22044604925E-16,-1.,0.));
#1842 = PLANE('',#1843);
#1843 = AXIS2_PLACEMENT_3D('',#1844,#1845,#1846);
#1844 = CARTESIAN_POINT('',(7.62,-8.482,1.3));
#1845 = DIRECTION('',(0.,0.,-1.));
#1846 = DIRECTION('',(2.22044604925E-16,1.,0.));
#1847 = ADVANCED_FACE('',(#1848,#1851),#1862,.T.);
#1848 = FACE_BOUND('',#1849,.T.);
#1849 = EDGE_LOOP('',(#1850));
#1850 = ORIENTED_EDGE('',*,*,#1030,.F.);
#1851 = FACE_BOUND('',#1852,.T.);
#1852 = EDGE_LOOP('',(#1853));
#1853 = ORIENTED_EDGE('',*,*,#1854,.T.);
#1854 = EDGE_CURVE('',#1855,#1855,#1857,.T.);
#1855 = VERTEX_POINT('',#1856);
#1856 = CARTESIAN_POINT('',(7.62,-3.302,1.3));
#1857 = CIRCLE('',#1858,0.762);
#1858 = AXIS2_PLACEMENT_3D('',#1859,#1860,#1861);
#1859 = CARTESIAN_POINT('',(7.62,-2.54,1.3));
#1860 = DIRECTION('',(0.,0.,1.));
#1861 = DIRECTION('',(-2.22044604925E-16,-1.,0.));
#1862 = PLANE('',#1863);
#1863 = AXIS2_PLACEMENT_3D('',#1864,#1865,#1866);
#1864 = CARTESIAN_POINT('',(7.62,-3.402,1.3));
#1865 = DIRECTION('',(0.,0.,-1.));
#1866 = DIRECTION('',(2.22044604925E-16,1.,0.));
#1867 = ADVANCED_FACE('',(#1868,#1871),#1882,.T.);
#1868 = FACE_BOUND('',#1869,.T.);
#1869 = EDGE_LOOP('',(#1870));
#1870 = ORIENTED_EDGE('',*,*,#1041,.F.);
#1871 = FACE_BOUND('',#1872,.T.);
#1872 = EDGE_LOOP('',(#1873));
#1873 = ORIENTED_EDGE('',*,*,#1874,.T.);
#1874 = EDGE_CURVE('',#1875,#1875,#1877,.T.);
#1875 = VERTEX_POINT('',#1876);
#1876 = CARTESIAN_POINT('',(7.62,-5.842,1.3));
#1877 = CIRCLE('',#1878,0.762);
#1878 = AXIS2_PLACEMENT_3D('',#1879,#1880,#1881);
#1879 = CARTESIAN_POINT('',(7.62,-5.08,1.3));
#1880 = DIRECTION('',(0.,0.,1.));
#1881 = DIRECTION('',(-2.22044604925E-16,-1.,0.));
#1882 = PLANE('',#1883);
#1883 = AXIS2_PLACEMENT_3D('',#1884,#1885,#1886);
#1884 = CARTESIAN_POINT('',(7.62,-5.942,1.3));
#1885 = DIRECTION('',(0.,0.,-1.));
#1886 = DIRECTION('',(2.22044604925E-16,1.,0.));
#1887 = ADVANCED_FACE('',(#1888,#1891),#1902,.T.);
#1888 = FACE_BOUND('',#1889,.T.);
#1889 = EDGE_LOOP('',(#1890));
#1890 = ORIENTED_EDGE('',*,*,#1052,.F.);
#1891 = FACE_BOUND('',#1892,.T.);
#1892 = EDGE_LOOP('',(#1893));
#1893 = ORIENTED_EDGE('',*,*,#1894,.T.);
#1894 = EDGE_CURVE('',#1895,#1895,#1897,.T.);
#1895 = VERTEX_POINT('',#1896);
#1896 = CARTESIAN_POINT('',(-1.33226762955E-15,-6.858,1.3));
#1897 = CIRCLE('',#1898,0.762);
#1898 = AXIS2_PLACEMENT_3D('',#1899,#1900,#1901);
#1899 = CARTESIAN_POINT('',(-1.33226762955E-15,-7.62,1.3));
#1900 = DIRECTION('',(0.,-0.,1.));
#1901 = DIRECTION('',(3.445092848398E-16,1.,0.));
#1902 = PLANE('',#1903);
#1903 = AXIS2_PLACEMENT_3D('',#1904,#1905,#1906);
#1904 = CARTESIAN_POINT('',(-9.516482377609E-16,-6.758,1.3));
#1905 = DIRECTION('',(-0.,0.,-1.));
#1906 = DIRECTION('',(-3.445092848398E-16,-1.,0.));
#1907 = ADVANCED_FACE('',(#1908,#1911),#1922,.T.);
#1908 = FACE_BOUND('',#1909,.T.);
#1909 = EDGE_LOOP('',(#1910));
#1910 = ORIENTED_EDGE('',*,*,#1063,.F.);
#1911 = FACE_BOUND('',#1912,.T.);
#1912 = EDGE_LOOP('',(#1913));
#1913 = ORIENTED_EDGE('',*,*,#1914,.T.);
#1914 = EDGE_CURVE('',#1915,#1915,#1917,.T.);
#1915 = VERTEX_POINT('',#1916);
#1916 = CARTESIAN_POINT('',(0.,-4.318,1.3));
#1917 = CIRCLE('',#1918,0.762);
#1918 = AXIS2_PLACEMENT_3D('',#1919,#1920,#1921);
#1919 = CARTESIAN_POINT('',(-4.440892098501E-16,-5.08,1.3));
#1920 = DIRECTION('',(0.,-0.,1.));
#1921 = DIRECTION('',(3.445092848398E-16,1.,0.));
#1922 = PLANE('',#1923);
#1923 = AXIS2_PLACEMENT_3D('',#1924,#1925,#1926);
#1924 = CARTESIAN_POINT('',(-6.346981806075E-17,-4.218,1.3));
#1925 = DIRECTION('',(-0.,0.,-1.));
#1926 = DIRECTION('',(-3.445092848398E-16,-1.,0.));
#1927 = ADVANCED_FACE('',(#1928,#1931),#1942,.T.);
#1928 = FACE_BOUND('',#1929,.T.);
#1929 = EDGE_LOOP('',(#1930));
#1930 = ORIENTED_EDGE('',*,*,#1074,.F.);
#1931 = FACE_BOUND('',#1932,.T.);
#1932 = EDGE_LOOP('',(#1933));
#1933 = ORIENTED_EDGE('',*,*,#1934,.T.);
#1934 = EDGE_CURVE('',#1935,#1935,#1937,.T.);
#1935 = VERTEX_POINT('',#1936);
#1936 = CARTESIAN_POINT('',(8.881784197001E-16,-1.778,1.3));
#1937 = CIRCLE('',#1938,0.762);
#1938 = AXIS2_PLACEMENT_3D('',#1939,#1940,#1941);
#1939 = CARTESIAN_POINT('',(4.440892098501E-16,-2.54,1.3));
#1940 = DIRECTION('',(0.,-0.,1.));
#1941 = DIRECTION('',(3.445092848398E-16,1.,0.));
#1942 = PLANE('',#1943);
#1943 = AXIS2_PLACEMENT_3D('',#1944,#1945,#1946);
#1944 = CARTESIAN_POINT('',(8.247086016394E-16,-1.678,1.3));
#1945 = DIRECTION('',(-0.,0.,-1.));
#1946 = DIRECTION('',(-3.445092848398E-16,-1.,0.));
#1947 = ADVANCED_FACE('',(#1948,#1951),#1962,.T.);
#1948 = FACE_BOUND('',#1949,.T.);
#1949 = EDGE_LOOP('',(#1950));
#1950 = ORIENTED_EDGE('',*,*,#1085,.F.);
#1951 = FACE_BOUND('',#1952,.T.);
#1952 = EDGE_LOOP('',(#1953));
#1953 = ORIENTED_EDGE('',*,*,#1954,.T.);
#1954 = EDGE_CURVE('',#1955,#1955,#1957,.T.);
#1955 = VERTEX_POINT('',#1956);
#1956 = CARTESIAN_POINT('',(1.33226762955E-15,0.762,1.3));
#1957 = CIRCLE('',#1958,0.762);
#1958 = AXIS2_PLACEMENT_3D('',#1959,#1960,#1961);
#1959 = CARTESIAN_POINT('',(1.33226762955E-15,1.33226762955E-15,1.3));
#1960 = DIRECTION('',(0.,-0.,1.));
#1961 = DIRECTION('',(3.445092848398E-16,1.,0.));
#1962 = PLANE('',#1963);
#1963 = AXIS2_PLACEMENT_3D('',#1964,#1965,#1966);
#1964 = CARTESIAN_POINT('',(1.71288702134E-15,0.862,1.3));
#1965 = DIRECTION('',(-0.,0.,-1.));
#1966 = DIRECTION('',(-3.445092848398E-16,-1.,0.));
#1967 = ADVANCED_FACE('',(#1968,#1971),#1982,.T.);
#1968 = FACE_BOUND('',#1969,.T.);
#1969 = EDGE_LOOP('',(#1970));
#1970 = ORIENTED_EDGE('',*,*,#1096,.F.);
#1971 = FACE_BOUND('',#1972,.T.);
#1972 = EDGE_LOOP('',(#1973));
#1973 = ORIENTED_EDGE('',*,*,#1974,.T.);
#1974 = EDGE_CURVE('',#1975,#1975,#1977,.T.);
#1975 = VERTEX_POINT('',#1976);
#1976 = CARTESIAN_POINT('',(7.62,-0.762,1.3));
#1977 = CIRCLE('',#1978,0.762);
#1978 = AXIS2_PLACEMENT_3D('',#1979,#1980,#1981);
#1979 = CARTESIAN_POINT('',(7.62,-8.881784197001E-16,1.3));
#1980 = DIRECTION('',(0.,0.,1.));
#1981 = DIRECTION('',(-2.22044604925E-16,-1.,0.));
#1982 = PLANE('',#1983);
#1983 = AXIS2_PLACEMENT_3D('',#1984,#1985,#1986);
#1984 = CARTESIAN_POINT('',(7.62,-0.862,1.3));
#1985 = DIRECTION('',(0.,0.,-1.));
#1986 = DIRECTION('',(2.22044604925E-16,1.,0.));
#1987 = ADVANCED_FACE('',(#1988),#1999,.F.);
#1988 = FACE_BOUND('',#1989,.F.);
#1989 = EDGE_LOOP('',(#1990,#1991,#1997,#1998));
#1990 = ORIENTED_EDGE('',*,*,#1174,.T.);
#1991 = ORIENTED_EDGE('',*,*,#1992,.T.);
#1992 = EDGE_CURVE('',#1167,#1536,#1993,.T.);
#1993 = LINE('',#1994,#1995);
#1994 = CARTESIAN_POINT('',(2.23,-7.79,3.967));
#1995 = VECTOR('',#1996,1.);
#1996 = DIRECTION('',(0.,-0.,-1.));
#1997 = ORIENTED_EDGE('',*,*,#1543,.F.);
#1998 = ORIENTED_EDGE('',*,*,#1460,.F.);
#1999 = CYLINDRICAL_SURFACE('',#2000,0.5);
#2000 = AXIS2_PLACEMENT_3D('',#2001,#2002,#2003);
#2001 = CARTESIAN_POINT('',(2.23,-8.29,3.967));
#2002 = DIRECTION('',(0.,0.,1.));
#2003 = DIRECTION('',(-1.,1.998401444325E-15,0.));
#2004 = ADVANCED_FACE('',(#2005),#2016,.F.);
#2005 = FACE_BOUND('',#2006,.F.);
#2006 = EDGE_LOOP('',(#2007,#2008,#2009,#2015));
#2007 = ORIENTED_EDGE('',*,*,#1132,.F.);
#2008 = ORIENTED_EDGE('',*,*,#1568,.T.);
#2009 = ORIENTED_EDGE('',*,*,#2010,.T.);
#2010 = EDGE_CURVE('',#1561,#1703,#2011,.T.);
#2011 = LINE('',#2012,#2013);
#2012 = CARTESIAN_POINT('',(2.23,1.27,2.6335));
#2013 = VECTOR('',#2014,1.);
#2014 = DIRECTION('',(-2.22044604925E-16,-1.,0.));
#2015 = ORIENTED_EDGE('',*,*,#1749,.F.);
#2016 = PLANE('',#2017);
#2017 = AXIS2_PLACEMENT_3D('',#2018,#2019,#2020);
#2018 = CARTESIAN_POINT('',(2.23,1.27,3.967));
#2019 = DIRECTION('',(-1.,2.22044604925E-16,0.));
#2020 = DIRECTION('',(-2.22044604925E-16,-1.,0.));
#2021 = ADVANCED_FACE('',(#2022),#2028,.F.);
#2022 = FACE_BOUND('',#2023,.F.);
#2023 = EDGE_LOOP('',(#2024,#2025,#2026,#2027));
#2024 = ORIENTED_EDGE('',*,*,#1166,.F.);
#2025 = ORIENTED_EDGE('',*,*,#1816,.T.);
#2026 = ORIENTED_EDGE('',*,*,#1535,.T.);
#2027 = ORIENTED_EDGE('',*,*,#1992,.F.);
#2028 = PLANE('',#2029);
#2029 = AXIS2_PLACEMENT_3D('',#2030,#2031,#2032);
#2030 = CARTESIAN_POINT('',(2.23,1.27,3.967));
#2031 = DIRECTION('',(-1.,2.22044604925E-16,0.));
#2032 = DIRECTION('',(-2.22044604925E-16,-1.,0.));
#2033 = ADVANCED_FACE('',(#2034),#2053,.T.);
#2034 = FACE_BOUND('',#2035,.T.);
#2035 = EDGE_LOOP('',(#2036,#2044,#2051,#2052));
#2036 = ORIENTED_EDGE('',*,*,#2037,.T.);
#2037 = EDGE_CURVE('',#1193,#2038,#2040,.T.);
#2038 = VERTEX_POINT('',#2039);
#2039 = CARTESIAN_POINT('',(0.,-4.218,4.007));
#2040 = LINE('',#2041,#2042);
#2041 = CARTESIAN_POINT('',(-6.346981806075E-17,-4.218,1.3));
#2042 = VECTOR('',#2043,1.);
#2043 = DIRECTION('',(0.,0.,1.));
#2044 = ORIENTED_EDGE('',*,*,#2045,.F.);
#2045 = EDGE_CURVE('',#2038,#2038,#2046,.T.);
#2046 = CIRCLE('',#2047,0.862);
#2047 = AXIS2_PLACEMENT_3D('',#2048,#2049,#2050);
#2048 = CARTESIAN_POINT('',(-3.604368215926E-16,-5.08,4.007));
#2049 = DIRECTION('',(0.,-0.,1.));
#2050 = DIRECTION('',(3.445092848398E-16,1.,0.));
#2051 = ORIENTED_EDGE('',*,*,#2037,.F.);
#2052 = ORIENTED_EDGE('',*,*,#1192,.F.);
#2053 = CYLINDRICAL_SURFACE('',#2054,0.862);
#2054 = AXIS2_PLACEMENT_3D('',#2055,#2056,#2057);
#2055 = CARTESIAN_POINT('',(-3.604368215926E-16,-5.08,1.3));
#2056 = DIRECTION('',(0.,-0.,-1.));
#2057 = DIRECTION('',(3.445092848398E-16,1.,0.));
#2058 = ADVANCED_FACE('',(#2059),#2078,.T.);
#2059 = FACE_BOUND('',#2060,.T.);
#2060 = EDGE_LOOP('',(#2061,#2069,#2076,#2077));
#2061 = ORIENTED_EDGE('',*,*,#2062,.T.);
#2062 = EDGE_CURVE('',#1204,#2063,#2065,.T.);
#2063 = VERTEX_POINT('',#2064);
#2064 = CARTESIAN_POINT('',(8.881784197001E-16,-1.678,4.007));
#2065 = LINE('',#2066,#2067);
#2066 = CARTESIAN_POINT('',(8.247086016394E-16,-1.678,1.3));
#2067 = VECTOR('',#2068,1.);
#2068 = DIRECTION('',(0.,0.,1.));
#2069 = ORIENTED_EDGE('',*,*,#2070,.F.);
#2070 = EDGE_CURVE('',#2063,#2063,#2071,.T.);
#2071 = CIRCLE('',#2072,0.862);
#2072 = AXIS2_PLACEMENT_3D('',#2073,#2074,#2075);
#2073 = CARTESIAN_POINT('',(5.277415981075E-16,-2.54,4.007));
#2074 = DIRECTION('',(0.,-0.,1.));
#2075 = DIRECTION('',(3.445092848398E-16,1.,0.));
#2076 = ORIENTED_EDGE('',*,*,#2062,.F.);
#2077 = ORIENTED_EDGE('',*,*,#1203,.F.);
#2078 = CYLINDRICAL_SURFACE('',#2079,0.862);
#2079 = AXIS2_PLACEMENT_3D('',#2080,#2081,#2082);
#2080 = CARTESIAN_POINT('',(5.277415981075E-16,-2.54,1.3));
#2081 = DIRECTION('',(0.,-0.,-1.));
#2082 = DIRECTION('',(3.445092848398E-16,1.,0.));
#2083 = ADVANCED_FACE('',(#2084),#2103,.T.);
#2084 = FACE_BOUND('',#2085,.T.);
#2085 = EDGE_LOOP('',(#2086,#2094,#2101,#2102));
#2086 = ORIENTED_EDGE('',*,*,#2087,.T.);
#2087 = EDGE_CURVE('',#1215,#2088,#2090,.T.);
#2088 = VERTEX_POINT('',#2089);
#2089 = CARTESIAN_POINT('',(1.7763568394E-15,0.862,4.007));
#2090 = LINE('',#2091,#2092);
#2091 = CARTESIAN_POINT('',(1.71288702134E-15,0.862,1.3));
#2092 = VECTOR('',#2093,1.);
#2093 = DIRECTION('',(0.,0.,1.));
#2094 = ORIENTED_EDGE('',*,*,#2095,.F.);
#2095 = EDGE_CURVE('',#2088,#2088,#2096,.T.);
#2096 = CIRCLE('',#2097,0.862);
#2097 = AXIS2_PLACEMENT_3D('',#2098,#2099,#2100);
#2098 = CARTESIAN_POINT('',(1.415920017808E-15,1.443289932013E-15,4.007)
  );
#2099 = DIRECTION('',(0.,-0.,1.));
#2100 = DIRECTION('',(3.445092848398E-16,1.,0.));
#2101 = ORIENTED_EDGE('',*,*,#2087,.F.);
#2102 = ORIENTED_EDGE('',*,*,#1214,.F.);
#2103 = CYLINDRICAL_SURFACE('',#2104,0.862);
#2104 = AXIS2_PLACEMENT_3D('',#2105,#2106,#2107);
#2105 = CARTESIAN_POINT('',(1.415920017808E-15,1.443289932013E-15,1.3));
#2106 = DIRECTION('',(0.,-0.,-1.));
#2107 = DIRECTION('',(3.445092848398E-16,1.,0.));
#2108 = ADVANCED_FACE('',(#2109),#2128,.T.);
#2109 = FACE_BOUND('',#2110,.T.);
#2110 = EDGE_LOOP('',(#2111,#2119,#2126,#2127));
#2111 = ORIENTED_EDGE('',*,*,#2112,.T.);
#2112 = EDGE_CURVE('',#1226,#2113,#2115,.T.);
#2113 = VERTEX_POINT('',#2114);
#2114 = CARTESIAN_POINT('',(-8.881784197001E-16,-6.758,4.007));
#2115 = LINE('',#2116,#2117);
#2116 = CARTESIAN_POINT('',(-9.516482377609E-16,-6.758,1.3));
#2117 = VECTOR('',#2118,1.);
#2118 = DIRECTION('',(0.,0.,1.));
#2119 = ORIENTED_EDGE('',*,*,#2120,.F.);
#2120 = EDGE_CURVE('',#2113,#2113,#2121,.T.);
#2121 = CIRCLE('',#2122,0.862);
#2122 = AXIS2_PLACEMENT_3D('',#2123,#2124,#2125);
#2123 = CARTESIAN_POINT('',(-1.248615241293E-15,-7.62,4.007));
#2124 = DIRECTION('',(0.,-0.,1.));
#2125 = DIRECTION('',(3.445092848398E-16,1.,0.));
#2126 = ORIENTED_EDGE('',*,*,#2112,.F.);
#2127 = ORIENTED_EDGE('',*,*,#1225,.F.);
#2128 = CYLINDRICAL_SURFACE('',#2129,0.862);
#2129 = AXIS2_PLACEMENT_3D('',#2130,#2131,#2132);
#2130 = CARTESIAN_POINT('',(-1.248615241293E-15,-7.62,1.3));
#2131 = DIRECTION('',(0.,-0.,-1.));
#2132 = DIRECTION('',(3.445092848398E-16,1.,0.));
#2133 = ADVANCED_FACE('',(#2134),#2145,.F.);
#2134 = FACE_BOUND('',#2135,.F.);
#2135 = EDGE_LOOP('',(#2136,#2137,#2138,#2144));
#2136 = ORIENTED_EDGE('',*,*,#1283,.F.);
#2137 = ORIENTED_EDGE('',*,*,#1718,.T.);
#2138 = ORIENTED_EDGE('',*,*,#2139,.T.);
#2139 = EDGE_CURVE('',#1711,#1601,#2140,.T.);
#2140 = LINE('',#2141,#2142);
#2141 = CARTESIAN_POINT('',(4.43,-8.89,2.6335));
#2142 = VECTOR('',#2143,1.);
#2143 = DIRECTION('',(2.22044604925E-16,1.,0.));
#2144 = ORIENTED_EDGE('',*,*,#1617,.T.);
#2145 = PLANE('',#2146);
#2146 = AXIS2_PLACEMENT_3D('',#2147,#2148,#2149);
#2147 = CARTESIAN_POINT('',(4.43,-8.89,3.967));
#2148 = DIRECTION('',(1.,-2.22044604925E-16,0.));
#2149 = DIRECTION('',(2.22044604925E-16,1.,0.));
#2150 = ADVANCED_FACE('',(#2151),#2162,.F.);
#2151 = FACE_BOUND('',#2152,.F.);
#2152 = EDGE_LOOP('',(#2153,#2154,#2160,#2161));
#2153 = ORIENTED_EDGE('',*,*,#1351,.F.);
#2154 = ORIENTED_EDGE('',*,*,#2155,.F.);
#2155 = EDGE_CURVE('',#1512,#1344,#2156,.T.);
#2156 = LINE('',#2157,#2158);
#2157 = CARTESIAN_POINT('',(4.43,-7.79,3.967));
#2158 = VECTOR('',#2159,1.);
#2159 = DIRECTION('',(0.,0.,1.));
#2160 = ORIENTED_EDGE('',*,*,#1519,.T.);
#2161 = ORIENTED_EDGE('',*,*,#1782,.T.);
#2162 = PLANE('',#2163);
#2163 = AXIS2_PLACEMENT_3D('',#2164,#2165,#2166);
#2164 = CARTESIAN_POINT('',(4.43,-8.89,3.967));
#2165 = DIRECTION('',(1.,-2.22044604925E-16,0.));
#2166 = DIRECTION('',(2.22044604925E-16,1.,0.));
#2167 = ADVANCED_FACE('',(#2168),#2179,.T.);
#2168 = FACE_BOUND('',#2169,.T.);
#2169 = EDGE_LOOP('',(#2170,#2171,#2172,#2173));
#2170 = ORIENTED_EDGE('',*,*,#1343,.F.);
#2171 = ORIENTED_EDGE('',*,*,#2155,.F.);
#2172 = ORIENTED_EDGE('',*,*,#1511,.T.);
#2173 = ORIENTED_EDGE('',*,*,#2174,.F.);
#2174 = EDGE_CURVE('',#1335,#1503,#2175,.T.);
#2175 = LINE('',#2176,#2177);
#2176 = CARTESIAN_POINT('',(5.39,-7.79,3.967));
#2177 = VECTOR('',#2178,1.);
#2178 = DIRECTION('',(0.,-0.,-1.));
#2179 = PLANE('',#2180);
#2180 = AXIS2_PLACEMENT_3D('',#2181,#2182,#2183);
#2181 = CARTESIAN_POINT('',(2.23,-7.79,3.967));
#2182 = DIRECTION('',(-2.22044604925E-16,-1.,0.));
#2183 = DIRECTION('',(1.,-2.22044604925E-16,0.));
#2184 = ADVANCED_FACE('',(#2185),#2191,.F.);
#2185 = FACE_BOUND('',#2186,.F.);
#2186 = EDGE_LOOP('',(#2187,#2188,#2189,#2190));
#2187 = ORIENTED_EDGE('',*,*,#1334,.T.);
#2188 = ORIENTED_EDGE('',*,*,#1475,.T.);
#2189 = ORIENTED_EDGE('',*,*,#1502,.F.);
#2190 = ORIENTED_EDGE('',*,*,#2174,.F.);
#2191 = CYLINDRICAL_SURFACE('',#2192,0.5);
#2192 = AXIS2_PLACEMENT_3D('',#2193,#2194,#2195);
#2193 = CARTESIAN_POINT('',(5.39,-8.29,3.967));
#2194 = DIRECTION('',(0.,0.,1.));
#2195 = DIRECTION('',(1.110223024625E-15,1.,-0.));
#2196 = ADVANCED_FACE('',(#2197),#2216,.T.);
#2197 = FACE_BOUND('',#2198,.T.);
#2198 = EDGE_LOOP('',(#2199,#2207,#2214,#2215));
#2199 = ORIENTED_EDGE('',*,*,#2200,.T.);
#2200 = EDGE_CURVE('',#1402,#2201,#2203,.T.);
#2201 = VERTEX_POINT('',#2202);
#2202 = CARTESIAN_POINT('',(7.62,-5.942,4.007));
#2203 = LINE('',#2204,#2205);
#2204 = CARTESIAN_POINT('',(7.62,-5.942,1.3));
#2205 = VECTOR('',#2206,1.);
#2206 = DIRECTION('',(0.,0.,1.));
#2207 = ORIENTED_EDGE('',*,*,#2208,.F.);
#2208 = EDGE_CURVE('',#2201,#2201,#2209,.T.);
#2209 = CIRCLE('',#2210,0.862);
#2210 = AXIS2_PLACEMENT_3D('',#2211,#2212,#2213);
#2211 = CARTESIAN_POINT('',(7.62,-5.08,4.007));
#2212 = DIRECTION('',(0.,0.,1.));
#2213 = DIRECTION('',(-2.22044604925E-16,-1.,0.));
#2214 = ORIENTED_EDGE('',*,*,#2200,.F.);
#2215 = ORIENTED_EDGE('',*,*,#1401,.F.);
#2216 = CYLINDRICAL_SURFACE('',#2217,0.862);
#2217 = AXIS2_PLACEMENT_3D('',#2218,#2219,#2220);
#2218 = CARTESIAN_POINT('',(7.62,-5.08,1.3));
#2219 = DIRECTION('',(0.,0.,-1.));
#2220 = DIRECTION('',(-2.22044604925E-16,-1.,-0.));
#2221 = ADVANCED_FACE('',(#2222),#2241,.T.);
#2222 = FACE_BOUND('',#2223,.T.);
#2223 = EDGE_LOOP('',(#2224,#2232,#2239,#2240));
#2224 = ORIENTED_EDGE('',*,*,#2225,.T.);
#2225 = EDGE_CURVE('',#1413,#2226,#2228,.T.);
#2226 = VERTEX_POINT('',#2227);
#2227 = CARTESIAN_POINT('',(7.62,-3.402,4.007));
#2228 = LINE('',#2229,#2230);
#2229 = CARTESIAN_POINT('',(7.62,-3.402,1.3));
#2230 = VECTOR('',#2231,1.);
#2231 = DIRECTION('',(0.,0.,1.));
#2232 = ORIENTED_EDGE('',*,*,#2233,.F.);
#2233 = EDGE_CURVE('',#2226,#2226,#2234,.T.);
#2234 = CIRCLE('',#2235,0.862);
#2235 = AXIS2_PLACEMENT_3D('',#2236,#2237,#2238);
#2236 = CARTESIAN_POINT('',(7.62,-2.54,4.007));
#2237 = DIRECTION('',(0.,0.,1.));
#2238 = DIRECTION('',(-2.22044604925E-16,-1.,0.));
#2239 = ORIENTED_EDGE('',*,*,#2225,.F.);
#2240 = ORIENTED_EDGE('',*,*,#1412,.F.);
#2241 = CYLINDRICAL_SURFACE('',#2242,0.862);
#2242 = AXIS2_PLACEMENT_3D('',#2243,#2244,#2245);
#2243 = CARTESIAN_POINT('',(7.62,-2.54,1.3));
#2244 = DIRECTION('',(0.,0.,-1.));
#2245 = DIRECTION('',(-2.22044604925E-16,-1.,-0.));
#2246 = ADVANCED_FACE('',(#2247),#2266,.T.);
#2247 = FACE_BOUND('',#2248,.T.);
#2248 = EDGE_LOOP('',(#2249,#2257,#2264,#2265));
#2249 = ORIENTED_EDGE('',*,*,#2250,.T.);
#2250 = EDGE_CURVE('',#1424,#2251,#2253,.T.);
#2251 = VERTEX_POINT('',#2252);
#2252 = CARTESIAN_POINT('',(7.62,-0.862,4.007));
#2253 = LINE('',#2254,#2255);
#2254 = CARTESIAN_POINT('',(7.62,-0.862,1.3));
#2255 = VECTOR('',#2256,1.);
#2256 = DIRECTION('',(0.,0.,1.));
#2257 = ORIENTED_EDGE('',*,*,#2258,.F.);
#2258 = EDGE_CURVE('',#2251,#2251,#2259,.T.);
#2259 = CIRCLE('',#2260,0.862);
#2260 = AXIS2_PLACEMENT_3D('',#2261,#2262,#2263);
#2261 = CARTESIAN_POINT('',(7.62,-9.992007221626E-16,4.007));
#2262 = DIRECTION('',(0.,0.,1.));
#2263 = DIRECTION('',(-2.22044604925E-16,-1.,0.));
#2264 = ORIENTED_EDGE('',*,*,#2250,.F.);
#2265 = ORIENTED_EDGE('',*,*,#1423,.F.);
#2266 = CYLINDRICAL_SURFACE('',#2267,0.862);
#2267 = AXIS2_PLACEMENT_3D('',#2268,#2269,#2270);
#2268 = CARTESIAN_POINT('',(7.62,-9.992007221626E-16,1.3));
#2269 = DIRECTION('',(0.,0.,-1.));
#2270 = DIRECTION('',(-2.22044604925E-16,-1.,-0.));
#2271 = ADVANCED_FACE('',(#2272),#2291,.T.);
#2272 = FACE_BOUND('',#2273,.T.);
#2273 = EDGE_LOOP('',(#2274,#2282,#2289,#2290));
#2274 = ORIENTED_EDGE('',*,*,#2275,.T.);
#2275 = EDGE_CURVE('',#1435,#2276,#2278,.T.);
#2276 = VERTEX_POINT('',#2277);
#2277 = CARTESIAN_POINT('',(7.62,-8.482,4.007));
#2278 = LINE('',#2279,#2280);
#2279 = CARTESIAN_POINT('',(7.62,-8.482,1.3));
#2280 = VECTOR('',#2281,1.);
#2281 = DIRECTION('',(0.,0.,1.));
#2282 = ORIENTED_EDGE('',*,*,#2283,.F.);
#2283 = EDGE_CURVE('',#2276,#2276,#2284,.T.);
#2284 = CIRCLE('',#2285,0.862);
#2285 = AXIS2_PLACEMENT_3D('',#2286,#2287,#2288);
#2286 = CARTESIAN_POINT('',(7.62,-7.62,4.007));
#2287 = DIRECTION('',(0.,0.,1.));
#2288 = DIRECTION('',(-2.22044604925E-16,-1.,0.));
#2289 = ORIENTED_EDGE('',*,*,#2275,.F.);
#2290 = ORIENTED_EDGE('',*,*,#1434,.F.);
#2291 = CYLINDRICAL_SURFACE('',#2292,0.862);
#2292 = AXIS2_PLACEMENT_3D('',#2293,#2294,#2295);
#2293 = CARTESIAN_POINT('',(7.62,-7.62,1.3));
#2294 = DIRECTION('',(0.,0.,-1.));
#2295 = DIRECTION('',(-2.22044604925E-16,-1.,-0.));
#2296 = ADVANCED_FACE('',(#2297),#2303,.F.);
#2297 = FACE_BOUND('',#2298,.F.);
#2298 = EDGE_LOOP('',(#2299,#2300,#2301,#2302));
#2299 = ORIENTED_EDGE('',*,*,#1710,.T.);
#2300 = ORIENTED_EDGE('',*,*,#2010,.F.);
#2301 = ORIENTED_EDGE('',*,*,#1600,.T.);
#2302 = ORIENTED_EDGE('',*,*,#2139,.F.);
#2303 = PLANE('',#2304);
#2304 = AXIS2_PLACEMENT_3D('',#2305,#2306,#2307);
#2305 = CARTESIAN_POINT('',(2.23,1.27,2.6335));
#2306 = DIRECTION('',(0.,-0.,-1.));
#2307 = DIRECTION('',(2.22044604925E-16,1.,0.));
#2308 = ADVANCED_FACE('',(#2309),#2328,.T.);
#2309 = FACE_BOUND('',#2310,.T.);
#2310 = EDGE_LOOP('',(#2311,#2319,#2326,#2327));
#2311 = ORIENTED_EDGE('',*,*,#2312,.T.);
#2312 = EDGE_CURVE('',#1835,#2313,#2315,.T.);
#2313 = VERTEX_POINT('',#2314);
#2314 = CARTESIAN_POINT('',(7.62,-8.382,0.3));
#2315 = LINE('',#2316,#2317);
#2316 = CARTESIAN_POINT('',(7.62,-8.382,1.3));
#2317 = VECTOR('',#2318,1.);
#2318 = DIRECTION('',(0.,0.,-1.));
#2319 = ORIENTED_EDGE('',*,*,#2320,.T.);
#2320 = EDGE_CURVE('',#2313,#2313,#2321,.T.);
#2321 = CIRCLE('',#2322,0.762);
#2322 = AXIS2_PLACEMENT_3D('',#2323,#2324,#2325);
#2323 = CARTESIAN_POINT('',(7.62,-7.62,0.3));
#2324 = DIRECTION('',(0.,0.,1.));
#2325 = DIRECTION('',(-2.22044604925E-16,-1.,0.));
#2326 = ORIENTED_EDGE('',*,*,#2312,.F.);
#2327 = ORIENTED_EDGE('',*,*,#1834,.F.);
#2328 = CYLINDRICAL_SURFACE('',#2329,0.762);
#2329 = AXIS2_PLACEMENT_3D('',#2330,#2331,#2332);
#2330 = CARTESIAN_POINT('',(7.62,-7.62,1.3));
#2331 = DIRECTION('',(0.,0.,1.));
#2332 = DIRECTION('',(-2.22044604925E-16,-1.,0.));
#2333 = ADVANCED_FACE('',(#2334),#2353,.T.);
#2334 = FACE_BOUND('',#2335,.T.);
#2335 = EDGE_LOOP('',(#2336,#2344,#2351,#2352));
#2336 = ORIENTED_EDGE('',*,*,#2337,.T.);
#2337 = EDGE_CURVE('',#1855,#2338,#2340,.T.);
#2338 = VERTEX_POINT('',#2339);
#2339 = CARTESIAN_POINT('',(7.62,-3.302,0.3));
#2340 = LINE('',#2341,#2342);
#2341 = CARTESIAN_POINT('',(7.62,-3.302,1.3));
#2342 = VECTOR('',#2343,1.);
#2343 = DIRECTION('',(0.,0.,-1.));
#2344 = ORIENTED_EDGE('',*,*,#2345,.T.);
#2345 = EDGE_CURVE('',#2338,#2338,#2346,.T.);
#2346 = CIRCLE('',#2347,0.762);
#2347 = AXIS2_PLACEMENT_3D('',#2348,#2349,#2350);
#2348 = CARTESIAN_POINT('',(7.62,-2.54,0.3));
#2349 = DIRECTION('',(0.,0.,1.));
#2350 = DIRECTION('',(-2.22044604925E-16,-1.,0.));
#2351 = ORIENTED_EDGE('',*,*,#2337,.F.);
#2352 = ORIENTED_EDGE('',*,*,#1854,.F.);
#2353 = CYLINDRICAL_SURFACE('',#2354,0.762);
#2354 = AXIS2_PLACEMENT_3D('',#2355,#2356,#2357);
#2355 = CARTESIAN_POINT('',(7.62,-2.54,1.3));
#2356 = DIRECTION('',(0.,0.,1.));
#2357 = DIRECTION('',(-2.22044604925E-16,-1.,0.));
#2358 = ADVANCED_FACE('',(#2359),#2378,.T.);
#2359 = FACE_BOUND('',#2360,.T.);
#2360 = EDGE_LOOP('',(#2361,#2369,#2376,#2377));
#2361 = ORIENTED_EDGE('',*,*,#2362,.T.);
#2362 = EDGE_CURVE('',#1875,#2363,#2365,.T.);
#2363 = VERTEX_POINT('',#2364);
#2364 = CARTESIAN_POINT('',(7.62,-5.842,0.3));
#2365 = LINE('',#2366,#2367);
#2366 = CARTESIAN_POINT('',(7.62,-5.842,1.3));
#2367 = VECTOR('',#2368,1.);
#2368 = DIRECTION('',(0.,0.,-1.));
#2369 = ORIENTED_EDGE('',*,*,#2370,.T.);
#2370 = EDGE_CURVE('',#2363,#2363,#2371,.T.);
#2371 = CIRCLE('',#2372,0.762);
#2372 = AXIS2_PLACEMENT_3D('',#2373,#2374,#2375);
#2373 = CARTESIAN_POINT('',(7.62,-5.08,0.3));
#2374 = DIRECTION('',(0.,0.,1.));
#2375 = DIRECTION('',(-2.22044604925E-16,-1.,0.));
#2376 = ORIENTED_EDGE('',*,*,#2362,.F.);
#2377 = ORIENTED_EDGE('',*,*,#1874,.F.);
#2378 = CYLINDRICAL_SURFACE('',#2379,0.762);
#2379 = AXIS2_PLACEMENT_3D('',#2380,#2381,#2382);
#2380 = CARTESIAN_POINT('',(7.62,-5.08,1.3));
#2381 = DIRECTION('',(0.,0.,1.));
#2382 = DIRECTION('',(-2.22044604925E-16,-1.,0.));
#2383 = ADVANCED_FACE('',(#2384),#2403,.T.);
#2384 = FACE_BOUND('',#2385,.T.);
#2385 = EDGE_LOOP('',(#2386,#2394,#2401,#2402));
#2386 = ORIENTED_EDGE('',*,*,#2387,.T.);
#2387 = EDGE_CURVE('',#1895,#2388,#2390,.T.);
#2388 = VERTEX_POINT('',#2389);
#2389 = CARTESIAN_POINT('',(-8.881784197001E-16,-6.858,0.3));
#2390 = LINE('',#2391,#2392);
#2391 = CARTESIAN_POINT('',(-1.069751554502E-15,-6.858,1.3));
#2392 = VECTOR('',#2393,1.);
#2393 = DIRECTION('',(0.,-0.,-1.));
#2394 = ORIENTED_EDGE('',*,*,#2395,.T.);
#2395 = EDGE_CURVE('',#2388,#2388,#2396,.T.);
#2396 = CIRCLE('',#2397,0.762);
#2397 = AXIS2_PLACEMENT_3D('',#2398,#2399,#2400);
#2398 = CARTESIAN_POINT('',(-1.33226762955E-15,-7.62,0.3));
#2399 = DIRECTION('',(0.,-0.,1.));
#2400 = DIRECTION('',(3.445092848398E-16,1.,0.));
#2401 = ORIENTED_EDGE('',*,*,#2387,.F.);
#2402 = ORIENTED_EDGE('',*,*,#1894,.F.);
#2403 = CYLINDRICAL_SURFACE('',#2404,0.762);
#2404 = AXIS2_PLACEMENT_3D('',#2405,#2406,#2407);
#2405 = CARTESIAN_POINT('',(-1.33226762955E-15,-7.62,1.3));
#2406 = DIRECTION('',(0.,0.,1.));
#2407 = DIRECTION('',(3.445092848398E-16,1.,-0.));
#2408 = ADVANCED_FACE('',(#2409),#2428,.T.);
#2409 = FACE_BOUND('',#2410,.T.);
#2410 = EDGE_LOOP('',(#2411,#2419,#2426,#2427));
#2411 = ORIENTED_EDGE('',*,*,#2412,.T.);
#2412 = EDGE_CURVE('',#1915,#2413,#2415,.T.);
#2413 = VERTEX_POINT('',#2414);
#2414 = CARTESIAN_POINT('',(0.,-4.318,0.3));
#2415 = LINE('',#2416,#2417);
#2416 = CARTESIAN_POINT('',(-1.815731348022E-16,-4.318,1.3));
#2417 = VECTOR('',#2418,1.);
#2418 = DIRECTION('',(0.,-0.,-1.));
#2419 = ORIENTED_EDGE('',*,*,#2420,.T.);
#2420 = EDGE_CURVE('',#2413,#2413,#2421,.T.);
#2421 = CIRCLE('',#2422,0.762);
#2422 = AXIS2_PLACEMENT_3D('',#2423,#2424,#2425);
#2423 = CARTESIAN_POINT('',(-4.440892098501E-16,-5.08,0.3));
#2424 = DIRECTION('',(0.,-0.,1.));
#2425 = DIRECTION('',(3.445092848398E-16,1.,0.));
#2426 = ORIENTED_EDGE('',*,*,#2412,.F.);
#2427 = ORIENTED_EDGE('',*,*,#1914,.F.);
#2428 = CYLINDRICAL_SURFACE('',#2429,0.762);
#2429 = AXIS2_PLACEMENT_3D('',#2430,#2431,#2432);
#2430 = CARTESIAN_POINT('',(-4.440892098501E-16,-5.08,1.3));
#2431 = DIRECTION('',(0.,0.,1.));
#2432 = DIRECTION('',(3.445092848398E-16,1.,-0.));
#2433 = ADVANCED_FACE('',(#2434),#2453,.T.);
#2434 = FACE_BOUND('',#2435,.T.);
#2435 = EDGE_LOOP('',(#2436,#2444,#2451,#2452));
#2436 = ORIENTED_EDGE('',*,*,#2437,.T.);
#2437 = EDGE_CURVE('',#1935,#2438,#2440,.T.);
#2438 = VERTEX_POINT('',#2439);
#2439 = CARTESIAN_POINT('',(8.881784197001E-16,-1.778,0.3));
#2440 = LINE('',#2441,#2442);
#2441 = CARTESIAN_POINT('',(7.06605284898E-16,-1.778,1.3));
#2442 = VECTOR('',#2443,1.);
#2443 = DIRECTION('',(0.,-0.,-1.));
#2444 = ORIENTED_EDGE('',*,*,#2445,.T.);
#2445 = EDGE_CURVE('',#2438,#2438,#2446,.T.);
#2446 = CIRCLE('',#2447,0.762);
#2447 = AXIS2_PLACEMENT_3D('',#2448,#2449,#2450);
#2448 = CARTESIAN_POINT('',(4.440892098501E-16,-2.54,0.3));
#2449 = DIRECTION('',(0.,-0.,1.));
#2450 = DIRECTION('',(3.445092848398E-16,1.,0.));
#2451 = ORIENTED_EDGE('',*,*,#2437,.F.);
#2452 = ORIENTED_EDGE('',*,*,#1934,.F.);
#2453 = CYLINDRICAL_SURFACE('',#2454,0.762);
#2454 = AXIS2_PLACEMENT_3D('',#2455,#2456,#2457);
#2455 = CARTESIAN_POINT('',(4.440892098501E-16,-2.54,1.3));
#2456 = DIRECTION('',(0.,0.,1.));
#2457 = DIRECTION('',(3.445092848398E-16,1.,-0.));
#2458 = ADVANCED_FACE('',(#2459),#2478,.T.);
#2459 = FACE_BOUND('',#2460,.T.);
#2460 = EDGE_LOOP('',(#2461,#2469,#2476,#2477));
#2461 = ORIENTED_EDGE('',*,*,#2462,.T.);
#2462 = EDGE_CURVE('',#1955,#2463,#2465,.T.);
#2463 = VERTEX_POINT('',#2464);
#2464 = CARTESIAN_POINT('',(1.7763568394E-15,0.762,0.3));
#2465 = LINE('',#2466,#2467);
#2466 = CARTESIAN_POINT('',(1.594783704598E-15,0.762,1.3));
#2467 = VECTOR('',#2468,1.);
#2468 = DIRECTION('',(0.,-0.,-1.));
#2469 = ORIENTED_EDGE('',*,*,#2470,.T.);
#2470 = EDGE_CURVE('',#2463,#2463,#2471,.T.);
#2471 = CIRCLE('',#2472,0.762);
#2472 = AXIS2_PLACEMENT_3D('',#2473,#2474,#2475);
#2473 = CARTESIAN_POINT('',(1.33226762955E-15,1.33226762955E-15,0.3));
#2474 = DIRECTION('',(0.,-0.,1.));
#2475 = DIRECTION('',(3.445092848398E-16,1.,0.));
#2476 = ORIENTED_EDGE('',*,*,#2462,.F.);
#2477 = ORIENTED_EDGE('',*,*,#1954,.F.);
#2478 = CYLINDRICAL_SURFACE('',#2479,0.762);
#2479 = AXIS2_PLACEMENT_3D('',#2480,#2481,#2482);
#2480 = CARTESIAN_POINT('',(1.33226762955E-15,1.33226762955E-15,1.3));
#2481 = DIRECTION('',(0.,0.,1.));
#2482 = DIRECTION('',(3.445092848398E-16,1.,-0.));
#2483 = ADVANCED_FACE('',(#2484),#2503,.T.);
#2484 = FACE_BOUND('',#2485,.T.);
#2485 = EDGE_LOOP('',(#2486,#2494,#2501,#2502));
#2486 = ORIENTED_EDGE('',*,*,#2487,.T.);
#2487 = EDGE_CURVE('',#1975,#2488,#2490,.T.);
#2488 = VERTEX_POINT('',#2489);
#2489 = CARTESIAN_POINT('',(7.62,-0.762,0.3));
#2490 = LINE('',#2491,#2492);
#2491 = CARTESIAN_POINT('',(7.62,-0.762,1.3));
#2492 = VECTOR('',#2493,1.);
#2493 = DIRECTION('',(0.,0.,-1.));
#2494 = ORIENTED_EDGE('',*,*,#2495,.T.);
#2495 = EDGE_CURVE('',#2488,#2488,#2496,.T.);
#2496 = CIRCLE('',#2497,0.762);
#2497 = AXIS2_PLACEMENT_3D('',#2498,#2499,#2500);
#2498 = CARTESIAN_POINT('',(7.62,-8.881784197001E-16,0.3));
#2499 = DIRECTION('',(0.,0.,1.));
#2500 = DIRECTION('',(-2.22044604925E-16,-1.,0.));
#2501 = ORIENTED_EDGE('',*,*,#2487,.F.);
#2502 = ORIENTED_EDGE('',*,*,#1974,.F.);
#2503 = CYLINDRICAL_SURFACE('',#2504,0.762);
#2504 = AXIS2_PLACEMENT_3D('',#2505,#2506,#2507);
#2505 = CARTESIAN_POINT('',(7.62,-8.881784197001E-16,1.3));
#2506 = DIRECTION('',(0.,0.,1.));
#2507 = DIRECTION('',(-2.22044604925E-16,-1.,0.));
#2508 = ADVANCED_FACE('',(#2509,#2512),#2523,.F.);
#2509 = FACE_BOUND('',#2510,.F.);
#2510 = EDGE_LOOP('',(#2511));
#2511 = ORIENTED_EDGE('',*,*,#2045,.F.);
#2512 = FACE_BOUND('',#2513,.F.);
#2513 = EDGE_LOOP('',(#2514));
#2514 = ORIENTED_EDGE('',*,*,#2515,.F.);
#2515 = EDGE_CURVE('',#2516,#2516,#2518,.T.);
#2516 = VERTEX_POINT('',#2517);
#2517 = CARTESIAN_POINT('',(-4.440892098501E-16,-5.842,4.007));
#2518 = CIRCLE('',#2519,0.762);
#2519 = AXIS2_PLACEMENT_3D('',#2520,#2521,#2522);
#2520 = CARTESIAN_POINT('',(-2.763905940002E-16,-5.08,4.007));
#2521 = DIRECTION('',(-0.,0.,-1.));
#2522 = DIRECTION('',(-3.445092848398E-16,-1.,0.));
#2523 = PLANE('',#2524);
#2524 = AXIS2_PLACEMENT_3D('',#2525,#2526,#2527);
#2525 = CARTESIAN_POINT('',(-6.346981806075E-17,-4.218,4.007));
#2526 = DIRECTION('',(-0.,0.,-1.));
#2527 = DIRECTION('',(-3.445092848398E-16,-1.,0.));
#2528 = ADVANCED_FACE('',(#2529,#2532),#2543,.F.);
#2529 = FACE_BOUND('',#2530,.F.);
#2530 = EDGE_LOOP('',(#2531));
#2531 = ORIENTED_EDGE('',*,*,#2070,.F.);
#2532 = FACE_BOUND('',#2533,.F.);
#2533 = EDGE_LOOP('',(#2534));
#2534 = ORIENTED_EDGE('',*,*,#2535,.F.);
#2535 = EDGE_CURVE('',#2536,#2536,#2538,.T.);
#2536 = VERTEX_POINT('',#2537);
#2537 = CARTESIAN_POINT('',(4.440892098501E-16,-3.302,4.007));
#2538 = CIRCLE('',#2539,0.762);
#2539 = AXIS2_PLACEMENT_3D('',#2540,#2541,#2542);
#2540 = CARTESIAN_POINT('',(6.117878256999E-16,-2.54,4.007));
#2541 = DIRECTION('',(-0.,0.,-1.));
#2542 = DIRECTION('',(-3.445092848398E-16,-1.,0.));
#2543 = PLANE('',#2544);
#2544 = AXIS2_PLACEMENT_3D('',#2545,#2546,#2547);
#2545 = CARTESIAN_POINT('',(8.247086016394E-16,-1.678,4.007));
#2546 = DIRECTION('',(-0.,0.,-1.));
#2547 = DIRECTION('',(-3.445092848398E-16,-1.,0.));
#2548 = ADVANCED_FACE('',(#2549,#2552),#2563,.F.);
#2549 = FACE_BOUND('',#2550,.F.);
#2550 = EDGE_LOOP('',(#2551));
#2551 = ORIENTED_EDGE('',*,*,#2095,.F.);
#2552 = FACE_BOUND('',#2553,.F.);
#2553 = EDGE_LOOP('',(#2554));
#2554 = ORIENTED_EDGE('',*,*,#2555,.F.);
#2555 = EDGE_CURVE('',#2556,#2556,#2558,.T.);
#2556 = VERTEX_POINT('',#2557);
#2557 = CARTESIAN_POINT('',(1.33226762955E-15,-0.762,4.007));
#2558 = CIRCLE('',#2559,0.762);
#2559 = AXIS2_PLACEMENT_3D('',#2560,#2561,#2562);
#2560 = CARTESIAN_POINT('',(1.4999662454E-15,1.33226762955E-15,4.007));
#2561 = DIRECTION('',(-0.,0.,-1.));
#2562 = DIRECTION('',(-3.445092848398E-16,-1.,0.));
#2563 = PLANE('',#2564);
#2564 = AXIS2_PLACEMENT_3D('',#2565,#2566,#2567);
#2565 = CARTESIAN_POINT('',(1.71288702134E-15,0.862,4.007));
#2566 = DIRECTION('',(-0.,0.,-1.));
#2567 = DIRECTION('',(-3.445092848398E-16,-1.,0.));
#2568 = ADVANCED_FACE('',(#2569,#2572),#2583,.F.);
#2569 = FACE_BOUND('',#2570,.F.);
#2570 = EDGE_LOOP('',(#2571));
#2571 = ORIENTED_EDGE('',*,*,#2120,.F.);
#2572 = FACE_BOUND('',#2573,.F.);
#2573 = EDGE_LOOP('',(#2574));
#2574 = ORIENTED_EDGE('',*,*,#2575,.F.);
#2575 = EDGE_CURVE('',#2576,#2576,#2578,.T.);
#2576 = VERTEX_POINT('',#2577);
#2577 = CARTESIAN_POINT('',(-1.33226762955E-15,-8.382,4.007));
#2578 = CIRCLE('',#2579,0.762);
#2579 = AXIS2_PLACEMENT_3D('',#2580,#2581,#2582);
#2580 = CARTESIAN_POINT('',(-1.1645690137E-15,-7.62,4.007));
#2581 = DIRECTION('',(-0.,0.,-1.));
#2582 = DIRECTION('',(-3.445092848398E-16,-1.,0.));
#2583 = PLANE('',#2584);
#2584 = AXIS2_PLACEMENT_3D('',#2585,#2586,#2587);
#2585 = CARTESIAN_POINT('',(-9.516482377609E-16,-6.758,4.007));
#2586 = DIRECTION('',(-0.,0.,-1.));
#2587 = DIRECTION('',(-3.445092848398E-16,-1.,0.));
#2588 = ADVANCED_FACE('',(#2589,#2592),#2603,.F.);
#2589 = FACE_BOUND('',#2590,.F.);
#2590 = EDGE_LOOP('',(#2591));
#2591 = ORIENTED_EDGE('',*,*,#2208,.F.);
#2592 = FACE_BOUND('',#2593,.F.);
#2593 = EDGE_LOOP('',(#2594));
#2594 = ORIENTED_EDGE('',*,*,#2595,.F.);
#2595 = EDGE_CURVE('',#2596,#2596,#2598,.T.);
#2596 = VERTEX_POINT('',#2597);
#2597 = CARTESIAN_POINT('',(7.62,-4.318,4.007));
#2598 = CIRCLE('',#2599,0.762);
#2599 = AXIS2_PLACEMENT_3D('',#2600,#2601,#2602);
#2600 = CARTESIAN_POINT('',(7.62,-5.08,4.007));
#2601 = DIRECTION('',(0.,0.,-1.));
#2602 = DIRECTION('',(2.22044604925E-16,1.,0.));
#2603 = PLANE('',#2604);
#2604 = AXIS2_PLACEMENT_3D('',#2605,#2606,#2607);
#2605 = CARTESIAN_POINT('',(7.62,-5.942,4.007));
#2606 = DIRECTION('',(0.,0.,-1.));
#2607 = DIRECTION('',(2.22044604925E-16,1.,0.));
#2608 = ADVANCED_FACE('',(#2609,#2612),#2623,.F.);
#2609 = FACE_BOUND('',#2610,.F.);
#2610 = EDGE_LOOP('',(#2611));
#2611 = ORIENTED_EDGE('',*,*,#2233,.F.);
#2612 = FACE_BOUND('',#2613,.F.);
#2613 = EDGE_LOOP('',(#2614));
#2614 = ORIENTED_EDGE('',*,*,#2615,.F.);
#2615 = EDGE_CURVE('',#2616,#2616,#2618,.T.);
#2616 = VERTEX_POINT('',#2617);
#2617 = CARTESIAN_POINT('',(7.62,-1.778,4.007));
#2618 = CIRCLE('',#2619,0.762);
#2619 = AXIS2_PLACEMENT_3D('',#2620,#2621,#2622);
#2620 = CARTESIAN_POINT('',(7.62,-2.54,4.007));
#2621 = DIRECTION('',(0.,0.,-1.));
#2622 = DIRECTION('',(2.22044604925E-16,1.,0.));
#2623 = PLANE('',#2624);
#2624 = AXIS2_PLACEMENT_3D('',#2625,#2626,#2627);
#2625 = CARTESIAN_POINT('',(7.62,-3.402,4.007));
#2626 = DIRECTION('',(0.,0.,-1.));
#2627 = DIRECTION('',(2.22044604925E-16,1.,0.));
#2628 = ADVANCED_FACE('',(#2629,#2632),#2643,.F.);
#2629 = FACE_BOUND('',#2630,.F.);
#2630 = EDGE_LOOP('',(#2631));
#2631 = ORIENTED_EDGE('',*,*,#2258,.F.);
#2632 = FACE_BOUND('',#2633,.F.);
#2633 = EDGE_LOOP('',(#2634));
#2634 = ORIENTED_EDGE('',*,*,#2635,.F.);
#2635 = EDGE_CURVE('',#2636,#2636,#2638,.T.);
#2636 = VERTEX_POINT('',#2637);
#2637 = CARTESIAN_POINT('',(7.62,0.762,4.007));
#2638 = CIRCLE('',#2639,0.762);
#2639 = AXIS2_PLACEMENT_3D('',#2640,#2641,#2642);
#2640 = CARTESIAN_POINT('',(7.62,-8.881784197001E-16,4.007));
#2641 = DIRECTION('',(0.,0.,-1.));
#2642 = DIRECTION('',(2.22044604925E-16,1.,0.));
#2643 = PLANE('',#2644);
#2644 = AXIS2_PLACEMENT_3D('',#2645,#2646,#2647);
#2645 = CARTESIAN_POINT('',(7.62,-0.862,4.007));
#2646 = DIRECTION('',(0.,0.,-1.));
#2647 = DIRECTION('',(2.22044604925E-16,1.,0.));
#2648 = ADVANCED_FACE('',(#2649,#2652),#2663,.F.);
#2649 = FACE_BOUND('',#2650,.F.);
#2650 = EDGE_LOOP('',(#2651));
#2651 = ORIENTED_EDGE('',*,*,#2283,.F.);
#2652 = FACE_BOUND('',#2653,.F.);
#2653 = EDGE_LOOP('',(#2654));
#2654 = ORIENTED_EDGE('',*,*,#2655,.F.);
#2655 = EDGE_CURVE('',#2656,#2656,#2658,.T.);
#2656 = VERTEX_POINT('',#2657);
#2657 = CARTESIAN_POINT('',(7.62,-6.858,4.007));
#2658 = CIRCLE('',#2659,0.762);
#2659 = AXIS2_PLACEMENT_3D('',#2660,#2661,#2662);
#2660 = CARTESIAN_POINT('',(7.62,-7.62,4.007));
#2661 = DIRECTION('',(0.,0.,-1.));
#2662 = DIRECTION('',(2.22044604925E-16,1.,0.));
#2663 = PLANE('',#2664);
#2664 = AXIS2_PLACEMENT_3D('',#2665,#2666,#2667);
#2665 = CARTESIAN_POINT('',(7.62,-8.482,4.007));
#2666 = DIRECTION('',(0.,0.,-1.));
#2667 = DIRECTION('',(2.22044604925E-16,1.,0.));
#2668 = ADVANCED_FACE('',(#2669),#2688,.T.);
#2669 = FACE_BOUND('',#2670,.T.);
#2670 = EDGE_LOOP('',(#2671,#2680,#2686,#2687));
#2671 = ORIENTED_EDGE('',*,*,#2672,.T.);
#2672 = EDGE_CURVE('',#2673,#2673,#2675,.T.);
#2673 = VERTEX_POINT('',#2674);
#2674 = CARTESIAN_POINT('',(7.62,-8.082,0.));
#2675 = CIRCLE('',#2676,0.462);
#2676 = AXIS2_PLACEMENT_3D('',#2677,#2678,#2679);
#2677 = CARTESIAN_POINT('',(7.62,-7.62,0.));
#2678 = DIRECTION('',(0.,0.,1.));
#2679 = DIRECTION('',(-2.22044604925E-16,-1.,0.));
#2680 = ORIENTED_EDGE('',*,*,#2681,.F.);
#2681 = EDGE_CURVE('',#2313,#2673,#2682,.T.);
#2682 = LINE('',#2683,#2684);
#2683 = CARTESIAN_POINT('',(7.62,-8.382,0.3));
#2684 = VECTOR('',#2685,1.);
#2685 = DIRECTION('',(1.570092458683E-16,0.707106781187,-0.707106781187)
  );
#2686 = ORIENTED_EDGE('',*,*,#2320,.F.);
#2687 = ORIENTED_EDGE('',*,*,#2681,.T.);
#2688 = CONICAL_SURFACE('',#2689,0.762,0.785398163397);
#2689 = AXIS2_PLACEMENT_3D('',#2690,#2691,#2692);
#2690 = CARTESIAN_POINT('',(7.62,-7.62,0.3));
#2691 = DIRECTION('',(0.,0.,1.));
#2692 = DIRECTION('',(-2.22044604925E-16,-1.,0.));
#2693 = ADVANCED_FACE('',(#2694),#2713,.T.);
#2694 = FACE_BOUND('',#2695,.T.);
#2695 = EDGE_LOOP('',(#2696,#2705,#2711,#2712));
#2696 = ORIENTED_EDGE('',*,*,#2697,.T.);
#2697 = EDGE_CURVE('',#2698,#2698,#2700,.T.);
#2698 = VERTEX_POINT('',#2699);
#2699 = CARTESIAN_POINT('',(7.62,-3.002,0.));
#2700 = CIRCLE('',#2701,0.462);
#2701 = AXIS2_PLACEMENT_3D('',#2702,#2703,#2704);
#2702 = CARTESIAN_POINT('',(7.62,-2.54,0.));
#2703 = DIRECTION('',(0.,0.,1.));
#2704 = DIRECTION('',(-2.22044604925E-16,-1.,0.));
#2705 = ORIENTED_EDGE('',*,*,#2706,.F.);
#2706 = EDGE_CURVE('',#2338,#2698,#2707,.T.);
#2707 = LINE('',#2708,#2709);
#2708 = CARTESIAN_POINT('',(7.62,-3.302,0.3));
#2709 = VECTOR('',#2710,1.);
#2710 = DIRECTION('',(1.570092458683E-16,0.707106781187,-0.707106781187)
  );
#2711 = ORIENTED_EDGE('',*,*,#2345,.F.);
#2712 = ORIENTED_EDGE('',*,*,#2706,.T.);
#2713 = CONICAL_SURFACE('',#2714,0.762,0.785398163397);
#2714 = AXIS2_PLACEMENT_3D('',#2715,#2716,#2717);
#2715 = CARTESIAN_POINT('',(7.62,-2.54,0.3));
#2716 = DIRECTION('',(0.,0.,1.));
#2717 = DIRECTION('',(-2.22044604925E-16,-1.,0.));
#2718 = ADVANCED_FACE('',(#2719),#2738,.T.);
#2719 = FACE_BOUND('',#2720,.T.);
#2720 = EDGE_LOOP('',(#2721,#2730,#2736,#2737));
#2721 = ORIENTED_EDGE('',*,*,#2722,.T.);
#2722 = EDGE_CURVE('',#2723,#2723,#2725,.T.);
#2723 = VERTEX_POINT('',#2724);
#2724 = CARTESIAN_POINT('',(7.62,-5.542,0.));
#2725 = CIRCLE('',#2726,0.462);
#2726 = AXIS2_PLACEMENT_3D('',#2727,#2728,#2729);
#2727 = CARTESIAN_POINT('',(7.62,-5.08,0.));
#2728 = DIRECTION('',(0.,0.,1.));
#2729 = DIRECTION('',(-2.22044604925E-16,-1.,0.));
#2730 = ORIENTED_EDGE('',*,*,#2731,.F.);
#2731 = EDGE_CURVE('',#2363,#2723,#2732,.T.);
#2732 = LINE('',#2733,#2734);
#2733 = CARTESIAN_POINT('',(7.62,-5.842,0.3));
#2734 = VECTOR('',#2735,1.);
#2735 = DIRECTION('',(1.570092458683E-16,0.707106781187,-0.707106781187)
  );
#2736 = ORIENTED_EDGE('',*,*,#2370,.F.);
#2737 = ORIENTED_EDGE('',*,*,#2731,.T.);
#2738 = CONICAL_SURFACE('',#2739,0.762,0.785398163397);
#2739 = AXIS2_PLACEMENT_3D('',#2740,#2741,#2742);
#2740 = CARTESIAN_POINT('',(7.62,-5.08,0.3));
#2741 = DIRECTION('',(0.,0.,1.));
#2742 = DIRECTION('',(-2.22044604925E-16,-1.,0.));
#2743 = ADVANCED_FACE('',(#2744),#2763,.T.);
#2744 = FACE_BOUND('',#2745,.T.);
#2745 = EDGE_LOOP('',(#2746,#2755,#2761,#2762));
#2746 = ORIENTED_EDGE('',*,*,#2747,.T.);
#2747 = EDGE_CURVE('',#2748,#2748,#2750,.T.);
#2748 = VERTEX_POINT('',#2749);
#2749 = CARTESIAN_POINT('',(-1.33226762955E-15,-7.158,0.));
#2750 = CIRCLE('',#2751,0.462);
#2751 = AXIS2_PLACEMENT_3D('',#2752,#2753,#2754);
#2752 = CARTESIAN_POINT('',(-1.33226762955E-15,-7.62,0.));
#2753 = DIRECTION('',(0.,-0.,1.));
#2754 = DIRECTION('',(3.445092848398E-16,1.,0.));
#2755 = ORIENTED_EDGE('',*,*,#2756,.F.);
#2756 = EDGE_CURVE('',#2388,#2748,#2757,.T.);
#2757 = LINE('',#2758,#2759);
#2758 = CARTESIAN_POINT('',(-1.069751554502E-15,-6.858,0.3));
#2759 = VECTOR('',#2760,1.);
#2760 = DIRECTION('',(-2.436048514917E-16,-0.707106781187,
    -0.707106781187));
#2761 = ORIENTED_EDGE('',*,*,#2395,.F.);
#2762 = ORIENTED_EDGE('',*,*,#2756,.T.);
#2763 = CONICAL_SURFACE('',#2764,0.762,0.785398163397);
#2764 = AXIS2_PLACEMENT_3D('',#2765,#2766,#2767);
#2765 = CARTESIAN_POINT('',(-1.33226762955E-15,-7.62,0.3));
#2766 = DIRECTION('',(0.,0.,1.));
#2767 = DIRECTION('',(3.445092848398E-16,1.,-0.));
#2768 = ADVANCED_FACE('',(#2769),#2788,.T.);
#2769 = FACE_BOUND('',#2770,.T.);
#2770 = EDGE_LOOP('',(#2771,#2780,#2786,#2787));
#2771 = ORIENTED_EDGE('',*,*,#2772,.T.);
#2772 = EDGE_CURVE('',#2773,#2773,#2775,.T.);
#2773 = VERTEX_POINT('',#2774);
#2774 = CARTESIAN_POINT('',(-4.440892098501E-16,-4.618,0.));
#2775 = CIRCLE('',#2776,0.462);
#2776 = AXIS2_PLACEMENT_3D('',#2777,#2778,#2779);
#2777 = CARTESIAN_POINT('',(-4.440892098501E-16,-5.08,0.));
#2778 = DIRECTION('',(0.,-0.,1.));
#2779 = DIRECTION('',(3.445092848398E-16,1.,0.));
#2780 = ORIENTED_EDGE('',*,*,#2781,.F.);
#2781 = EDGE_CURVE('',#2413,#2773,#2782,.T.);
#2782 = LINE('',#2783,#2784);
#2783 = CARTESIAN_POINT('',(-1.815731348022E-16,-4.318,0.3));
#2784 = VECTOR('',#2785,1.);
#2785 = DIRECTION('',(-2.436048514917E-16,-0.707106781187,
    -0.707106781187));
#2786 = ORIENTED_EDGE('',*,*,#2420,.F.);
#2787 = ORIENTED_EDGE('',*,*,#2781,.T.);
#2788 = CONICAL_SURFACE('',#2789,0.762,0.785398163397);
#2789 = AXIS2_PLACEMENT_3D('',#2790,#2791,#2792);
#2790 = CARTESIAN_POINT('',(-4.440892098501E-16,-5.08,0.3));
#2791 = DIRECTION('',(0.,0.,1.));
#2792 = DIRECTION('',(3.445092848398E-16,1.,-0.));
#2793 = ADVANCED_FACE('',(#2794),#2813,.T.);
#2794 = FACE_BOUND('',#2795,.T.);
#2795 = EDGE_LOOP('',(#2796,#2805,#2811,#2812));
#2796 = ORIENTED_EDGE('',*,*,#2797,.T.);
#2797 = EDGE_CURVE('',#2798,#2798,#2800,.T.);
#2798 = VERTEX_POINT('',#2799);
#2799 = CARTESIAN_POINT('',(4.440892098501E-16,-2.078,0.));
#2800 = CIRCLE('',#2801,0.462);
#2801 = AXIS2_PLACEMENT_3D('',#2802,#2803,#2804);
#2802 = CARTESIAN_POINT('',(4.440892098501E-16,-2.54,0.));
#2803 = DIRECTION('',(0.,-0.,1.));
#2804 = DIRECTION('',(3.445092848398E-16,1.,0.));
#2805 = ORIENTED_EDGE('',*,*,#2806,.F.);
#2806 = EDGE_CURVE('',#2438,#2798,#2807,.T.);
#2807 = LINE('',#2808,#2809);
#2808 = CARTESIAN_POINT('',(7.06605284898E-16,-1.778,0.3));
#2809 = VECTOR('',#2810,1.);
#2810 = DIRECTION('',(-2.436048514917E-16,-0.707106781187,
    -0.707106781187));
#2811 = ORIENTED_EDGE('',*,*,#2445,.F.);
#2812 = ORIENTED_EDGE('',*,*,#2806,.T.);
#2813 = CONICAL_SURFACE('',#2814,0.762,0.785398163397);
#2814 = AXIS2_PLACEMENT_3D('',#2815,#2816,#2817);
#2815 = CARTESIAN_POINT('',(4.440892098501E-16,-2.54,0.3));
#2816 = DIRECTION('',(0.,0.,1.));
#2817 = DIRECTION('',(3.445092848398E-16,1.,-0.));
#2818 = ADVANCED_FACE('',(#2819),#2838,.T.);
#2819 = FACE_BOUND('',#2820,.T.);
#2820 = EDGE_LOOP('',(#2821,#2830,#2836,#2837));
#2821 = ORIENTED_EDGE('',*,*,#2822,.T.);
#2822 = EDGE_CURVE('',#2823,#2823,#2825,.T.);
#2823 = VERTEX_POINT('',#2824);
#2824 = CARTESIAN_POINT('',(1.33226762955E-15,0.462,0.));
#2825 = CIRCLE('',#2826,0.462);
#2826 = AXIS2_PLACEMENT_3D('',#2827,#2828,#2829);
#2827 = CARTESIAN_POINT('',(1.33226762955E-15,1.33226762955E-15,0.));
#2828 = DIRECTION('',(0.,-0.,1.));
#2829 = DIRECTION('',(3.445092848398E-16,1.,0.));
#2830 = ORIENTED_EDGE('',*,*,#2831,.F.);
#2831 = EDGE_CURVE('',#2463,#2823,#2832,.T.);
#2832 = LINE('',#2833,#2834);
#2833 = CARTESIAN_POINT('',(1.594783704598E-15,0.762,0.3));
#2834 = VECTOR('',#2835,1.);
#2835 = DIRECTION('',(-2.436048514917E-16,-0.707106781187,
    -0.707106781187));
#2836 = ORIENTED_EDGE('',*,*,#2470,.F.);
#2837 = ORIENTED_EDGE('',*,*,#2831,.T.);
#2838 = CONICAL_SURFACE('',#2839,0.762,0.785398163397);
#2839 = AXIS2_PLACEMENT_3D('',#2840,#2841,#2842);
#2840 = CARTESIAN_POINT('',(1.33226762955E-15,1.33226762955E-15,0.3));
#2841 = DIRECTION('',(0.,0.,1.));
#2842 = DIRECTION('',(3.445092848398E-16,1.,-0.));
#2843 = ADVANCED_FACE('',(#2844),#2863,.T.);
#2844 = FACE_BOUND('',#2845,.T.);
#2845 = EDGE_LOOP('',(#2846,#2855,#2861,#2862));
#2846 = ORIENTED_EDGE('',*,*,#2847,.T.);
#2847 = EDGE_CURVE('',#2848,#2848,#2850,.T.);
#2848 = VERTEX_POINT('',#2849);
#2849 = CARTESIAN_POINT('',(7.62,-0.462,0.));
#2850 = CIRCLE('',#2851,0.462);
#2851 = AXIS2_PLACEMENT_3D('',#2852,#2853,#2854);
#2852 = CARTESIAN_POINT('',(7.62,-8.881784197001E-16,0.));
#2853 = DIRECTION('',(0.,0.,1.));
#2854 = DIRECTION('',(-2.22044604925E-16,-1.,0.));
#2855 = ORIENTED_EDGE('',*,*,#2856,.F.);
#2856 = EDGE_CURVE('',#2488,#2848,#2857,.T.);
#2857 = LINE('',#2858,#2859);
#2858 = CARTESIAN_POINT('',(7.62,-0.762,0.3));
#2859 = VECTOR('',#2860,1.);
#2860 = DIRECTION('',(1.570092458683E-16,0.707106781187,-0.707106781187)
  );
#2861 = ORIENTED_EDGE('',*,*,#2495,.F.);
#2862 = ORIENTED_EDGE('',*,*,#2856,.T.);
#2863 = CONICAL_SURFACE('',#2864,0.762,0.785398163397);
#2864 = AXIS2_PLACEMENT_3D('',#2865,#2866,#2867);
#2865 = CARTESIAN_POINT('',(7.62,-8.881784197001E-16,0.3));
#2866 = DIRECTION('',(0.,0.,1.));
#2867 = DIRECTION('',(-2.22044604925E-16,-1.,0.));
#2868 = ADVANCED_FACE('',(#2869),#2888,.F.);
#2869 = FACE_BOUND('',#2870,.F.);
#2870 = EDGE_LOOP('',(#2871,#2879,#2886,#2887));
#2871 = ORIENTED_EDGE('',*,*,#2872,.T.);
#2872 = EDGE_CURVE('',#2516,#2873,#2875,.T.);
#2873 = VERTEX_POINT('',#2874);
#2874 = CARTESIAN_POINT('',(0.,-5.334,3.422612849132));
#2875 = LINE('',#2876,#2877);
#2876 = CARTESIAN_POINT('',(-3.522704968581E-16,-5.842,4.007));
#2877 = VECTOR('',#2878,1.);
#2878 = DIRECTION('',(6.533030890917E-17,0.656059028991,-0.754709580223)
  );
#2879 = ORIENTED_EDGE('',*,*,#2880,.F.);
#2880 = EDGE_CURVE('',#2873,#2873,#2881,.T.);
#2881 = CIRCLE('',#2882,0.254);
#2882 = AXIS2_PLACEMENT_3D('',#2883,#2884,#2885);
#2883 = CARTESIAN_POINT('',(-2.763905940002E-16,-5.08,3.422612849132));
#2884 = DIRECTION('',(0.,0.,-1.));
#2885 = DIRECTION('',(-1.,3.445092848398E-16,0.));
#2886 = ORIENTED_EDGE('',*,*,#2872,.F.);
#2887 = ORIENTED_EDGE('',*,*,#2515,.T.);
#2888 = CONICAL_SURFACE('',#2889,0.762,0.715584993318);
#2889 = AXIS2_PLACEMENT_3D('',#2890,#2891,#2892);
#2890 = CARTESIAN_POINT('',(-2.763905940002E-16,-5.08,4.007));
#2891 = DIRECTION('',(0.,0.,1.));
#2892 = DIRECTION('',(-3.445092848398E-16,-1.,0.));
#2893 = ADVANCED_FACE('',(#2894),#2913,.F.);
#2894 = FACE_BOUND('',#2895,.F.);
#2895 = EDGE_LOOP('',(#2896,#2904,#2911,#2912));
#2896 = ORIENTED_EDGE('',*,*,#2897,.T.);
#2897 = EDGE_CURVE('',#2536,#2898,#2900,.T.);
#2898 = VERTEX_POINT('',#2899);
#2899 = CARTESIAN_POINT('',(8.881784197001E-16,-2.794,3.422612849132));
#2900 = LINE('',#2901,#2902);
#2901 = CARTESIAN_POINT('',(5.35907922842E-16,-3.302,4.007));
#2902 = VECTOR('',#2903,1.);
#2903 = DIRECTION('',(6.533030890917E-17,0.656059028991,-0.754709580223)
  );
#2904 = ORIENTED_EDGE('',*,*,#2905,.F.);
#2905 = EDGE_CURVE('',#2898,#2898,#2906,.T.);
#2906 = CIRCLE('',#2907,0.254);
#2907 = AXIS2_PLACEMENT_3D('',#2908,#2909,#2910);
#2908 = CARTESIAN_POINT('',(6.117878256999E-16,-2.54,3.422612849132));
#2909 = DIRECTION('',(0.,0.,-1.));
#2910 = DIRECTION('',(-1.,3.445092848398E-16,0.));
#2911 = ORIENTED_EDGE('',*,*,#2897,.F.);
#2912 = ORIENTED_EDGE('',*,*,#2535,.T.);
#2913 = CONICAL_SURFACE('',#2914,0.762,0.715584993318);
#2914 = AXIS2_PLACEMENT_3D('',#2915,#2916,#2917);
#2915 = CARTESIAN_POINT('',(6.117878256999E-16,-2.54,4.007));
#2916 = DIRECTION('',(0.,0.,1.));
#2917 = DIRECTION('',(-3.445092848398E-16,-1.,0.));
#2918 = ADVANCED_FACE('',(#2919),#2938,.F.);
#2919 = FACE_BOUND('',#2920,.F.);
#2920 = EDGE_LOOP('',(#2921,#2929,#2936,#2937));
#2921 = ORIENTED_EDGE('',*,*,#2922,.T.);
#2922 = EDGE_CURVE('',#2556,#2923,#2925,.T.);
#2923 = VERTEX_POINT('',#2924);
#2924 = CARTESIAN_POINT('',(1.7763568394E-15,-0.254,3.422612849132));
#2925 = LINE('',#2926,#2927);
#2926 = CARTESIAN_POINT('',(1.424086342542E-15,-0.762,4.007));
#2927 = VECTOR('',#2928,1.);
#2928 = DIRECTION('',(6.533030890917E-17,0.656059028991,-0.754709580223)
  );
#2929 = ORIENTED_EDGE('',*,*,#2930,.F.);
#2930 = EDGE_CURVE('',#2923,#2923,#2931,.T.);
#2931 = CIRCLE('',#2932,0.254);
#2932 = AXIS2_PLACEMENT_3D('',#2933,#2934,#2935);
#2933 = CARTESIAN_POINT('',(1.4999662454E-15,1.33226762955E-15,
    3.422612849132));
#2934 = DIRECTION('',(0.,0.,-1.));
#2935 = DIRECTION('',(-1.,3.445092848398E-16,0.));
#2936 = ORIENTED_EDGE('',*,*,#2922,.F.);
#2937 = ORIENTED_EDGE('',*,*,#2555,.T.);
#2938 = CONICAL_SURFACE('',#2939,0.762,0.715584993318);
#2939 = AXIS2_PLACEMENT_3D('',#2940,#2941,#2942);
#2940 = CARTESIAN_POINT('',(1.4999662454E-15,1.33226762955E-15,4.007));
#2941 = DIRECTION('',(0.,0.,1.));
#2942 = DIRECTION('',(-3.445092848398E-16,-1.,0.));
#2943 = ADVANCED_FACE('',(#2944),#2963,.F.);
#2944 = FACE_BOUND('',#2945,.F.);
#2945 = EDGE_LOOP('',(#2946,#2954,#2961,#2962));
#2946 = ORIENTED_EDGE('',*,*,#2947,.T.);
#2947 = EDGE_CURVE('',#2576,#2948,#2950,.T.);
#2948 = VERTEX_POINT('',#2949);
#2949 = CARTESIAN_POINT('',(-8.881784197001E-16,-7.874,3.422612849132));
#2950 = LINE('',#2951,#2952);
#2951 = CARTESIAN_POINT('',(-1.240448916558E-15,-8.382,4.007));
#2952 = VECTOR('',#2953,1.);
#2953 = DIRECTION('',(6.533030890917E-17,0.656059028991,-0.754709580223)
  );
#2954 = ORIENTED_EDGE('',*,*,#2955,.F.);
#2955 = EDGE_CURVE('',#2948,#2948,#2956,.T.);
#2956 = CIRCLE('',#2957,0.254);
#2957 = AXIS2_PLACEMENT_3D('',#2958,#2959,#2960);
#2958 = CARTESIAN_POINT('',(-1.1645690137E-15,-7.62,3.422612849132));
#2959 = DIRECTION('',(0.,0.,-1.));
#2960 = DIRECTION('',(-1.,3.445092848398E-16,0.));
#2961 = ORIENTED_EDGE('',*,*,#2947,.F.);
#2962 = ORIENTED_EDGE('',*,*,#2575,.T.);
#2963 = CONICAL_SURFACE('',#2964,0.762,0.715584993318);
#2964 = AXIS2_PLACEMENT_3D('',#2965,#2966,#2967);
#2965 = CARTESIAN_POINT('',(-1.1645690137E-15,-7.62,4.007));
#2966 = DIRECTION('',(0.,0.,1.));
#2967 = DIRECTION('',(-3.445092848398E-16,-1.,0.));
#2968 = ADVANCED_FACE('',(#2969),#2988,.F.);
#2969 = FACE_BOUND('',#2970,.F.);
#2970 = EDGE_LOOP('',(#2971,#2979,#2986,#2987));
#2971 = ORIENTED_EDGE('',*,*,#2972,.T.);
#2972 = EDGE_CURVE('',#2596,#2973,#2975,.T.);
#2973 = VERTEX_POINT('',#2974);
#2974 = CARTESIAN_POINT('',(7.62,-4.826,3.422612849132));
#2975 = LINE('',#2976,#2977);
#2976 = CARTESIAN_POINT('',(7.62,-4.318,4.007));
#2977 = VECTOR('',#2978,1.);
#2978 = DIRECTION('',(1.501375008128E-17,-0.656059028991,-0.754709580223
    ));
#2979 = ORIENTED_EDGE('',*,*,#2980,.F.);
#2980 = EDGE_CURVE('',#2973,#2973,#2981,.T.);
#2981 = CIRCLE('',#2982,0.254);
#2982 = AXIS2_PLACEMENT_3D('',#2983,#2984,#2985);
#2983 = CARTESIAN_POINT('',(7.62,-5.08,3.422612849132));
#2984 = DIRECTION('',(0.,-0.,-1.));
#2985 = DIRECTION('',(1.,-2.22044604925E-16,0.));
#2986 = ORIENTED_EDGE('',*,*,#2972,.F.);
#2987 = ORIENTED_EDGE('',*,*,#2595,.T.);
#2988 = CONICAL_SURFACE('',#2989,0.762,0.715584993318);
#2989 = AXIS2_PLACEMENT_3D('',#2990,#2991,#2992);
#2990 = CARTESIAN_POINT('',(7.62,-5.08,4.007));
#2991 = DIRECTION('',(0.,0.,1.));
#2992 = DIRECTION('',(2.22044604925E-16,1.,-0.));
#2993 = ADVANCED_FACE('',(#2994),#3013,.F.);
#2994 = FACE_BOUND('',#2995,.F.);
#2995 = EDGE_LOOP('',(#2996,#3004,#3011,#3012));
#2996 = ORIENTED_EDGE('',*,*,#2997,.T.);
#2997 = EDGE_CURVE('',#2616,#2998,#3000,.T.);
#2998 = VERTEX_POINT('',#2999);
#2999 = CARTESIAN_POINT('',(7.62,-2.286,3.422612849132));
#3000 = LINE('',#3001,#3002);
#3001 = CARTESIAN_POINT('',(7.62,-1.778,4.007));
#3002 = VECTOR('',#3003,1.);
#3003 = DIRECTION('',(1.501375008128E-17,-0.656059028991,-0.754709580223
    ));
#3004 = ORIENTED_EDGE('',*,*,#3005,.F.);
#3005 = EDGE_CURVE('',#2998,#2998,#3006,.T.);
#3006 = CIRCLE('',#3007,0.254);
#3007 = AXIS2_PLACEMENT_3D('',#3008,#3009,#3010);
#3008 = CARTESIAN_POINT('',(7.62,-2.54,3.422612849132));
#3009 = DIRECTION('',(0.,-0.,-1.));
#3010 = DIRECTION('',(1.,-2.22044604925E-16,0.));
#3011 = ORIENTED_EDGE('',*,*,#2997,.F.);
#3012 = ORIENTED_EDGE('',*,*,#2615,.T.);
#3013 = CONICAL_SURFACE('',#3014,0.762,0.715584993318);
#3014 = AXIS2_PLACEMENT_3D('',#3015,#3016,#3017);
#3015 = CARTESIAN_POINT('',(7.62,-2.54,4.007));
#3016 = DIRECTION('',(0.,0.,1.));
#3017 = DIRECTION('',(2.22044604925E-16,1.,-0.));
#3018 = ADVANCED_FACE('',(#3019),#3038,.F.);
#3019 = FACE_BOUND('',#3020,.F.);
#3020 = EDGE_LOOP('',(#3021,#3029,#3036,#3037));
#3021 = ORIENTED_EDGE('',*,*,#3022,.T.);
#3022 = EDGE_CURVE('',#2636,#3023,#3025,.T.);
#3023 = VERTEX_POINT('',#3024);
#3024 = CARTESIAN_POINT('',(7.62,0.254,3.422612849132));
#3025 = LINE('',#3026,#3027);
#3026 = CARTESIAN_POINT('',(7.62,0.762,4.007));
#3027 = VECTOR('',#3028,1.);
#3028 = DIRECTION('',(1.501375008128E-17,-0.656059028991,-0.754709580223
    ));
#3029 = ORIENTED_EDGE('',*,*,#3030,.F.);
#3030 = EDGE_CURVE('',#3023,#3023,#3031,.T.);
#3031 = CIRCLE('',#3032,0.254);
#3032 = AXIS2_PLACEMENT_3D('',#3033,#3034,#3035);
#3033 = CARTESIAN_POINT('',(7.62,-8.881784197001E-16,3.422612849132));
#3034 = DIRECTION('',(0.,-0.,-1.));
#3035 = DIRECTION('',(1.,-2.22044604925E-16,0.));
#3036 = ORIENTED_EDGE('',*,*,#3022,.F.);
#3037 = ORIENTED_EDGE('',*,*,#2635,.T.);
#3038 = CONICAL_SURFACE('',#3039,0.762,0.715584993318);
#3039 = AXIS2_PLACEMENT_3D('',#3040,#3041,#3042);
#3040 = CARTESIAN_POINT('',(7.62,-8.881784197001E-16,4.007));
#3041 = DIRECTION('',(0.,0.,1.));
#3042 = DIRECTION('',(2.22044604925E-16,1.,-0.));
#3043 = ADVANCED_FACE('',(#3044),#3063,.F.);
#3044 = FACE_BOUND('',#3045,.F.);
#3045 = EDGE_LOOP('',(#3046,#3054,#3061,#3062));
#3046 = ORIENTED_EDGE('',*,*,#3047,.T.);
#3047 = EDGE_CURVE('',#2656,#3048,#3050,.T.);
#3048 = VERTEX_POINT('',#3049);
#3049 = CARTESIAN_POINT('',(7.62,-7.366,3.422612849132));
#3050 = LINE('',#3051,#3052);
#3051 = CARTESIAN_POINT('',(7.62,-6.858,4.007));
#3052 = VECTOR('',#3053,1.);
#3053 = DIRECTION('',(1.501375008128E-17,-0.656059028991,-0.754709580223
    ));
#3054 = ORIENTED_EDGE('',*,*,#3055,.F.);
#3055 = EDGE_CURVE('',#3048,#3048,#3056,.T.);
#3056 = CIRCLE('',#3057,0.254);
#3057 = AXIS2_PLACEMENT_3D('',#3058,#3059,#3060);
#3058 = CARTESIAN_POINT('',(7.62,-7.62,3.422612849132));
#3059 = DIRECTION('',(0.,-0.,-1.));
#3060 = DIRECTION('',(1.,-2.22044604925E-16,0.));
#3061 = ORIENTED_EDGE('',*,*,#3047,.F.);
#3062 = ORIENTED_EDGE('',*,*,#2655,.T.);
#3063 = CONICAL_SURFACE('',#3064,0.762,0.715584993318);
#3064 = AXIS2_PLACEMENT_3D('',#3065,#3066,#3067);
#3065 = CARTESIAN_POINT('',(7.62,-7.62,4.007));
#3066 = DIRECTION('',(0.,0.,1.));
#3067 = DIRECTION('',(2.22044604925E-16,1.,-0.));
#3068 = ADVANCED_FACE('',(#3069,#3072),#3083,.T.);
#3069 = FACE_BOUND('',#3070,.T.);
#3070 = EDGE_LOOP('',(#3071));
#3071 = ORIENTED_EDGE('',*,*,#2672,.F.);
#3072 = FACE_BOUND('',#3073,.T.);
#3073 = EDGE_LOOP('',(#3074));
#3074 = ORIENTED_EDGE('',*,*,#3075,.T.);
#3075 = EDGE_CURVE('',#3076,#3076,#3078,.T.);
#3076 = VERTEX_POINT('',#3077);
#3077 = CARTESIAN_POINT('',(7.62,-7.874,0.));
#3078 = CIRCLE('',#3079,0.254);
#3079 = AXIS2_PLACEMENT_3D('',#3080,#3081,#3082);
#3080 = CARTESIAN_POINT('',(7.62,-7.62,0.));
#3081 = DIRECTION('',(0.,0.,1.));
#3082 = DIRECTION('',(-2.22044604925E-16,-1.,0.));
#3083 = PLANE('',#3084);
#3084 = AXIS2_PLACEMENT_3D('',#3085,#3086,#3087);
#3085 = CARTESIAN_POINT('',(7.62,-8.382,0.));
#3086 = DIRECTION('',(0.,0.,-1.));
#3087 = DIRECTION('',(2.22044604925E-16,1.,0.));
#3088 = ADVANCED_FACE('',(#3089,#3092),#3103,.T.);
#3089 = FACE_BOUND('',#3090,.T.);
#3090 = EDGE_LOOP('',(#3091));
#3091 = ORIENTED_EDGE('',*,*,#2697,.F.);
#3092 = FACE_BOUND('',#3093,.T.);
#3093 = EDGE_LOOP('',(#3094));
#3094 = ORIENTED_EDGE('',*,*,#3095,.T.);
#3095 = EDGE_CURVE('',#3096,#3096,#3098,.T.);
#3096 = VERTEX_POINT('',#3097);
#3097 = CARTESIAN_POINT('',(7.62,-2.794,0.));
#3098 = CIRCLE('',#3099,0.254);
#3099 = AXIS2_PLACEMENT_3D('',#3100,#3101,#3102);
#3100 = CARTESIAN_POINT('',(7.62,-2.54,0.));
#3101 = DIRECTION('',(0.,0.,1.));
#3102 = DIRECTION('',(-2.22044604925E-16,-1.,0.));
#3103 = PLANE('',#3104);
#3104 = AXIS2_PLACEMENT_3D('',#3105,#3106,#3107);
#3105 = CARTESIAN_POINT('',(7.62,-3.302,0.));
#3106 = DIRECTION('',(0.,0.,-1.));
#3107 = DIRECTION('',(2.22044604925E-16,1.,0.));
#3108 = ADVANCED_FACE('',(#3109,#3112),#3123,.T.);
#3109 = FACE_BOUND('',#3110,.T.);
#3110 = EDGE_LOOP('',(#3111));
#3111 = ORIENTED_EDGE('',*,*,#2722,.F.);
#3112 = FACE_BOUND('',#3113,.T.);
#3113 = EDGE_LOOP('',(#3114));
#3114 = ORIENTED_EDGE('',*,*,#3115,.T.);
#3115 = EDGE_CURVE('',#3116,#3116,#3118,.T.);
#3116 = VERTEX_POINT('',#3117);
#3117 = CARTESIAN_POINT('',(7.62,-5.334,0.));
#3118 = CIRCLE('',#3119,0.254);
#3119 = AXIS2_PLACEMENT_3D('',#3120,#3121,#3122);
#3120 = CARTESIAN_POINT('',(7.62,-5.08,0.));
#3121 = DIRECTION('',(0.,0.,1.));
#3122 = DIRECTION('',(-2.22044604925E-16,-1.,0.));
#3123 = PLANE('',#3124);
#3124 = AXIS2_PLACEMENT_3D('',#3125,#3126,#3127);
#3125 = CARTESIAN_POINT('',(7.62,-5.842,0.));
#3126 = DIRECTION('',(0.,0.,-1.));
#3127 = DIRECTION('',(2.22044604925E-16,1.,0.));
#3128 = ADVANCED_FACE('',(#3129,#3132),#3143,.T.);
#3129 = FACE_BOUND('',#3130,.T.);
#3130 = EDGE_LOOP('',(#3131));
#3131 = ORIENTED_EDGE('',*,*,#2747,.F.);
#3132 = FACE_BOUND('',#3133,.T.);
#3133 = EDGE_LOOP('',(#3134));
#3134 = ORIENTED_EDGE('',*,*,#3135,.T.);
#3135 = EDGE_CURVE('',#3136,#3136,#3138,.T.);
#3136 = VERTEX_POINT('',#3137);
#3137 = CARTESIAN_POINT('',(-1.33226762955E-15,-7.366,0.));
#3138 = CIRCLE('',#3139,0.254);
#3139 = AXIS2_PLACEMENT_3D('',#3140,#3141,#3142);
#3140 = CARTESIAN_POINT('',(-1.299758428524E-15,-7.62,0.));
#3141 = DIRECTION('',(0.,-0.,1.));
#3142 = DIRECTION('',(3.445092848398E-16,1.,0.));
#3143 = PLANE('',#3144);
#3144 = AXIS2_PLACEMENT_3D('',#3145,#3146,#3147);
#3145 = CARTESIAN_POINT('',(-1.069751554502E-15,-6.858,0.));
#3146 = DIRECTION('',(-0.,0.,-1.));
#3147 = DIRECTION('',(-3.445092848398E-16,-1.,0.));
#3148 = ADVANCED_FACE('',(#3149,#3152),#3163,.T.);
#3149 = FACE_BOUND('',#3150,.T.);
#3150 = EDGE_LOOP('',(#3151));
#3151 = ORIENTED_EDGE('',*,*,#2772,.F.);
#3152 = FACE_BOUND('',#3153,.T.);
#3153 = EDGE_LOOP('',(#3154));
#3154 = ORIENTED_EDGE('',*,*,#3155,.T.);
#3155 = EDGE_CURVE('',#3156,#3156,#3158,.T.);
#3156 = VERTEX_POINT('',#3157);
#3157 = CARTESIAN_POINT('',(-4.440892098501E-16,-4.826,0.));
#3158 = CIRCLE('',#3159,0.254);
#3159 = AXIS2_PLACEMENT_3D('',#3160,#3161,#3162);
#3160 = CARTESIAN_POINT('',(-4.115800088235E-16,-5.08,0.));
#3161 = DIRECTION('',(0.,-0.,1.));
#3162 = DIRECTION('',(3.445092848398E-16,1.,0.));
#3163 = PLANE('',#3164);
#3164 = AXIS2_PLACEMENT_3D('',#3165,#3166,#3167);
#3165 = CARTESIAN_POINT('',(-1.815731348022E-16,-4.318,0.));
#3166 = DIRECTION('',(-0.,0.,-1.));
#3167 = DIRECTION('',(-3.445092848398E-16,-1.,0.));
#3168 = ADVANCED_FACE('',(#3169,#3172),#3183,.T.);
#3169 = FACE_BOUND('',#3170,.T.);
#3170 = EDGE_LOOP('',(#3171));
#3171 = ORIENTED_EDGE('',*,*,#2797,.F.);
#3172 = FACE_BOUND('',#3173,.T.);
#3173 = EDGE_LOOP('',(#3174));
#3174 = ORIENTED_EDGE('',*,*,#3175,.T.);
#3175 = EDGE_CURVE('',#3176,#3176,#3178,.T.);
#3176 = VERTEX_POINT('',#3177);
#3177 = CARTESIAN_POINT('',(4.440892098501E-16,-2.286,0.));
#3178 = CIRCLE('',#3179,0.254);
#3179 = AXIS2_PLACEMENT_3D('',#3180,#3181,#3182);
#3180 = CARTESIAN_POINT('',(4.765984108766E-16,-2.54,0.));
#3181 = DIRECTION('',(0.,-0.,1.));
#3182 = DIRECTION('',(3.445092848398E-16,1.,0.));
#3183 = PLANE('',#3184);
#3184 = AXIS2_PLACEMENT_3D('',#3185,#3186,#3187);
#3185 = CARTESIAN_POINT('',(7.06605284898E-16,-1.778,0.));
#3186 = DIRECTION('',(-0.,0.,-1.));
#3187 = DIRECTION('',(-3.445092848398E-16,-1.,0.));
#3188 = ADVANCED_FACE('',(#3189,#3192),#3203,.T.);
#3189 = FACE_BOUND('',#3190,.T.);
#3190 = EDGE_LOOP('',(#3191));
#3191 = ORIENTED_EDGE('',*,*,#2822,.F.);
#3192 = FACE_BOUND('',#3193,.T.);
#3193 = EDGE_LOOP('',(#3194));
#3194 = ORIENTED_EDGE('',*,*,#3195,.T.);
#3195 = EDGE_CURVE('',#3196,#3196,#3198,.T.);
#3196 = VERTEX_POINT('',#3197);
#3197 = CARTESIAN_POINT('',(1.33226762955E-15,0.254,0.));
#3198 = CIRCLE('',#3199,0.254);
#3199 = AXIS2_PLACEMENT_3D('',#3200,#3201,#3202);
#3200 = CARTESIAN_POINT('',(1.364776830577E-15,1.276756478319E-15,0.));
#3201 = DIRECTION('',(0.,-0.,1.));
#3202 = DIRECTION('',(3.445092848398E-16,1.,0.));
#3203 = PLANE('',#3204);
#3204 = AXIS2_PLACEMENT_3D('',#3205,#3206,#3207);
#3205 = CARTESIAN_POINT('',(1.594783704598E-15,0.762,0.));
#3206 = DIRECTION('',(-0.,0.,-1.));
#3207 = DIRECTION('',(-3.445092848398E-16,-1.,0.));
#3208 = ADVANCED_FACE('',(#3209,#3212),#3223,.T.);
#3209 = FACE_BOUND('',#3210,.T.);
#3210 = EDGE_LOOP('',(#3211));
#3211 = ORIENTED_EDGE('',*,*,#2847,.F.);
#3212 = FACE_BOUND('',#3213,.T.);
#3213 = EDGE_LOOP('',(#3214));
#3214 = ORIENTED_EDGE('',*,*,#3215,.T.);
#3215 = EDGE_CURVE('',#3216,#3216,#3218,.T.);
#3216 = VERTEX_POINT('',#3217);
#3217 = CARTESIAN_POINT('',(7.62,-0.254,0.));
#3218 = CIRCLE('',#3219,0.254);
#3219 = AXIS2_PLACEMENT_3D('',#3220,#3221,#3222);
#3220 = CARTESIAN_POINT('',(7.62,-8.326672684689E-16,0.));
#3221 = DIRECTION('',(0.,0.,1.));
#3222 = DIRECTION('',(-2.22044604925E-16,-1.,0.));
#3223 = PLANE('',#3224);
#3224 = AXIS2_PLACEMENT_3D('',#3225,#3226,#3227);
#3225 = CARTESIAN_POINT('',(7.62,-0.762,0.));
#3226 = DIRECTION('',(0.,0.,-1.));
#3227 = DIRECTION('',(2.22044604925E-16,1.,0.));
#3228 = ADVANCED_FACE('',(#3229),#3248,.F.);
#3229 = FACE_BOUND('',#3230,.F.);
#3230 = EDGE_LOOP('',(#3231,#3239,#3246,#3247));
#3231 = ORIENTED_EDGE('',*,*,#3232,.T.);
#3232 = EDGE_CURVE('',#2873,#3233,#3235,.T.);
#3233 = VERTEX_POINT('',#3234);
#3234 = CARTESIAN_POINT('',(0.,-5.334,1.34));
#3235 = LINE('',#3236,#3237);
#3236 = CARTESIAN_POINT('',(-3.016838949528E-16,-5.334,4.007));
#3237 = VECTOR('',#3238,1.);
#3238 = DIRECTION('',(0.,0.,-1.));
#3239 = ORIENTED_EDGE('',*,*,#3240,.F.);
#3240 = EDGE_CURVE('',#3233,#3233,#3241,.T.);
#3241 = CIRCLE('',#3242,0.254);
#3242 = AXIS2_PLACEMENT_3D('',#3243,#3244,#3245);
#3243 = CARTESIAN_POINT('',(-2.763905940002E-16,-5.08,1.34));
#3244 = DIRECTION('',(-0.,0.,-1.));
#3245 = DIRECTION('',(-3.445092848398E-16,-1.,0.));
#3246 = ORIENTED_EDGE('',*,*,#3232,.F.);
#3247 = ORIENTED_EDGE('',*,*,#2880,.T.);
#3248 = CYLINDRICAL_SURFACE('',#3249,0.254);
#3249 = AXIS2_PLACEMENT_3D('',#3250,#3251,#3252);
#3250 = CARTESIAN_POINT('',(-2.763905940002E-16,-5.08,4.007));
#3251 = DIRECTION('',(0.,0.,-1.));
#3252 = DIRECTION('',(-3.445092848398E-16,-1.,-0.));
#3253 = ADVANCED_FACE('',(#3254),#3273,.F.);
#3254 = FACE_BOUND('',#3255,.F.);
#3255 = EDGE_LOOP('',(#3256,#3264,#3271,#3272));
#3256 = ORIENTED_EDGE('',*,*,#3257,.T.);
#3257 = EDGE_CURVE('',#2898,#3258,#3260,.T.);
#3258 = VERTEX_POINT('',#3259);
#3259 = CARTESIAN_POINT('',(8.881784197001E-16,-2.794,1.34));
#3260 = LINE('',#3261,#3262);
#3261 = CARTESIAN_POINT('',(5.864945247473E-16,-2.794,4.007));
#3262 = VECTOR('',#3263,1.);
#3263 = DIRECTION('',(0.,0.,-1.));
#3264 = ORIENTED_EDGE('',*,*,#3265,.F.);
#3265 = EDGE_CURVE('',#3258,#3258,#3266,.T.);
#3266 = CIRCLE('',#3267,0.254);
#3267 = AXIS2_PLACEMENT_3D('',#3268,#3269,#3270);
#3268 = CARTESIAN_POINT('',(6.117878256999E-16,-2.54,1.34));
#3269 = DIRECTION('',(-0.,0.,-1.));
#3270 = DIRECTION('',(-3.445092848398E-16,-1.,0.));
#3271 = ORIENTED_EDGE('',*,*,#3257,.F.);
#3272 = ORIENTED_EDGE('',*,*,#2905,.T.);
#3273 = CYLINDRICAL_SURFACE('',#3274,0.254);
#3274 = AXIS2_PLACEMENT_3D('',#3275,#3276,#3277);
#3275 = CARTESIAN_POINT('',(6.117878256999E-16,-2.54,4.007));
#3276 = DIRECTION('',(0.,0.,-1.));
#3277 = DIRECTION('',(-3.445092848398E-16,-1.,-0.));
#3278 = ADVANCED_FACE('',(#3279),#3298,.F.);
#3279 = FACE_BOUND('',#3280,.F.);
#3280 = EDGE_LOOP('',(#3281,#3289,#3296,#3297));
#3281 = ORIENTED_EDGE('',*,*,#3282,.T.);
#3282 = EDGE_CURVE('',#2923,#3283,#3285,.T.);
#3283 = VERTEX_POINT('',#3284);
#3284 = CARTESIAN_POINT('',(1.7763568394E-15,-0.254,1.34));
#3285 = LINE('',#3286,#3287);
#3286 = CARTESIAN_POINT('',(1.474672944447E-15,-0.254,4.007));
#3287 = VECTOR('',#3288,1.);
#3288 = DIRECTION('',(0.,0.,-1.));
#3289 = ORIENTED_EDGE('',*,*,#3290,.F.);
#3290 = EDGE_CURVE('',#3283,#3283,#3291,.T.);
#3291 = CIRCLE('',#3292,0.254);
#3292 = AXIS2_PLACEMENT_3D('',#3293,#3294,#3295);
#3293 = CARTESIAN_POINT('',(1.4999662454E-15,1.33226762955E-15,1.34));
#3294 = DIRECTION('',(-0.,0.,-1.));
#3295 = DIRECTION('',(-3.445092848398E-16,-1.,0.));
#3296 = ORIENTED_EDGE('',*,*,#3282,.F.);
#3297 = ORIENTED_EDGE('',*,*,#2930,.T.);
#3298 = CYLINDRICAL_SURFACE('',#3299,0.254);
#3299 = AXIS2_PLACEMENT_3D('',#3300,#3301,#3302);
#3300 = CARTESIAN_POINT('',(1.4999662454E-15,1.33226762955E-15,4.007));
#3301 = DIRECTION('',(0.,0.,-1.));
#3302 = DIRECTION('',(-3.445092848398E-16,-1.,-0.));
#3303 = ADVANCED_FACE('',(#3304),#3323,.F.);
#3304 = FACE_BOUND('',#3305,.F.);
#3305 = EDGE_LOOP('',(#3306,#3314,#3321,#3322));
#3306 = ORIENTED_EDGE('',*,*,#3307,.T.);
#3307 = EDGE_CURVE('',#2948,#3308,#3310,.T.);
#3308 = VERTEX_POINT('',#3309);
#3309 = CARTESIAN_POINT('',(-8.881784197001E-16,-7.874,1.34));
#3310 = LINE('',#3311,#3312);
#3311 = CARTESIAN_POINT('',(-1.189862314653E-15,-7.874,4.007));
#3312 = VECTOR('',#3313,1.);
#3313 = DIRECTION('',(0.,0.,-1.));
#3314 = ORIENTED_EDGE('',*,*,#3315,.F.);
#3315 = EDGE_CURVE('',#3308,#3308,#3316,.T.);
#3316 = CIRCLE('',#3317,0.254);
#3317 = AXIS2_PLACEMENT_3D('',#3318,#3319,#3320);
#3318 = CARTESIAN_POINT('',(-1.1645690137E-15,-7.62,1.34));
#3319 = DIRECTION('',(-0.,0.,-1.));
#3320 = DIRECTION('',(-3.445092848398E-16,-1.,0.));
#3321 = ORIENTED_EDGE('',*,*,#3307,.F.);
#3322 = ORIENTED_EDGE('',*,*,#2955,.T.);
#3323 = CYLINDRICAL_SURFACE('',#3324,0.254);
#3324 = AXIS2_PLACEMENT_3D('',#3325,#3326,#3327);
#3325 = CARTESIAN_POINT('',(-1.1645690137E-15,-7.62,4.007));
#3326 = DIRECTION('',(0.,0.,-1.));
#3327 = DIRECTION('',(-3.445092848398E-16,-1.,-0.));
#3328 = ADVANCED_FACE('',(#3329),#3348,.F.);
#3329 = FACE_BOUND('',#3330,.F.);
#3330 = EDGE_LOOP('',(#3331,#3339,#3346,#3347));
#3331 = ORIENTED_EDGE('',*,*,#3332,.T.);
#3332 = EDGE_CURVE('',#2973,#3333,#3335,.T.);
#3333 = VERTEX_POINT('',#3334);
#3334 = CARTESIAN_POINT('',(7.62,-4.826,1.34));
#3335 = LINE('',#3336,#3337);
#3336 = CARTESIAN_POINT('',(7.62,-4.826,4.007));
#3337 = VECTOR('',#3338,1.);
#3338 = DIRECTION('',(0.,-0.,-1.));
#3339 = ORIENTED_EDGE('',*,*,#3340,.F.);
#3340 = EDGE_CURVE('',#3333,#3333,#3341,.T.);
#3341 = CIRCLE('',#3342,0.254);
#3342 = AXIS2_PLACEMENT_3D('',#3343,#3344,#3345);
#3343 = CARTESIAN_POINT('',(7.62,-5.08,1.34));
#3344 = DIRECTION('',(0.,0.,-1.));
#3345 = DIRECTION('',(2.22044604925E-16,1.,0.));
#3346 = ORIENTED_EDGE('',*,*,#3332,.F.);
#3347 = ORIENTED_EDGE('',*,*,#2980,.T.);
#3348 = CYLINDRICAL_SURFACE('',#3349,0.254);
#3349 = AXIS2_PLACEMENT_3D('',#3350,#3351,#3352);
#3350 = CARTESIAN_POINT('',(7.62,-5.08,4.007));
#3351 = DIRECTION('',(0.,-0.,-1.));
#3352 = DIRECTION('',(2.22044604925E-16,1.,0.));
#3353 = ADVANCED_FACE('',(#3354),#3373,.F.);
#3354 = FACE_BOUND('',#3355,.F.);
#3355 = EDGE_LOOP('',(#3356,#3364,#3371,#3372));
#3356 = ORIENTED_EDGE('',*,*,#3357,.T.);
#3357 = EDGE_CURVE('',#2998,#3358,#3360,.T.);
#3358 = VERTEX_POINT('',#3359);
#3359 = CARTESIAN_POINT('',(7.62,-2.286,1.34));
#3360 = LINE('',#3361,#3362);
#3361 = CARTESIAN_POINT('',(7.62,-2.286,4.007));
#3362 = VECTOR('',#3363,1.);
#3363 = DIRECTION('',(0.,-0.,-1.));
#3364 = ORIENTED_EDGE('',*,*,#3365,.F.);
#3365 = EDGE_CURVE('',#3358,#3358,#3366,.T.);
#3366 = CIRCLE('',#3367,0.254);
#3367 = AXIS2_PLACEMENT_3D('',#3368,#3369,#3370);
#3368 = CARTESIAN_POINT('',(7.62,-2.54,1.34));
#3369 = DIRECTION('',(0.,0.,-1.));
#3370 = DIRECTION('',(2.22044604925E-16,1.,0.));
#3371 = ORIENTED_EDGE('',*,*,#3357,.F.);
#3372 = ORIENTED_EDGE('',*,*,#3005,.T.);
#3373 = CYLINDRICAL_SURFACE('',#3374,0.254);
#3374 = AXIS2_PLACEMENT_3D('',#3375,#3376,#3377);
#3375 = CARTESIAN_POINT('',(7.62,-2.54,4.007));
#3376 = DIRECTION('',(0.,-0.,-1.));
#3377 = DIRECTION('',(2.22044604925E-16,1.,0.));
#3378 = ADVANCED_FACE('',(#3379),#3398,.F.);
#3379 = FACE_BOUND('',#3380,.F.);
#3380 = EDGE_LOOP('',(#3381,#3389,#3396,#3397));
#3381 = ORIENTED_EDGE('',*,*,#3382,.T.);
#3382 = EDGE_CURVE('',#3023,#3383,#3385,.T.);
#3383 = VERTEX_POINT('',#3384);
#3384 = CARTESIAN_POINT('',(7.62,0.254,1.34));
#3385 = LINE('',#3386,#3387);
#3386 = CARTESIAN_POINT('',(7.62,0.254,4.007));
#3387 = VECTOR('',#3388,1.);
#3388 = DIRECTION('',(0.,-0.,-1.));
#3389 = ORIENTED_EDGE('',*,*,#3390,.F.);
#3390 = EDGE_CURVE('',#3383,#3383,#3391,.T.);
#3391 = CIRCLE('',#3392,0.254);
#3392 = AXIS2_PLACEMENT_3D('',#3393,#3394,#3395);
#3393 = CARTESIAN_POINT('',(7.62,-8.881784197001E-16,1.34));
#3394 = DIRECTION('',(0.,0.,-1.));
#3395 = DIRECTION('',(2.22044604925E-16,1.,0.));
#3396 = ORIENTED_EDGE('',*,*,#3382,.F.);
#3397 = ORIENTED_EDGE('',*,*,#3030,.T.);
#3398 = CYLINDRICAL_SURFACE('',#3399,0.254);
#3399 = AXIS2_PLACEMENT_3D('',#3400,#3401,#3402);
#3400 = CARTESIAN_POINT('',(7.62,-8.881784197001E-16,4.007));
#3401 = DIRECTION('',(0.,-0.,-1.));
#3402 = DIRECTION('',(2.22044604925E-16,1.,0.));
#3403 = ADVANCED_FACE('',(#3404),#3423,.F.);
#3404 = FACE_BOUND('',#3405,.F.);
#3405 = EDGE_LOOP('',(#3406,#3414,#3421,#3422));
#3406 = ORIENTED_EDGE('',*,*,#3407,.T.);
#3407 = EDGE_CURVE('',#3048,#3408,#3410,.T.);
#3408 = VERTEX_POINT('',#3409);
#3409 = CARTESIAN_POINT('',(7.62,-7.366,1.34));
#3410 = LINE('',#3411,#3412);
#3411 = CARTESIAN_POINT('',(7.62,-7.366,4.007));
#3412 = VECTOR('',#3413,1.);
#3413 = DIRECTION('',(0.,-0.,-1.));
#3414 = ORIENTED_EDGE('',*,*,#3415,.F.);
#3415 = EDGE_CURVE('',#3408,#3408,#3416,.T.);
#3416 = CIRCLE('',#3417,0.254);
#3417 = AXIS2_PLACEMENT_3D('',#3418,#3419,#3420);
#3418 = CARTESIAN_POINT('',(7.62,-7.62,1.34));
#3419 = DIRECTION('',(0.,0.,-1.));
#3420 = DIRECTION('',(2.22044604925E-16,1.,0.));
#3421 = ORIENTED_EDGE('',*,*,#3407,.F.);
#3422 = ORIENTED_EDGE('',*,*,#3055,.T.);
#3423 = CYLINDRICAL_SURFACE('',#3424,0.254);
#3424 = AXIS2_PLACEMENT_3D('',#3425,#3426,#3427);
#3425 = CARTESIAN_POINT('',(7.62,-7.62,4.007));
#3426 = DIRECTION('',(0.,-0.,-1.));
#3427 = DIRECTION('',(2.22044604925E-16,1.,0.));
#3428 = ADVANCED_FACE('',(#3429),#3448,.T.);
#3429 = FACE_BOUND('',#3430,.T.);
#3430 = EDGE_LOOP('',(#3431,#3439,#3440,#3441));
#3431 = ORIENTED_EDGE('',*,*,#3432,.F.);
#3432 = EDGE_CURVE('',#3076,#3433,#3435,.T.);
#3433 = VERTEX_POINT('',#3434);
#3434 = CARTESIAN_POINT('',(7.62,-7.874,-3.68));
#3435 = LINE('',#3436,#3437);
#3436 = CARTESIAN_POINT('',(7.62,-7.874,0.));
#3437 = VECTOR('',#3438,1.);
#3438 = DIRECTION('',(0.,-0.,-1.));
#3439 = ORIENTED_EDGE('',*,*,#3075,.F.);
#3440 = ORIENTED_EDGE('',*,*,#3432,.T.);
#3441 = ORIENTED_EDGE('',*,*,#3442,.T.);
#3442 = EDGE_CURVE('',#3433,#3433,#3443,.T.);
#3443 = CIRCLE('',#3444,0.254);
#3444 = AXIS2_PLACEMENT_3D('',#3445,#3446,#3447);
#3445 = CARTESIAN_POINT('',(7.62,-7.62,-3.68));
#3446 = DIRECTION('',(0.,0.,1.));
#3447 = DIRECTION('',(-2.22044604925E-16,-1.,0.));
#3448 = CYLINDRICAL_SURFACE('',#3449,0.254);
#3449 = AXIS2_PLACEMENT_3D('',#3450,#3451,#3452);
#3450 = CARTESIAN_POINT('',(7.62,-7.62,0.));
#3451 = DIRECTION('',(0.,0.,1.));
#3452 = DIRECTION('',(-2.22044604925E-16,-1.,0.));
#3453 = ADVANCED_FACE('',(#3454),#3473,.T.);
#3454 = FACE_BOUND('',#3455,.T.);
#3455 = EDGE_LOOP('',(#3456,#3464,#3465,#3466));
#3456 = ORIENTED_EDGE('',*,*,#3457,.F.);
#3457 = EDGE_CURVE('',#3096,#3458,#3460,.T.);
#3458 = VERTEX_POINT('',#3459);
#3459 = CARTESIAN_POINT('',(7.62,-2.794,-3.68));
#3460 = LINE('',#3461,#3462);
#3461 = CARTESIAN_POINT('',(7.62,-2.794,0.));
#3462 = VECTOR('',#3463,1.);
#3463 = DIRECTION('',(0.,-0.,-1.));
#3464 = ORIENTED_EDGE('',*,*,#3095,.F.);
#3465 = ORIENTED_EDGE('',*,*,#3457,.T.);
#3466 = ORIENTED_EDGE('',*,*,#3467,.T.);
#3467 = EDGE_CURVE('',#3458,#3458,#3468,.T.);
#3468 = CIRCLE('',#3469,0.254);
#3469 = AXIS2_PLACEMENT_3D('',#3470,#3471,#3472);
#3470 = CARTESIAN_POINT('',(7.62,-2.54,-3.68));
#3471 = DIRECTION('',(0.,0.,1.));
#3472 = DIRECTION('',(-2.22044604925E-16,-1.,0.));
#3473 = CYLINDRICAL_SURFACE('',#3474,0.254);
#3474 = AXIS2_PLACEMENT_3D('',#3475,#3476,#3477);
#3475 = CARTESIAN_POINT('',(7.62,-2.54,0.));
#3476 = DIRECTION('',(0.,0.,1.));
#3477 = DIRECTION('',(-2.22044604925E-16,-1.,0.));
#3478 = ADVANCED_FACE('',(#3479),#3498,.T.);
#3479 = FACE_BOUND('',#3480,.T.);
#3480 = EDGE_LOOP('',(#3481,#3489,#3490,#3491));
#3481 = ORIENTED_EDGE('',*,*,#3482,.F.);
#3482 = EDGE_CURVE('',#3116,#3483,#3485,.T.);
#3483 = VERTEX_POINT('',#3484);
#3484 = CARTESIAN_POINT('',(7.62,-5.334,-3.68));
#3485 = LINE('',#3486,#3487);
#3486 = CARTESIAN_POINT('',(7.62,-5.334,0.));
#3487 = VECTOR('',#3488,1.);
#3488 = DIRECTION('',(0.,-0.,-1.));
#3489 = ORIENTED_EDGE('',*,*,#3115,.F.);
#3490 = ORIENTED_EDGE('',*,*,#3482,.T.);
#3491 = ORIENTED_EDGE('',*,*,#3492,.T.);
#3492 = EDGE_CURVE('',#3483,#3483,#3493,.T.);
#3493 = CIRCLE('',#3494,0.254);
#3494 = AXIS2_PLACEMENT_3D('',#3495,#3496,#3497);
#3495 = CARTESIAN_POINT('',(7.62,-5.08,-3.68));
#3496 = DIRECTION('',(0.,0.,1.));
#3497 = DIRECTION('',(-2.22044604925E-16,-1.,0.));
#3498 = CYLINDRICAL_SURFACE('',#3499,0.254);
#3499 = AXIS2_PLACEMENT_3D('',#3500,#3501,#3502);
#3500 = CARTESIAN_POINT('',(7.62,-5.08,0.));
#3501 = DIRECTION('',(0.,0.,1.));
#3502 = DIRECTION('',(-2.22044604925E-16,-1.,0.));
#3503 = ADVANCED_FACE('',(#3504),#3523,.T.);
#3504 = FACE_BOUND('',#3505,.T.);
#3505 = EDGE_LOOP('',(#3506,#3514,#3515,#3516));
#3506 = ORIENTED_EDGE('',*,*,#3507,.F.);
#3507 = EDGE_CURVE('',#3136,#3508,#3510,.T.);
#3508 = VERTEX_POINT('',#3509);
#3509 = CARTESIAN_POINT('',(-1.33226762955E-15,-7.366,-3.68));
#3510 = LINE('',#3511,#3512);
#3511 = CARTESIAN_POINT('',(-1.212253070174E-15,-7.366,0.));
#3512 = VECTOR('',#3513,1.);
#3513 = DIRECTION('',(0.,0.,-1.));
#3514 = ORIENTED_EDGE('',*,*,#3135,.F.);
#3515 = ORIENTED_EDGE('',*,*,#3507,.T.);
#3516 = ORIENTED_EDGE('',*,*,#3517,.T.);
#3517 = EDGE_CURVE('',#3508,#3508,#3518,.T.);
#3518 = CIRCLE('',#3519,0.254);
#3519 = AXIS2_PLACEMENT_3D('',#3520,#3521,#3522);
#3520 = CARTESIAN_POINT('',(-1.299758428524E-15,-7.62,-3.68));
#3521 = DIRECTION('',(0.,-0.,1.));
#3522 = DIRECTION('',(3.445092848398E-16,1.,0.));
#3523 = CYLINDRICAL_SURFACE('',#3524,0.254);
#3524 = AXIS2_PLACEMENT_3D('',#3525,#3526,#3527);
#3525 = CARTESIAN_POINT('',(-1.299758428524E-15,-7.62,0.));
#3526 = DIRECTION('',(0.,0.,1.));
#3527 = DIRECTION('',(3.445092848398E-16,1.,-0.));
#3528 = ADVANCED_FACE('',(#3529),#3548,.T.);
#3529 = FACE_BOUND('',#3530,.T.);
#3530 = EDGE_LOOP('',(#3531,#3539,#3540,#3541));
#3531 = ORIENTED_EDGE('',*,*,#3532,.F.);
#3532 = EDGE_CURVE('',#3156,#3533,#3535,.T.);
#3533 = VERTEX_POINT('',#3534);
#3534 = CARTESIAN_POINT('',(-4.440892098501E-16,-4.826,-3.68));
#3535 = LINE('',#3536,#3537);
#3536 = CARTESIAN_POINT('',(-3.240746504742E-16,-4.826,0.));
#3537 = VECTOR('',#3538,1.);
#3538 = DIRECTION('',(0.,0.,-1.));
#3539 = ORIENTED_EDGE('',*,*,#3155,.F.);
#3540 = ORIENTED_EDGE('',*,*,#3532,.T.);
#3541 = ORIENTED_EDGE('',*,*,#3542,.T.);
#3542 = EDGE_CURVE('',#3533,#3533,#3543,.T.);
#3543 = CIRCLE('',#3544,0.254);
#3544 = AXIS2_PLACEMENT_3D('',#3545,#3546,#3547);
#3545 = CARTESIAN_POINT('',(-4.115800088235E-16,-5.08,-3.68));
#3546 = DIRECTION('',(0.,-0.,1.));
#3547 = DIRECTION('',(3.445092848398E-16,1.,0.));
#3548 = CYLINDRICAL_SURFACE('',#3549,0.254);
#3549 = AXIS2_PLACEMENT_3D('',#3550,#3551,#3552);
#3550 = CARTESIAN_POINT('',(-4.115800088235E-16,-5.08,0.));
#3551 = DIRECTION('',(0.,0.,1.));
#3552 = DIRECTION('',(3.445092848398E-16,1.,-0.));
#3553 = ADVANCED_FACE('',(#3554),#3573,.T.);
#3554 = FACE_BOUND('',#3555,.T.);
#3555 = EDGE_LOOP('',(#3556,#3564,#3565,#3566));
#3556 = ORIENTED_EDGE('',*,*,#3557,.F.);
#3557 = EDGE_CURVE('',#3176,#3558,#3560,.T.);
#3558 = VERTEX_POINT('',#3559);
#3559 = CARTESIAN_POINT('',(4.440892098501E-16,-2.286,-3.68));
#3560 = LINE('',#3561,#3562);
#3561 = CARTESIAN_POINT('',(5.641037692259E-16,-2.286,0.));
#3562 = VECTOR('',#3563,1.);
#3563 = DIRECTION('',(0.,0.,-1.));
#3564 = ORIENTED_EDGE('',*,*,#3175,.F.);
#3565 = ORIENTED_EDGE('',*,*,#3557,.T.);
#3566 = ORIENTED_EDGE('',*,*,#3567,.T.);
#3567 = EDGE_CURVE('',#3558,#3558,#3568,.T.);
#3568 = CIRCLE('',#3569,0.254);
#3569 = AXIS2_PLACEMENT_3D('',#3570,#3571,#3572);
#3570 = CARTESIAN_POINT('',(4.765984108766E-16,-2.54,-3.68));
#3571 = DIRECTION('',(0.,-0.,1.));
#3572 = DIRECTION('',(3.445092848398E-16,1.,0.));
#3573 = CYLINDRICAL_SURFACE('',#3574,0.254);
#3574 = AXIS2_PLACEMENT_3D('',#3575,#3576,#3577);
#3575 = CARTESIAN_POINT('',(4.765984108766E-16,-2.54,0.));
#3576 = DIRECTION('',(0.,0.,1.));
#3577 = DIRECTION('',(3.445092848398E-16,1.,-0.));
#3578 = ADVANCED_FACE('',(#3579),#3598,.T.);
#3579 = FACE_BOUND('',#3580,.T.);
#3580 = EDGE_LOOP('',(#3581,#3589,#3590,#3591));
#3581 = ORIENTED_EDGE('',*,*,#3582,.F.);
#3582 = EDGE_CURVE('',#3196,#3583,#3585,.T.);
#3583 = VERTEX_POINT('',#3584);
#3584 = CARTESIAN_POINT('',(1.33226762955E-15,0.254,-3.68));
#3585 = LINE('',#3586,#3587);
#3586 = CARTESIAN_POINT('',(1.452282188926E-15,0.254,0.));
#3587 = VECTOR('',#3588,1.);
#3588 = DIRECTION('',(0.,0.,-1.));
#3589 = ORIENTED_EDGE('',*,*,#3195,.F.);
#3590 = ORIENTED_EDGE('',*,*,#3582,.T.);
#3591 = ORIENTED_EDGE('',*,*,#3592,.T.);
#3592 = EDGE_CURVE('',#3583,#3583,#3593,.T.);
#3593 = CIRCLE('',#3594,0.254);
#3594 = AXIS2_PLACEMENT_3D('',#3595,#3596,#3597);
#3595 = CARTESIAN_POINT('',(1.364776830577E-15,1.276756478319E-15,-3.68)
  );
#3596 = DIRECTION('',(0.,-0.,1.));
#3597 = DIRECTION('',(3.445092848398E-16,1.,0.));
#3598 = CYLINDRICAL_SURFACE('',#3599,0.254);
#3599 = AXIS2_PLACEMENT_3D('',#3600,#3601,#3602);
#3600 = CARTESIAN_POINT('',(1.364776830577E-15,1.276756478319E-15,0.));
#3601 = DIRECTION('',(0.,0.,1.));
#3602 = DIRECTION('',(3.445092848398E-16,1.,-0.));
#3603 = ADVANCED_FACE('',(#3604),#3623,.T.);
#3604 = FACE_BOUND('',#3605,.T.);
#3605 = EDGE_LOOP('',(#3606,#3614,#3615,#3616));
#3606 = ORIENTED_EDGE('',*,*,#3607,.F.);
#3607 = EDGE_CURVE('',#3216,#3608,#3610,.T.);
#3608 = VERTEX_POINT('',#3609);
#3609 = CARTESIAN_POINT('',(7.62,-0.254,-3.68));
#3610 = LINE('',#3611,#3612);
#3611 = CARTESIAN_POINT('',(7.62,-0.254,0.));
#3612 = VECTOR('',#3613,1.);
#3613 = DIRECTION('',(0.,-0.,-1.));
#3614 = ORIENTED_EDGE('',*,*,#3215,.F.);
#3615 = ORIENTED_EDGE('',*,*,#3607,.T.);
#3616 = ORIENTED_EDGE('',*,*,#3617,.T.);
#3617 = EDGE_CURVE('',#3608,#3608,#3618,.T.);
#3618 = CIRCLE('',#3619,0.254);
#3619 = AXIS2_PLACEMENT_3D('',#3620,#3621,#3622);
#3620 = CARTESIAN_POINT('',(7.62,-8.326672684689E-16,-3.68));
#3621 = DIRECTION('',(0.,0.,1.));
#3622 = DIRECTION('',(-2.22044604925E-16,-1.,0.));
#3623 = CYLINDRICAL_SURFACE('',#3624,0.254);
#3624 = AXIS2_PLACEMENT_3D('',#3625,#3626,#3627);
#3625 = CARTESIAN_POINT('',(7.62,-8.326672684689E-16,0.));
#3626 = DIRECTION('',(0.,0.,1.));
#3627 = DIRECTION('',(-2.22044604925E-16,-1.,0.));
#3628 = ADVANCED_FACE('',(#3629),#3632,.F.);
#3629 = FACE_BOUND('',#3630,.F.);
#3630 = EDGE_LOOP('',(#3631));
#3631 = ORIENTED_EDGE('',*,*,#3240,.T.);
#3632 = PLANE('',#3633);
#3633 = AXIS2_PLACEMENT_3D('',#3634,#3635,#3636);
#3634 = CARTESIAN_POINT('',(-2.763905940002E-16,-5.08,1.34));
#3635 = DIRECTION('',(0.,0.,-1.));
#3636 = DIRECTION('',(-3.445092848398E-16,-1.,-0.));
#3637 = ADVANCED_FACE('',(#3638),#3641,.F.);
#3638 = FACE_BOUND('',#3639,.F.);
#3639 = EDGE_LOOP('',(#3640));
#3640 = ORIENTED_EDGE('',*,*,#3265,.T.);
#3641 = PLANE('',#3642);
#3642 = AXIS2_PLACEMENT_3D('',#3643,#3644,#3645);
#3643 = CARTESIAN_POINT('',(6.117878256999E-16,-2.54,1.34));
#3644 = DIRECTION('',(0.,0.,-1.));
#3645 = DIRECTION('',(-3.445092848398E-16,-1.,-0.));
#3646 = ADVANCED_FACE('',(#3647),#3650,.F.);
#3647 = FACE_BOUND('',#3648,.F.);
#3648 = EDGE_LOOP('',(#3649));
#3649 = ORIENTED_EDGE('',*,*,#3290,.T.);
#3650 = PLANE('',#3651);
#3651 = AXIS2_PLACEMENT_3D('',#3652,#3653,#3654);
#3652 = CARTESIAN_POINT('',(1.4999662454E-15,1.33226762955E-15,1.34));
#3653 = DIRECTION('',(0.,0.,-1.));
#3654 = DIRECTION('',(-3.445092848398E-16,-1.,-0.));
#3655 = ADVANCED_FACE('',(#3656),#3659,.F.);
#3656 = FACE_BOUND('',#3657,.F.);
#3657 = EDGE_LOOP('',(#3658));
#3658 = ORIENTED_EDGE('',*,*,#3315,.T.);
#3659 = PLANE('',#3660);
#3660 = AXIS2_PLACEMENT_3D('',#3661,#3662,#3663);
#3661 = CARTESIAN_POINT('',(-1.1645690137E-15,-7.62,1.34));
#3662 = DIRECTION('',(0.,0.,-1.));
#3663 = DIRECTION('',(-3.445092848398E-16,-1.,-0.));
#3664 = ADVANCED_FACE('',(#3665),#3668,.F.);
#3665 = FACE_BOUND('',#3666,.F.);
#3666 = EDGE_LOOP('',(#3667));
#3667 = ORIENTED_EDGE('',*,*,#3340,.T.);
#3668 = PLANE('',#3669);
#3669 = AXIS2_PLACEMENT_3D('',#3670,#3671,#3672);
#3670 = CARTESIAN_POINT('',(7.62,-5.08,1.34));
#3671 = DIRECTION('',(0.,-0.,-1.));
#3672 = DIRECTION('',(2.22044604925E-16,1.,0.));
#3673 = ADVANCED_FACE('',(#3674),#3677,.F.);
#3674 = FACE_BOUND('',#3675,.F.);
#3675 = EDGE_LOOP('',(#3676));
#3676 = ORIENTED_EDGE('',*,*,#3365,.T.);
#3677 = PLANE('',#3678);
#3678 = AXIS2_PLACEMENT_3D('',#3679,#3680,#3681);
#3679 = CARTESIAN_POINT('',(7.62,-2.54,1.34));
#3680 = DIRECTION('',(0.,-0.,-1.));
#3681 = DIRECTION('',(2.22044604925E-16,1.,0.));
#3682 = ADVANCED_FACE('',(#3683),#3686,.F.);
#3683 = FACE_BOUND('',#3684,.F.);
#3684 = EDGE_LOOP('',(#3685));
#3685 = ORIENTED_EDGE('',*,*,#3390,.T.);
#3686 = PLANE('',#3687);
#3687 = AXIS2_PLACEMENT_3D('',#3688,#3689,#3690);
#3688 = CARTESIAN_POINT('',(7.62,-8.881784197001E-16,1.34));
#3689 = DIRECTION('',(0.,-0.,-1.));
#3690 = DIRECTION('',(2.22044604925E-16,1.,0.));
#3691 = ADVANCED_FACE('',(#3692),#3695,.F.);
#3692 = FACE_BOUND('',#3693,.F.);
#3693 = EDGE_LOOP('',(#3694));
#3694 = ORIENTED_EDGE('',*,*,#3415,.T.);
#3695 = PLANE('',#3696);
#3696 = AXIS2_PLACEMENT_3D('',#3697,#3698,#3699);
#3697 = CARTESIAN_POINT('',(7.62,-7.62,1.34));
#3698 = DIRECTION('',(0.,-0.,-1.));
#3699 = DIRECTION('',(2.22044604925E-16,1.,0.));
#3700 = ADVANCED_FACE('',(#3701),#3720,.T.);
#3701 = FACE_BOUND('',#3702,.T.);
#3702 = EDGE_LOOP('',(#3703,#3712,#3718,#3719));
#3703 = ORIENTED_EDGE('',*,*,#3704,.T.);
#3704 = EDGE_CURVE('',#3705,#3705,#3707,.T.);
#3705 = VERTEX_POINT('',#3706);
#3706 = CARTESIAN_POINT('',(7.62,-7.774,-3.78));
#3707 = CIRCLE('',#3708,0.154);
#3708 = AXIS2_PLACEMENT_3D('',#3709,#3710,#3711);
#3709 = CARTESIAN_POINT('',(7.62,-7.62,-3.78));
#3710 = DIRECTION('',(0.,0.,1.));
#3711 = DIRECTION('',(-2.22044604925E-16,-1.,0.));
#3712 = ORIENTED_EDGE('',*,*,#3713,.F.);
#3713 = EDGE_CURVE('',#3433,#3705,#3714,.T.);
#3714 = LINE('',#3715,#3716);
#3715 = CARTESIAN_POINT('',(7.62,-7.874,-3.68));
#3716 = VECTOR('',#3717,1.);
#3717 = DIRECTION('',(1.570092458683E-16,0.707106781187,-0.707106781187)
  );
#3718 = ORIENTED_EDGE('',*,*,#3442,.F.);
#3719 = ORIENTED_EDGE('',*,*,#3713,.T.);
#3720 = CONICAL_SURFACE('',#3721,0.254,0.785398163397);
#3721 = AXIS2_PLACEMENT_3D('',#3722,#3723,#3724);
#3722 = CARTESIAN_POINT('',(7.62,-7.62,-3.68));
#3723 = DIRECTION('',(0.,0.,1.));
#3724 = DIRECTION('',(-2.22044604925E-16,-1.,0.));
#3725 = ADVANCED_FACE('',(#3726),#3745,.T.);
#3726 = FACE_BOUND('',#3727,.T.);
#3727 = EDGE_LOOP('',(#3728,#3737,#3743,#3744));
#3728 = ORIENTED_EDGE('',*,*,#3729,.T.);
#3729 = EDGE_CURVE('',#3730,#3730,#3732,.T.);
#3730 = VERTEX_POINT('',#3731);
#3731 = CARTESIAN_POINT('',(7.62,-2.694,-3.78));
#3732 = CIRCLE('',#3733,0.154);
#3733 = AXIS2_PLACEMENT_3D('',#3734,#3735,#3736);
#3734 = CARTESIAN_POINT('',(7.62,-2.54,-3.78));
#3735 = DIRECTION('',(0.,0.,1.));
#3736 = DIRECTION('',(-2.22044604925E-16,-1.,0.));
#3737 = ORIENTED_EDGE('',*,*,#3738,.F.);
#3738 = EDGE_CURVE('',#3458,#3730,#3739,.T.);
#3739 = LINE('',#3740,#3741);
#3740 = CARTESIAN_POINT('',(7.62,-2.794,-3.68));
#3741 = VECTOR('',#3742,1.);
#3742 = DIRECTION('',(1.570092458683E-16,0.707106781187,-0.707106781187)
  );
#3743 = ORIENTED_EDGE('',*,*,#3467,.F.);
#3744 = ORIENTED_EDGE('',*,*,#3738,.T.);
#3745 = CONICAL_SURFACE('',#3746,0.254,0.785398163397);
#3746 = AXIS2_PLACEMENT_3D('',#3747,#3748,#3749);
#3747 = CARTESIAN_POINT('',(7.62,-2.54,-3.68));
#3748 = DIRECTION('',(0.,0.,1.));
#3749 = DIRECTION('',(-2.22044604925E-16,-1.,0.));
#3750 = ADVANCED_FACE('',(#3751),#3770,.T.);
#3751 = FACE_BOUND('',#3752,.T.);
#3752 = EDGE_LOOP('',(#3753,#3762,#3768,#3769));
#3753 = ORIENTED_EDGE('',*,*,#3754,.T.);
#3754 = EDGE_CURVE('',#3755,#3755,#3757,.T.);
#3755 = VERTEX_POINT('',#3756);
#3756 = CARTESIAN_POINT('',(7.62,-5.234,-3.78));
#3757 = CIRCLE('',#3758,0.154);
#3758 = AXIS2_PLACEMENT_3D('',#3759,#3760,#3761);
#3759 = CARTESIAN_POINT('',(7.62,-5.08,-3.78));
#3760 = DIRECTION('',(0.,0.,1.));
#3761 = DIRECTION('',(-2.22044604925E-16,-1.,0.));
#3762 = ORIENTED_EDGE('',*,*,#3763,.F.);
#3763 = EDGE_CURVE('',#3483,#3755,#3764,.T.);
#3764 = LINE('',#3765,#3766);
#3765 = CARTESIAN_POINT('',(7.62,-5.334,-3.68));
#3766 = VECTOR('',#3767,1.);
#3767 = DIRECTION('',(1.570092458683E-16,0.707106781187,-0.707106781187)
  );
#3768 = ORIENTED_EDGE('',*,*,#3492,.F.);
#3769 = ORIENTED_EDGE('',*,*,#3763,.T.);
#3770 = CONICAL_SURFACE('',#3771,0.254,0.785398163397);
#3771 = AXIS2_PLACEMENT_3D('',#3772,#3773,#3774);
#3772 = CARTESIAN_POINT('',(7.62,-5.08,-3.68));
#3773 = DIRECTION('',(0.,0.,1.));
#3774 = DIRECTION('',(-2.22044604925E-16,-1.,0.));
#3775 = ADVANCED_FACE('',(#3776),#3795,.T.);
#3776 = FACE_BOUND('',#3777,.T.);
#3777 = EDGE_LOOP('',(#3778,#3787,#3793,#3794));
#3778 = ORIENTED_EDGE('',*,*,#3779,.T.);
#3779 = EDGE_CURVE('',#3780,#3780,#3782,.T.);
#3780 = VERTEX_POINT('',#3781);
#3781 = CARTESIAN_POINT('',(-1.33226762955E-15,-7.466,-3.78));
#3782 = CIRCLE('',#3783,0.154);
#3783 = AXIS2_PLACEMENT_3D('',#3784,#3785,#3786);
#3784 = CARTESIAN_POINT('',(-1.299758428524E-15,-7.62,-3.78));
#3785 = DIRECTION('',(0.,-0.,1.));
#3786 = DIRECTION('',(3.445092848398E-16,1.,0.));
#3787 = ORIENTED_EDGE('',*,*,#3788,.F.);
#3788 = EDGE_CURVE('',#3508,#3780,#3789,.T.);
#3789 = LINE('',#3790,#3791);
#3790 = CARTESIAN_POINT('',(-1.212253070174E-15,-7.366,-3.68));
#3791 = VECTOR('',#3792,1.);
#3792 = DIRECTION('',(-2.436048514917E-16,-0.707106781187,
    -0.707106781187));
#3793 = ORIENTED_EDGE('',*,*,#3517,.F.);
#3794 = ORIENTED_EDGE('',*,*,#3788,.T.);
#3795 = CONICAL_SURFACE('',#3796,0.254,0.785398163397);
#3796 = AXIS2_PLACEMENT_3D('',#3797,#3798,#3799);
#3797 = CARTESIAN_POINT('',(-1.299758428524E-15,-7.62,-3.68));
#3798 = DIRECTION('',(0.,0.,1.));
#3799 = DIRECTION('',(3.445092848398E-16,1.,-0.));
#3800 = ADVANCED_FACE('',(#3801),#3820,.T.);
#3801 = FACE_BOUND('',#3802,.T.);
#3802 = EDGE_LOOP('',(#3803,#3812,#3818,#3819));
#3803 = ORIENTED_EDGE('',*,*,#3804,.T.);
#3804 = EDGE_CURVE('',#3805,#3805,#3807,.T.);
#3805 = VERTEX_POINT('',#3806);
#3806 = CARTESIAN_POINT('',(-4.440892098501E-16,-4.926,-3.78));
#3807 = CIRCLE('',#3808,0.154);
#3808 = AXIS2_PLACEMENT_3D('',#3809,#3810,#3811);
#3809 = CARTESIAN_POINT('',(-4.115800088235E-16,-5.08,-3.78));
#3810 = DIRECTION('',(0.,-0.,1.));
#3811 = DIRECTION('',(3.445092848398E-16,1.,0.));
#3812 = ORIENTED_EDGE('',*,*,#3813,.F.);
#3813 = EDGE_CURVE('',#3533,#3805,#3814,.T.);
#3814 = LINE('',#3815,#3816);
#3815 = CARTESIAN_POINT('',(-3.240746504742E-16,-4.826,-3.68));
#3816 = VECTOR('',#3817,1.);
#3817 = DIRECTION('',(-2.436048514917E-16,-0.707106781187,
    -0.707106781187));
#3818 = ORIENTED_EDGE('',*,*,#3542,.F.);
#3819 = ORIENTED_EDGE('',*,*,#3813,.T.);
#3820 = CONICAL_SURFACE('',#3821,0.254,0.785398163397);
#3821 = AXIS2_PLACEMENT_3D('',#3822,#3823,#3824);
#3822 = CARTESIAN_POINT('',(-4.115800088235E-16,-5.08,-3.68));
#3823 = DIRECTION('',(0.,0.,1.));
#3824 = DIRECTION('',(3.445092848398E-16,1.,-0.));
#3825 = ADVANCED_FACE('',(#3826),#3845,.T.);
#3826 = FACE_BOUND('',#3827,.T.);
#3827 = EDGE_LOOP('',(#3828,#3837,#3843,#3844));
#3828 = ORIENTED_EDGE('',*,*,#3829,.T.);
#3829 = EDGE_CURVE('',#3830,#3830,#3832,.T.);
#3830 = VERTEX_POINT('',#3831);
#3831 = CARTESIAN_POINT('',(4.440892098501E-16,-2.386,-3.78));
#3832 = CIRCLE('',#3833,0.154);
#3833 = AXIS2_PLACEMENT_3D('',#3834,#3835,#3836);
#3834 = CARTESIAN_POINT('',(4.765984108766E-16,-2.54,-3.78));
#3835 = DIRECTION('',(0.,-0.,1.));
#3836 = DIRECTION('',(3.445092848398E-16,1.,0.));
#3837 = ORIENTED_EDGE('',*,*,#3838,.F.);
#3838 = EDGE_CURVE('',#3558,#3830,#3839,.T.);
#3839 = LINE('',#3840,#3841);
#3840 = CARTESIAN_POINT('',(5.641037692259E-16,-2.286,-3.68));
#3841 = VECTOR('',#3842,1.);
#3842 = DIRECTION('',(-2.436048514917E-16,-0.707106781187,
    -0.707106781187));
#3843 = ORIENTED_EDGE('',*,*,#3567,.F.);
#3844 = ORIENTED_EDGE('',*,*,#3838,.T.);
#3845 = CONICAL_SURFACE('',#3846,0.254,0.785398163397);
#3846 = AXIS2_PLACEMENT_3D('',#3847,#3848,#3849);
#3847 = CARTESIAN_POINT('',(4.765984108766E-16,-2.54,-3.68));
#3848 = DIRECTION('',(0.,0.,1.));
#3849 = DIRECTION('',(3.445092848398E-16,1.,-0.));
#3850 = ADVANCED_FACE('',(#3851),#3870,.T.);
#3851 = FACE_BOUND('',#3852,.T.);
#3852 = EDGE_LOOP('',(#3853,#3862,#3868,#3869));
#3853 = ORIENTED_EDGE('',*,*,#3854,.T.);
#3854 = EDGE_CURVE('',#3855,#3855,#3857,.T.);
#3855 = VERTEX_POINT('',#3856);
#3856 = CARTESIAN_POINT('',(1.33226762955E-15,0.154,-3.78));
#3857 = CIRCLE('',#3858,0.154);
#3858 = AXIS2_PLACEMENT_3D('',#3859,#3860,#3861);
#3859 = CARTESIAN_POINT('',(1.364776830577E-15,1.276756478319E-15,-3.78)
  );
#3860 = DIRECTION('',(0.,-0.,1.));
#3861 = DIRECTION('',(3.445092848398E-16,1.,0.));
#3862 = ORIENTED_EDGE('',*,*,#3863,.F.);
#3863 = EDGE_CURVE('',#3583,#3855,#3864,.T.);
#3864 = LINE('',#3865,#3866);
#3865 = CARTESIAN_POINT('',(1.452282188926E-15,0.254,-3.68));
#3866 = VECTOR('',#3867,1.);
#3867 = DIRECTION('',(-2.436048514917E-16,-0.707106781187,
    -0.707106781187));
#3868 = ORIENTED_EDGE('',*,*,#3592,.F.);
#3869 = ORIENTED_EDGE('',*,*,#3863,.T.);
#3870 = CONICAL_SURFACE('',#3871,0.254,0.785398163397);
#3871 = AXIS2_PLACEMENT_3D('',#3872,#3873,#3874);
#3872 = CARTESIAN_POINT('',(1.364776830577E-15,1.276756478319E-15,-3.68)
  );
#3873 = DIRECTION('',(0.,0.,1.));
#3874 = DIRECTION('',(3.445092848398E-16,1.,-0.));
#3875 = ADVANCED_FACE('',(#3876),#3895,.T.);
#3876 = FACE_BOUND('',#3877,.T.);
#3877 = EDGE_LOOP('',(#3878,#3887,#3893,#3894));
#3878 = ORIENTED_EDGE('',*,*,#3879,.T.);
#3879 = EDGE_CURVE('',#3880,#3880,#3882,.T.);
#3880 = VERTEX_POINT('',#3881);
#3881 = CARTESIAN_POINT('',(7.62,-0.154,-3.78));
#3882 = CIRCLE('',#3883,0.154);
#3883 = AXIS2_PLACEMENT_3D('',#3884,#3885,#3886);
#3884 = CARTESIAN_POINT('',(7.62,-8.326672684689E-16,-3.78));
#3885 = DIRECTION('',(0.,0.,1.));
#3886 = DIRECTION('',(-2.22044604925E-16,-1.,0.));
#3887 = ORIENTED_EDGE('',*,*,#3888,.F.);
#3888 = EDGE_CURVE('',#3608,#3880,#3889,.T.);
#3889 = LINE('',#3890,#3891);
#3890 = CARTESIAN_POINT('',(7.62,-0.254,-3.68));
#3891 = VECTOR('',#3892,1.);
#3892 = DIRECTION('',(1.570092458683E-16,0.707106781187,-0.707106781187)
  );
#3893 = ORIENTED_EDGE('',*,*,#3617,.F.);
#3894 = ORIENTED_EDGE('',*,*,#3888,.T.);
#3895 = CONICAL_SURFACE('',#3896,0.254,0.785398163397);
#3896 = AXIS2_PLACEMENT_3D('',#3897,#3898,#3899);
#3897 = CARTESIAN_POINT('',(7.62,-8.326672684689E-16,-3.68));
#3898 = DIRECTION('',(0.,0.,1.));
#3899 = DIRECTION('',(-2.22044604925E-16,-1.,0.));
#3900 = ADVANCED_FACE('',(#3901),#3904,.T.);
#3901 = FACE_BOUND('',#3902,.T.);
#3902 = EDGE_LOOP('',(#3903));
#3903 = ORIENTED_EDGE('',*,*,#3704,.F.);
#3904 = PLANE('',#3905);
#3905 = AXIS2_PLACEMENT_3D('',#3906,#3907,#3908);
#3906 = CARTESIAN_POINT('',(7.62,-7.874,-3.78));
#3907 = DIRECTION('',(0.,0.,-1.));
#3908 = DIRECTION('',(2.22044604925E-16,1.,0.));
#3909 = ADVANCED_FACE('',(#3910),#3913,.T.);
#3910 = FACE_BOUND('',#3911,.T.);
#3911 = EDGE_LOOP('',(#3912));
#3912 = ORIENTED_EDGE('',*,*,#3729,.F.);
#3913 = PLANE('',#3914);
#3914 = AXIS2_PLACEMENT_3D('',#3915,#3916,#3917);
#3915 = CARTESIAN_POINT('',(7.62,-2.794,-3.78));
#3916 = DIRECTION('',(0.,0.,-1.));
#3917 = DIRECTION('',(2.22044604925E-16,1.,0.));
#3918 = ADVANCED_FACE('',(#3919),#3922,.T.);
#3919 = FACE_BOUND('',#3920,.T.);
#3920 = EDGE_LOOP('',(#3921));
#3921 = ORIENTED_EDGE('',*,*,#3754,.F.);
#3922 = PLANE('',#3923);
#3923 = AXIS2_PLACEMENT_3D('',#3924,#3925,#3926);
#3924 = CARTESIAN_POINT('',(7.62,-5.334,-3.78));
#3925 = DIRECTION('',(0.,0.,-1.));
#3926 = DIRECTION('',(2.22044604925E-16,1.,0.));
#3927 = ADVANCED_FACE('',(#3928),#3931,.T.);
#3928 = FACE_BOUND('',#3929,.T.);
#3929 = EDGE_LOOP('',(#3930));
#3930 = ORIENTED_EDGE('',*,*,#3779,.F.);
#3931 = PLANE('',#3932);
#3932 = AXIS2_PLACEMENT_3D('',#3933,#3934,#3935);
#3933 = CARTESIAN_POINT('',(-1.212253070174E-15,-7.366,-3.78));
#3934 = DIRECTION('',(-0.,0.,-1.));
#3935 = DIRECTION('',(-3.445092848398E-16,-1.,0.));
#3936 = ADVANCED_FACE('',(#3937),#3940,.T.);
#3937 = FACE_BOUND('',#3938,.T.);
#3938 = EDGE_LOOP('',(#3939));
#3939 = ORIENTED_EDGE('',*,*,#3804,.F.);
#3940 = PLANE('',#3941);
#3941 = AXIS2_PLACEMENT_3D('',#3942,#3943,#3944);
#3942 = CARTESIAN_POINT('',(-3.240746504742E-16,-4.826,-3.78));
#3943 = DIRECTION('',(-0.,0.,-1.));
#3944 = DIRECTION('',(-3.445092848398E-16,-1.,0.));
#3945 = ADVANCED_FACE('',(#3946),#3949,.T.);
#3946 = FACE_BOUND('',#3947,.T.);
#3947 = EDGE_LOOP('',(#3948));
#3948 = ORIENTED_EDGE('',*,*,#3829,.F.);
#3949 = PLANE('',#3950);
#3950 = AXIS2_PLACEMENT_3D('',#3951,#3952,#3953);
#3951 = CARTESIAN_POINT('',(5.641037692259E-16,-2.286,-3.78));
#3952 = DIRECTION('',(-0.,0.,-1.));
#3953 = DIRECTION('',(-3.445092848398E-16,-1.,0.));
#3954 = ADVANCED_FACE('',(#3955),#3958,.T.);
#3955 = FACE_BOUND('',#3956,.T.);
#3956 = EDGE_LOOP('',(#3957));
#3957 = ORIENTED_EDGE('',*,*,#3854,.F.);
#3958 = PLANE('',#3959);
#3959 = AXIS2_PLACEMENT_3D('',#3960,#3961,#3962);
#3960 = CARTESIAN_POINT('',(1.452282188926E-15,0.254,-3.78));
#3961 = DIRECTION('',(-0.,0.,-1.));
#3962 = DIRECTION('',(-3.445092848398E-16,-1.,0.));
#3963 = ADVANCED_FACE('',(#3964),#3967,.T.);
#3964 = FACE_BOUND('',#3965,.T.);
#3965 = EDGE_LOOP('',(#3966));
#3966 = ORIENTED_EDGE('',*,*,#3879,.F.);
#3967 = PLANE('',#3968);
#3968 = AXIS2_PLACEMENT_3D('',#3969,#3970,#3971);
#3969 = CARTESIAN_POINT('',(7.62,-0.254,-3.78));
#3970 = DIRECTION('',(0.,0.,-1.));
#3971 = DIRECTION('',(2.22044604925E-16,1.,0.));
#3972 = ( GEOMETRIC_REPRESENTATION_CONTEXT(3) 
GLOBAL_UNCERTAINTY_ASSIGNED_CONTEXT((#3976)) 
GLOBAL_UNIT_ASSIGNED_CONTEXT((#3973,#3974,#3975)) REPRESENTATION_CONTEXT
('Context #1','3D Context with UNIT and UNCERTAINTY') );
#3973 = ( LENGTH_UNIT() NAMED_UNIT(*) SI_UNIT(.MILLI.,.METRE.) );
#3974 = ( NAMED_UNIT(*) PLANE_ANGLE_UNIT() SI_UNIT($,.RADIAN.) );
#3975 = ( NAMED_UNIT(*) SI_UNIT($,.STERADIAN.) SOLID_ANGLE_UNIT() );
#3976 = UNCERTAINTY_MEASURE_WITH_UNIT(LENGTH_MEASURE(1.E-07),#3973,
  'distance_accuracy_value','confusion accuracy');
#3977 = CONTEXT_DEPENDENT_SHAPE_REPRESENTATION(#3978,#3980);
#3978 = ( REPRESENTATION_RELATIONSHIP('','',#747,#10) 
REPRESENTATION_RELATIONSHIP_WITH_TRANSFORMATION(#3979) 
SHAPE_REPRESENTATION_RELATIONSHIP() );
#3979 = ITEM_DEFINED_TRANSFORMATION('','',#11,#23);
#3980 = PRODUCT_DEFINITION_SHAPE('Placement','Placement of an item',
  #3981);
#3981 = NEXT_ASSEMBLY_USAGE_OCCURRENCE('3','U1','',#5,#742,$);
#3982 = PRODUCT_RELATED_PRODUCT_CATEGORY('part',$,(#744));
#3983 = SHAPE_DEFINITION_REPRESENTATION(#3984,#3990);
#3984 = PRODUCT_DEFINITION_SHAPE('','',#3985);
#3985 = PRODUCT_DEFINITION('design','',#3986,#3989);
#3986 = PRODUCT_DEFINITION_FORMATION('','',#3987);
#3987 = PRODUCT('LED_D3.0mm_Clear','LED_D3.0mm_Clear','',(#3988));
#3988 = PRODUCT_CONTEXT('',#2,'mechanical');
#3989 = PRODUCT_DEFINITION_CONTEXT('part definition',#2,'design');
#3990 = ADVANCED_BREP_SHAPE_REPRESENTATION('',(#11,#3991),#4416);
#3991 = MANIFOLD_SOLID_BREP('',#3992);
#3992 = CLOSED_SHELL('',(#3993,#4020,#4045,#4073,#4105,#4122,#4200,#4231
    ,#4255,#4279,#4296,#4327,#4351,#4375,#4392,#4404));
#3993 = ADVANCED_FACE('',(#3994),#4015,.T.);
#3994 = FACE_BOUND('',#3995,.T.);
#3995 = EDGE_LOOP('',(#3996,#4007,#4008));
#3996 = ORIENTED_EDGE('',*,*,#3997,.T.);
#3997 = EDGE_CURVE('',#3998,#4000,#4002,.T.);
#3998 = VERTEX_POINT('',#3999);
#3999 = CARTESIAN_POINT('',(2.72,4.563016631209E-15,6.85));
#4000 = VERTEX_POINT('',#4001);
#4001 = CARTESIAN_POINT('',(1.27,5.528910662633E-15,8.3));
#4002 = CIRCLE('',#4003,1.45);
#4003 = AXIS2_PLACEMENT_3D('',#4004,#4005,#4006);
#4004 = CARTESIAN_POINT('',(1.27,4.563016631209E-15,6.85));
#4005 = DIRECTION('',(0.,-1.,6.661338147751E-16));
#4006 = DIRECTION('',(1.,0.,0.));
#4007 = ORIENTED_EDGE('',*,*,#3997,.F.);
#4008 = ORIENTED_EDGE('',*,*,#4009,.F.);
#4009 = EDGE_CURVE('',#3998,#3998,#4010,.T.);
#4010 = CIRCLE('',#4011,1.45);
#4011 = AXIS2_PLACEMENT_3D('',#4012,#4013,#4014);
#4012 = CARTESIAN_POINT('',(1.27,3.042011087473E-15,6.85));
#4013 = DIRECTION('',(0.,-4.440892098501E-16,-1.));
#4014 = DIRECTION('',(1.,1.048969340508E-15,-4.658359655832E-31));
#4015 = SPHERICAL_SURFACE('',#4016,1.45);
#4016 = AXIS2_PLACEMENT_3D('',#4017,#4018,#4019);
#4017 = CARTESIAN_POINT('',(1.27,4.563016631209E-15,6.85));
#4018 = DIRECTION('',(0.,4.440892098501E-16,1.));
#4019 = DIRECTION('',(1.,1.705511272785E-15,-7.573991535215E-31));
#4020 = ADVANCED_FACE('',(#4021),#4040,.T.);
#4021 = FACE_BOUND('',#4022,.T.);
#4022 = EDGE_LOOP('',(#4023,#4031,#4032,#4033));
#4023 = ORIENTED_EDGE('',*,*,#4024,.F.);
#4024 = EDGE_CURVE('',#3998,#4025,#4027,.T.);
#4025 = VERTEX_POINT('',#4026);
#4026 = CARTESIAN_POINT('',(2.72,2.6645352591E-15,4.));
#4027 = LINE('',#4028,#4029);
#4028 = CARTESIAN_POINT('',(2.72,4.563016631209E-15,6.85));
#4029 = VECTOR('',#4030,1.);
#4030 = DIRECTION('',(0.,-6.661338147751E-16,-1.));
#4031 = ORIENTED_EDGE('',*,*,#4009,.T.);
#4032 = ORIENTED_EDGE('',*,*,#4024,.T.);
#4033 = ORIENTED_EDGE('',*,*,#4034,.F.);
#4034 = EDGE_CURVE('',#4025,#4025,#4035,.T.);
#4035 = CIRCLE('',#4036,1.45);
#4036 = AXIS2_PLACEMENT_3D('',#4037,#4038,#4039);
#4037 = CARTESIAN_POINT('',(1.27,1.7763568394E-15,4.));
#4038 = DIRECTION('',(0.,-4.440892098501E-16,-1.));
#4039 = DIRECTION('',(1.,6.125368411725E-16,-2.720210018004E-31));
#4040 = CYLINDRICAL_SURFACE('',#4041,1.45);
#4041 = AXIS2_PLACEMENT_3D('',#4042,#4043,#4044);
#4042 = CARTESIAN_POINT('',(1.27,3.042011087473E-15,6.85));
#4043 = DIRECTION('',(0.,-4.440892098501E-16,-1.));
#4044 = DIRECTION('',(1.,1.048969340508E-15,-4.658359655832E-31));
#4045 = ADVANCED_FACE('',(#4046,#4065),#4068,.F.);
#4046 = FACE_BOUND('',#4047,.F.);
#4047 = EDGE_LOOP('',(#4048,#4059));
#4048 = ORIENTED_EDGE('',*,*,#4049,.F.);
#4049 = EDGE_CURVE('',#4050,#4052,#4054,.T.);
#4050 = VERTEX_POINT('',#4051);
#4051 = CARTESIAN_POINT('',(-0.23,-1.16619037897,4.));
#4052 = VERTEX_POINT('',#4053);
#4053 = CARTESIAN_POINT('',(-0.23,1.16619037897,4.));
#4054 = CIRCLE('',#4055,1.9);
#4055 = AXIS2_PLACEMENT_3D('',#4056,#4057,#4058);
#4056 = CARTESIAN_POINT('',(1.27,0.,4.));
#4057 = DIRECTION('',(0.,0.,1.));
#4058 = DIRECTION('',(1.,0.,-0.));
#4059 = ORIENTED_EDGE('',*,*,#4060,.T.);
#4060 = EDGE_CURVE('',#4050,#4052,#4061,.T.);
#4061 = LINE('',#4062,#4063);
#4062 = CARTESIAN_POINT('',(-0.23,-1.16619037897,4.));
#4063 = VECTOR('',#4064,1.);
#4064 = DIRECTION('',(0.,1.,0.));
#4065 = FACE_BOUND('',#4066,.F.);
#4066 = EDGE_LOOP('',(#4067));
#4067 = ORIENTED_EDGE('',*,*,#4034,.F.);
#4068 = PLANE('',#4069);
#4069 = AXIS2_PLACEMENT_3D('',#4070,#4071,#4072);
#4070 = CARTESIAN_POINT('',(-0.23,-1.166190378969,4.));
#4071 = DIRECTION('',(0.,0.,-1.));
#4072 = DIRECTION('',(-1.,0.,0.));
#4073 = ADVANCED_FACE('',(#4074),#4100,.T.);
#4074 = FACE_BOUND('',#4075,.T.);
#4075 = EDGE_LOOP('',(#4076,#4087,#4093,#4094));
#4076 = ORIENTED_EDGE('',*,*,#4077,.T.);
#4077 = EDGE_CURVE('',#4078,#4080,#4082,.T.);
#4078 = VERTEX_POINT('',#4079);
#4079 = CARTESIAN_POINT('',(-0.23,-1.16619037897,3.));
#4080 = VERTEX_POINT('',#4081);
#4081 = CARTESIAN_POINT('',(-0.23,1.16619037897,3.));
#4082 = CIRCLE('',#4083,1.9);
#4083 = AXIS2_PLACEMENT_3D('',#4084,#4085,#4086);
#4084 = CARTESIAN_POINT('',(1.27,0.,3.));
#4085 = DIRECTION('',(0.,0.,1.));
#4086 = DIRECTION('',(1.,0.,-0.));
#4087 = ORIENTED_EDGE('',*,*,#4088,.T.);
#4088 = EDGE_CURVE('',#4080,#4052,#4089,.T.);
#4089 = LINE('',#4090,#4091);
#4090 = CARTESIAN_POINT('',(-0.23,1.16619037897,3.));
#4091 = VECTOR('',#4092,1.);
#4092 = DIRECTION('',(0.,0.,1.));
#4093 = ORIENTED_EDGE('',*,*,#4049,.F.);
#4094 = ORIENTED_EDGE('',*,*,#4095,.F.);
#4095 = EDGE_CURVE('',#4078,#4050,#4096,.T.);
#4096 = LINE('',#4097,#4098);
#4097 = CARTESIAN_POINT('',(-0.23,-1.16619037897,3.));
#4098 = VECTOR('',#4099,1.);
#4099 = DIRECTION('',(0.,0.,1.));
#4100 = CYLINDRICAL_SURFACE('',#4101,1.9);
#4101 = AXIS2_PLACEMENT_3D('',#4102,#4103,#4104);
#4102 = CARTESIAN_POINT('',(1.27,0.,3.));
#4103 = DIRECTION('',(-0.,-0.,-1.));
#4104 = DIRECTION('',(1.,0.,0.));
#4105 = ADVANCED_FACE('',(#4106),#4117,.T.);
#4106 = FACE_BOUND('',#4107,.T.);
#4107 = EDGE_LOOP('',(#4108,#4109,#4110,#4111));
#4108 = ORIENTED_EDGE('',*,*,#4095,.T.);
#4109 = ORIENTED_EDGE('',*,*,#4060,.T.);
#4110 = ORIENTED_EDGE('',*,*,#4088,.F.);
#4111 = ORIENTED_EDGE('',*,*,#4112,.F.);
#4112 = EDGE_CURVE('',#4078,#4080,#4113,.T.);
#4113 = LINE('',#4114,#4115);
#4114 = CARTESIAN_POINT('',(-0.23,-1.16619037897,3.));
#4115 = VECTOR('',#4116,1.);
#4116 = DIRECTION('',(0.,1.,0.));
#4117 = PLANE('',#4118);
#4118 = AXIS2_PLACEMENT_3D('',#4119,#4120,#4121);
#4119 = CARTESIAN_POINT('',(-0.23,-1.16619037897,3.));
#4120 = DIRECTION('',(-1.,0.,0.));
#4121 = DIRECTION('',(0.,1.,0.));
#4122 = ADVANCED_FACE('',(#4123,#4127,#4161),#4195,.T.);
#4123 = FACE_BOUND('',#4124,.T.);
#4124 = EDGE_LOOP('',(#4125,#4126));
#4125 = ORIENTED_EDGE('',*,*,#4077,.F.);
#4126 = ORIENTED_EDGE('',*,*,#4112,.T.);
#4127 = FACE_BOUND('',#4128,.T.);
#4128 = EDGE_LOOP('',(#4129,#4139,#4147,#4155));
#4129 = ORIENTED_EDGE('',*,*,#4130,.T.);
#4130 = EDGE_CURVE('',#4131,#4133,#4135,.T.);
#4131 = VERTEX_POINT('',#4132);
#4132 = CARTESIAN_POINT('',(-0.2,-0.2,3.));
#4133 = VERTEX_POINT('',#4134);
#4134 = CARTESIAN_POINT('',(0.2,-0.2,3.));
#4135 = LINE('',#4136,#4137);
#4136 = CARTESIAN_POINT('',(-1.499999999986E-02,-0.2,3.));
#4137 = VECTOR('',#4138,1.);
#4138 = DIRECTION('',(1.,0.,0.));
#4139 = ORIENTED_EDGE('',*,*,#4140,.T.);
#4140 = EDGE_CURVE('',#4133,#4141,#4143,.T.);
#4141 = VERTEX_POINT('',#4142);
#4142 = CARTESIAN_POINT('',(0.2,0.2,3.));
#4143 = LINE('',#4144,#4145);
#4144 = CARTESIAN_POINT('',(0.2,-0.483095189485,3.));
#4145 = VECTOR('',#4146,1.);
#4146 = DIRECTION('',(0.,1.,0.));
#4147 = ORIENTED_EDGE('',*,*,#4148,.T.);
#4148 = EDGE_CURVE('',#4141,#4149,#4151,.T.);
#4149 = VERTEX_POINT('',#4150);
#4150 = CARTESIAN_POINT('',(-0.2,0.2,3.));
#4151 = LINE('',#4152,#4153);
#4152 = CARTESIAN_POINT('',(-0.215,0.2,3.));
#4153 = VECTOR('',#4154,1.);
#4154 = DIRECTION('',(-1.,-0.,-0.));
#4155 = ORIENTED_EDGE('',*,*,#4156,.T.);
#4156 = EDGE_CURVE('',#4149,#4131,#4157,.T.);
#4157 = LINE('',#4158,#4159);
#4158 = CARTESIAN_POINT('',(-0.2,-0.683095189485,3.));
#4159 = VECTOR('',#4160,1.);
#4160 = DIRECTION('',(0.,-1.,0.));
#4161 = FACE_BOUND('',#4162,.T.);
#4162 = EDGE_LOOP('',(#4163,#4173,#4181,#4189));
#4163 = ORIENTED_EDGE('',*,*,#4164,.T.);
#4164 = EDGE_CURVE('',#4165,#4167,#4169,.T.);
#4165 = VERTEX_POINT('',#4166);
#4166 = CARTESIAN_POINT('',(2.34,0.2,3.));
#4167 = VERTEX_POINT('',#4168);
#4168 = CARTESIAN_POINT('',(2.34,-0.2,3.));
#4169 = LINE('',#4170,#4171);
#4170 = CARTESIAN_POINT('',(2.34,-0.683095189485,3.));
#4171 = VECTOR('',#4172,1.);
#4172 = DIRECTION('',(0.,-1.,0.));
#4173 = ORIENTED_EDGE('',*,*,#4174,.T.);
#4174 = EDGE_CURVE('',#4167,#4175,#4177,.T.);
#4175 = VERTEX_POINT('',#4176);
#4176 = CARTESIAN_POINT('',(2.74,-0.2,3.));
#4177 = LINE('',#4178,#4179);
#4178 = CARTESIAN_POINT('',(1.255,-0.2,3.));
#4179 = VECTOR('',#4180,1.);
#4180 = DIRECTION('',(1.,0.,0.));
#4181 = ORIENTED_EDGE('',*,*,#4182,.T.);
#4182 = EDGE_CURVE('',#4175,#4183,#4185,.T.);
#4183 = VERTEX_POINT('',#4184);
#4184 = CARTESIAN_POINT('',(2.74,0.2,3.));
#4185 = LINE('',#4186,#4187);
#4186 = CARTESIAN_POINT('',(2.74,-0.483095189485,3.));
#4187 = VECTOR('',#4188,1.);
#4188 = DIRECTION('',(0.,1.,0.));
#4189 = ORIENTED_EDGE('',*,*,#4190,.T.);
#4190 = EDGE_CURVE('',#4183,#4165,#4191,.T.);
#4191 = LINE('',#4192,#4193);
#4192 = CARTESIAN_POINT('',(1.055,0.2,3.));
#4193 = VECTOR('',#4194,1.);
#4194 = DIRECTION('',(-1.,-0.,-0.));
#4195 = PLANE('',#4196);
#4196 = AXIS2_PLACEMENT_3D('',#4197,#4198,#4199);
#4197 = CARTESIAN_POINT('',(-0.23,-1.166190378969,3.));
#4198 = DIRECTION('',(0.,0.,-1.));
#4199 = DIRECTION('',(-1.,0.,0.));
#4200 = ADVANCED_FACE('',(#4201),#4226,.F.);
#4201 = FACE_BOUND('',#4202,.F.);
#4202 = EDGE_LOOP('',(#4203,#4204,#4212,#4220));
#4203 = ORIENTED_EDGE('',*,*,#4130,.T.);
#4204 = ORIENTED_EDGE('',*,*,#4205,.T.);
#4205 = EDGE_CURVE('',#4133,#4206,#4208,.T.);
#4206 = VERTEX_POINT('',#4207);
#4207 = CARTESIAN_POINT('',(0.2,-0.2,-2.5));
#4208 = LINE('',#4209,#4210);
#4209 = CARTESIAN_POINT('',(0.2,-0.2,3.5));
#4210 = VECTOR('',#4211,1.);
#4211 = DIRECTION('',(-0.,-0.,-1.));
#4212 = ORIENTED_EDGE('',*,*,#4213,.T.);
#4213 = EDGE_CURVE('',#4206,#4214,#4216,.T.);
#4214 = VERTEX_POINT('',#4215);
#4215 = CARTESIAN_POINT('',(-0.2,-0.2,-2.5));
#4216 = LINE('',#4217,#4218);
#4217 = CARTESIAN_POINT('',(0.2,-0.2,-2.5));
#4218 = VECTOR('',#4219,1.);
#4219 = DIRECTION('',(-1.,0.,0.));
#4220 = ORIENTED_EDGE('',*,*,#4221,.F.);
#4221 = EDGE_CURVE('',#4131,#4214,#4222,.T.);
#4222 = LINE('',#4223,#4224);
#4223 = CARTESIAN_POINT('',(-0.2,-0.2,3.5));
#4224 = VECTOR('',#4225,1.);
#4225 = DIRECTION('',(-0.,-0.,-1.));
#4226 = PLANE('',#4227);
#4227 = AXIS2_PLACEMENT_3D('',#4228,#4229,#4230);
#4228 = CARTESIAN_POINT('',(0.2,-0.2,3.5));
#4229 = DIRECTION('',(0.,1.,0.));
#4230 = DIRECTION('',(-1.,0.,0.));
#4231 = ADVANCED_FACE('',(#4232),#4250,.F.);
#4232 = FACE_BOUND('',#4233,.F.);
#4233 = EDGE_LOOP('',(#4234,#4235,#4236,#4244));
#4234 = ORIENTED_EDGE('',*,*,#4156,.T.);
#4235 = ORIENTED_EDGE('',*,*,#4221,.T.);
#4236 = ORIENTED_EDGE('',*,*,#4237,.T.);
#4237 = EDGE_CURVE('',#4214,#4238,#4240,.T.);
#4238 = VERTEX_POINT('',#4239);
#4239 = CARTESIAN_POINT('',(-0.2,0.2,-2.5));
#4240 = LINE('',#4241,#4242);
#4241 = CARTESIAN_POINT('',(-0.2,-0.2,-2.5));
#4242 = VECTOR('',#4243,1.);
#4243 = DIRECTION('',(0.,1.,0.));
#4244 = ORIENTED_EDGE('',*,*,#4245,.F.);
#4245 = EDGE_CURVE('',#4149,#4238,#4246,.T.);
#4246 = LINE('',#4247,#4248);
#4247 = CARTESIAN_POINT('',(-0.2,0.2,3.5));
#4248 = VECTOR('',#4249,1.);
#4249 = DIRECTION('',(-0.,-0.,-1.));
#4250 = PLANE('',#4251);
#4251 = AXIS2_PLACEMENT_3D('',#4252,#4253,#4254);
#4252 = CARTESIAN_POINT('',(-0.2,-0.2,3.5));
#4253 = DIRECTION('',(1.,0.,0.));
#4254 = DIRECTION('',(-0.,1.,0.));
#4255 = ADVANCED_FACE('',(#4256),#4274,.F.);
#4256 = FACE_BOUND('',#4257,.F.);
#4257 = EDGE_LOOP('',(#4258,#4259,#4260,#4268));
#4258 = ORIENTED_EDGE('',*,*,#4148,.T.);
#4259 = ORIENTED_EDGE('',*,*,#4245,.T.);
#4260 = ORIENTED_EDGE('',*,*,#4261,.T.);
#4261 = EDGE_CURVE('',#4238,#4262,#4264,.T.);
#4262 = VERTEX_POINT('',#4263);
#4263 = CARTESIAN_POINT('',(0.2,0.2,-2.5));
#4264 = LINE('',#4265,#4266);
#4265 = CARTESIAN_POINT('',(-0.2,0.2,-2.5));
#4266 = VECTOR('',#4267,1.);
#4267 = DIRECTION('',(1.,0.,0.));
#4268 = ORIENTED_EDGE('',*,*,#4269,.F.);
#4269 = EDGE_CURVE('',#4141,#4262,#4270,.T.);
#4270 = LINE('',#4271,#4272);
#4271 = CARTESIAN_POINT('',(0.2,0.2,3.5));
#4272 = VECTOR('',#4273,1.);
#4273 = DIRECTION('',(-0.,-0.,-1.));
#4274 = PLANE('',#4275);
#4275 = AXIS2_PLACEMENT_3D('',#4276,#4277,#4278);
#4276 = CARTESIAN_POINT('',(-0.2,0.2,3.5));
#4277 = DIRECTION('',(0.,-1.,0.));
#4278 = DIRECTION('',(1.,0.,0.));
#4279 = ADVANCED_FACE('',(#4280),#4291,.F.);
#4280 = FACE_BOUND('',#4281,.F.);
#4281 = EDGE_LOOP('',(#4282,#4283,#4284,#4290));
#4282 = ORIENTED_EDGE('',*,*,#4140,.T.);
#4283 = ORIENTED_EDGE('',*,*,#4269,.T.);
#4284 = ORIENTED_EDGE('',*,*,#4285,.T.);
#4285 = EDGE_CURVE('',#4262,#4206,#4286,.T.);
#4286 = LINE('',#4287,#4288);
#4287 = CARTESIAN_POINT('',(0.2,0.2,-2.5));
#4288 = VECTOR('',#4289,1.);
#4289 = DIRECTION('',(0.,-1.,0.));
#4290 = ORIENTED_EDGE('',*,*,#4205,.F.);
#4291 = PLANE('',#4292);
#4292 = AXIS2_PLACEMENT_3D('',#4293,#4294,#4295);
#4293 = CARTESIAN_POINT('',(0.2,0.2,3.5));
#4294 = DIRECTION('',(-1.,0.,0.));
#4295 = DIRECTION('',(0.,-1.,0.));
#4296 = ADVANCED_FACE('',(#4297),#4322,.F.);
#4297 = FACE_BOUND('',#4298,.F.);
#4298 = EDGE_LOOP('',(#4299,#4300,#4308,#4316));
#4299 = ORIENTED_EDGE('',*,*,#4164,.T.);
#4300 = ORIENTED_EDGE('',*,*,#4301,.T.);
#4301 = EDGE_CURVE('',#4167,#4302,#4304,.T.);
#4302 = VERTEX_POINT('',#4303);
#4303 = CARTESIAN_POINT('',(2.34,-0.2,-2.5));
#4304 = LINE('',#4305,#4306);
#4305 = CARTESIAN_POINT('',(2.34,-0.2,3.5));
#4306 = VECTOR('',#4307,1.);
#4307 = DIRECTION('',(-0.,-0.,-1.));
#4308 = ORIENTED_EDGE('',*,*,#4309,.T.);
#4309 = EDGE_CURVE('',#4302,#4310,#4312,.T.);
#4310 = VERTEX_POINT('',#4311);
#4311 = CARTESIAN_POINT('',(2.34,0.2,-2.5));
#4312 = LINE('',#4313,#4314);
#4313 = CARTESIAN_POINT('',(2.34,-0.2,-2.5));
#4314 = VECTOR('',#4315,1.);
#4315 = DIRECTION('',(0.,1.,0.));
#4316 = ORIENTED_EDGE('',*,*,#4317,.F.);
#4317 = EDGE_CURVE('',#4165,#4310,#4318,.T.);
#4318 = LINE('',#4319,#4320);
#4319 = CARTESIAN_POINT('',(2.34,0.2,3.5));
#4320 = VECTOR('',#4321,1.);
#4321 = DIRECTION('',(-0.,-0.,-1.));
#4322 = PLANE('',#4323);
#4323 = AXIS2_PLACEMENT_3D('',#4324,#4325,#4326);
#4324 = CARTESIAN_POINT('',(2.34,-0.2,3.5));
#4325 = DIRECTION('',(1.,0.,0.));
#4326 = DIRECTION('',(-0.,1.,0.));
#4327 = ADVANCED_FACE('',(#4328),#4346,.F.);
#4328 = FACE_BOUND('',#4329,.F.);
#4329 = EDGE_LOOP('',(#4330,#4331,#4332,#4340));
#4330 = ORIENTED_EDGE('',*,*,#4190,.T.);
#4331 = ORIENTED_EDGE('',*,*,#4317,.T.);
#4332 = ORIENTED_EDGE('',*,*,#4333,.T.);
#4333 = EDGE_CURVE('',#4310,#4334,#4336,.T.);
#4334 = VERTEX_POINT('',#4335);
#4335 = CARTESIAN_POINT('',(2.74,0.2,-2.5));
#4336 = LINE('',#4337,#4338);
#4337 = CARTESIAN_POINT('',(2.34,0.2,-2.5));
#4338 = VECTOR('',#4339,1.);
#4339 = DIRECTION('',(1.,0.,0.));
#4340 = ORIENTED_EDGE('',*,*,#4341,.F.);
#4341 = EDGE_CURVE('',#4183,#4334,#4342,.T.);
#4342 = LINE('',#4343,#4344);
#4343 = CARTESIAN_POINT('',(2.74,0.2,3.5));
#4344 = VECTOR('',#4345,1.);
#4345 = DIRECTION('',(-0.,-0.,-1.));
#4346 = PLANE('',#4347);
#4347 = AXIS2_PLACEMENT_3D('',#4348,#4349,#4350);
#4348 = CARTESIAN_POINT('',(2.34,0.2,3.5));
#4349 = DIRECTION('',(0.,-1.,0.));
#4350 = DIRECTION('',(1.,0.,0.));
#4351 = ADVANCED_FACE('',(#4352),#4370,.F.);
#4352 = FACE_BOUND('',#4353,.F.);
#4353 = EDGE_LOOP('',(#4354,#4355,#4356,#4364));
#4354 = ORIENTED_EDGE('',*,*,#4182,.T.);
#4355 = ORIENTED_EDGE('',*,*,#4341,.T.);
#4356 = ORIENTED_EDGE('',*,*,#4357,.T.);
#4357 = EDGE_CURVE('',#4334,#4358,#4360,.T.);
#4358 = VERTEX_POINT('',#4359);
#4359 = CARTESIAN_POINT('',(2.74,-0.2,-2.5));
#4360 = LINE('',#4361,#4362);
#4361 = CARTESIAN_POINT('',(2.74,0.2,-2.5));
#4362 = VECTOR('',#4363,1.);
#4363 = DIRECTION('',(0.,-1.,0.));
#4364 = ORIENTED_EDGE('',*,*,#4365,.F.);
#4365 = EDGE_CURVE('',#4175,#4358,#4366,.T.);
#4366 = LINE('',#4367,#4368);
#4367 = CARTESIAN_POINT('',(2.74,-0.2,3.5));
#4368 = VECTOR('',#4369,1.);
#4369 = DIRECTION('',(-0.,-0.,-1.));
#4370 = PLANE('',#4371);
#4371 = AXIS2_PLACEMENT_3D('',#4372,#4373,#4374);
#4372 = CARTESIAN_POINT('',(2.74,0.2,3.5));
#4373 = DIRECTION('',(-1.,0.,0.));
#4374 = DIRECTION('',(0.,-1.,0.));
#4375 = ADVANCED_FACE('',(#4376),#4387,.F.);
#4376 = FACE_BOUND('',#4377,.F.);
#4377 = EDGE_LOOP('',(#4378,#4379,#4380,#4386));
#4378 = ORIENTED_EDGE('',*,*,#4174,.T.);
#4379 = ORIENTED_EDGE('',*,*,#4365,.T.);
#4380 = ORIENTED_EDGE('',*,*,#4381,.T.);
#4381 = EDGE_CURVE('',#4358,#4302,#4382,.T.);
#4382 = LINE('',#4383,#4384);
#4383 = CARTESIAN_POINT('',(2.74,-0.2,-2.5));
#4384 = VECTOR('',#4385,1.);
#4385 = DIRECTION('',(-1.,0.,0.));
#4386 = ORIENTED_EDGE('',*,*,#4301,.F.);
#4387 = PLANE('',#4388);
#4388 = AXIS2_PLACEMENT_3D('',#4389,#4390,#4391);
#4389 = CARTESIAN_POINT('',(2.74,-0.2,3.5));
#4390 = DIRECTION('',(0.,1.,0.));
#4391 = DIRECTION('',(-1.,0.,0.));
#4392 = ADVANCED_FACE('',(#4393),#4399,.F.);
#4393 = FACE_BOUND('',#4394,.T.);
#4394 = EDGE_LOOP('',(#4395,#4396,#4397,#4398));
#4395 = ORIENTED_EDGE('',*,*,#4261,.T.);
#4396 = ORIENTED_EDGE('',*,*,#4285,.T.);
#4397 = ORIENTED_EDGE('',*,*,#4213,.T.);
#4398 = ORIENTED_EDGE('',*,*,#4237,.T.);
#4399 = PLANE('',#4400);
#4400 = AXIS2_PLACEMENT_3D('',#4401,#4402,#4403);
#4401 = CARTESIAN_POINT('',(-0.2,0.2,-2.5));
#4402 = DIRECTION('',(0.,0.,1.));
#4403 = DIRECTION('',(1.,0.,-0.));
#4404 = ADVANCED_FACE('',(#4405),#4411,.F.);
#4405 = FACE_BOUND('',#4406,.T.);
#4406 = EDGE_LOOP('',(#4407,#4408,#4409,#4410));
#4407 = ORIENTED_EDGE('',*,*,#4333,.T.);
#4408 = ORIENTED_EDGE('',*,*,#4357,.T.);
#4409 = ORIENTED_EDGE('',*,*,#4381,.T.);
#4410 = ORIENTED_EDGE('',*,*,#4309,.T.);
#4411 = PLANE('',#4412);
#4412 = AXIS2_PLACEMENT_3D('',#4413,#4414,#4415);
#4413 = CARTESIAN_POINT('',(2.34,0.2,-2.5));
#4414 = DIRECTION('',(0.,0.,1.));
#4415 = DIRECTION('',(1.,0.,-0.));
#4416 = ( GEOMETRIC_REPRESENTATION_CONTEXT(3) 
GLOBAL_UNCERTAINTY_ASSIGNED_CONTEXT((#4420)) 
GLOBAL_UNIT_ASSIGNED_CONTEXT((#4417,#4418,#4419)) REPRESENTATION_CONTEXT
('Context #1','3D Context with UNIT and UNCERTAINTY') );
#4417 = ( LENGTH_UNIT() NAMED_UNIT(*) SI_UNIT(.MILLI.,.METRE.) );
#4418 = ( NAMED_UNIT(*) PLANE_ANGLE_UNIT() SI_UNIT($,.RADIAN.) );
#4419 = ( NAMED_UNIT(*) SI_UNIT($,.STERADIAN.) SOLID_ANGLE_UNIT() );
#4420 = UNCERTAINTY_MEASURE_WITH_UNIT(LENGTH_MEASURE(1.E-07),#4417,
  'distance_accuracy_value','confusion accuracy');
#4421 = CONTEXT_DEPENDENT_SHAPE_REPRESENTATION(#4422,#4424);
#4422 = ( REPRESENTATION_RELATIONSHIP('','',#3990,#10) 
REPRESENTATION_RELATIONSHIP_WITH_TRANSFORMATION(#4423) 
SHAPE_REPRESENTATION_RELATIONSHIP() );
#4423 = ITEM_DEFINED_TRANSFORMATION('','',#11,#27);
#4424 = PRODUCT_DEFINITION_SHAPE('Placement','Placement of an item',
  #4425);
#4425 = NEXT_ASSEMBLY_USAGE_OCCURRENCE('4','D1','',#5,#3985,$);
#4426 = PRODUCT_RELATED_PRODUCT_CATEGORY('part',$,(#3987));
#4427 = CONTEXT_DEPENDENT_SHAPE_REPRESENTATION(#4428,#4430);
#4428 = ( REPRESENTATION_RELATIONSHIP('','',#60,#10) 
REPRESENTATION_RELATIONSHIP_WITH_TRANSFORMATION(#4429) 
SHAPE_REPRESENTATION_RELATIONSHIP() );
#4429 = ITEM_DEFINED_TRANSFORMATION('','',#11,#31);
#4430 = PRODUCT_DEFINITION_SHAPE('Placement','Placement of an item',
  #4431);
#4431 = NEXT_ASSEMBLY_USAGE_OCCURRENCE('5','R4','',#5,#55,$);
#4432 = SHAPE_DEFINITION_REPRESENTATION(#4433,#4439);
#4433 = PRODUCT_DEFINITION_SHAPE('','',#4434);
#4434 = PRODUCT_DEFINITION('design','',#4435,#4438);
#4435 = PRODUCT_DEFINITION_FORMATION('','',#4436);
#4436 = PRODUCT('Heraeus_TO-92-2','Heraeus_TO-92-2','',(#4437));
#4437 = PRODUCT_CONTEXT('',#2,'mechanical');
#4438 = PRODUCT_DEFINITION_CONTEXT('part definition',#2,'design');
#4439 = ADVANCED_BREP_SHAPE_REPRESENTATION('',(#11,#4440),#4944);
#4440 = MANIFOLD_SOLID_BREP('',#4441);
#4441 = CLOSED_SHELL('',(#4442,#4484,#4515,#4546,#4648,#4682,#4699,#4716
    ,#4728,#4759,#4783,#4807,#4824,#4855,#4879,#4903,#4920,#4932));
#4442 = ADVANCED_FACE('',(#4443),#4479,.T.);
#4443 = FACE_BOUND('',#4444,.T.);
#4444 = EDGE_LOOP('',(#4445,#4456,#4464,#4473));
#4445 = ORIENTED_EDGE('',*,*,#4446,.T.);
#4446 = EDGE_CURVE('',#4447,#4449,#4451,.T.);
#4447 = VERTEX_POINT('',#4448);
#4448 = CARTESIAN_POINT('',(-0.38,1.6,2.5));
#4449 = VERTEX_POINT('',#4450);
#4450 = CARTESIAN_POINT('',(-0.78,1.2,2.5));
#4451 = CIRCLE('',#4452,0.4);
#4452 = AXIS2_PLACEMENT_3D('',#4453,#4454,#4455);
#4453 = CARTESIAN_POINT('',(-0.38,1.2,2.5));
#4454 = DIRECTION('',(0.,0.,1.));
#4455 = DIRECTION('',(1.,0.,-0.));
#4456 = ORIENTED_EDGE('',*,*,#4457,.T.);
#4457 = EDGE_CURVE('',#4449,#4458,#4460,.T.);
#4458 = VERTEX_POINT('',#4459);
#4459 = CARTESIAN_POINT('',(-0.78,1.2,6.7));
#4460 = LINE('',#4461,#4462);
#4461 = CARTESIAN_POINT('',(-0.78,1.2,2.5));
#4462 = VECTOR('',#4463,1.);
#4463 = DIRECTION('',(0.,0.,1.));
#4464 = ORIENTED_EDGE('',*,*,#4465,.F.);
#4465 = EDGE_CURVE('',#4466,#4458,#4468,.T.);
#4466 = VERTEX_POINT('',#4467);
#4467 = CARTESIAN_POINT('',(-0.38,1.6,6.7));
#4468 = CIRCLE('',#4469,0.4);
#4469 = AXIS2_PLACEMENT_3D('',#4470,#4471,#4472);
#4470 = CARTESIAN_POINT('',(-0.38,1.2,6.7));
#4471 = DIRECTION('',(0.,0.,1.));
#4472 = DIRECTION('',(1.,0.,-0.));
#4473 = ORIENTED_EDGE('',*,*,#4474,.F.);
#4474 = EDGE_CURVE('',#4447,#4466,#4475,.T.);
#4475 = LINE('',#4476,#4477);
#4476 = CARTESIAN_POINT('',(-0.38,1.6,2.5));
#4477 = VECTOR('',#4478,1.);
#4478 = DIRECTION('',(0.,0.,1.));
#4479 = CYLINDRICAL_SURFACE('',#4480,0.4);
#4480 = AXIS2_PLACEMENT_3D('',#4481,#4482,#4483);
#4481 = CARTESIAN_POINT('',(-0.38,1.2,2.5));
#4482 = DIRECTION('',(-0.,-0.,-1.));
#4483 = DIRECTION('',(1.,0.,0.));
#4484 = ADVANCED_FACE('',(#4485),#4510,.T.);
#4485 = FACE_BOUND('',#4486,.T.);
#4486 = EDGE_LOOP('',(#4487,#4488,#4496,#4504));
#4487 = ORIENTED_EDGE('',*,*,#4474,.T.);
#4488 = ORIENTED_EDGE('',*,*,#4489,.T.);
#4489 = EDGE_CURVE('',#4466,#4490,#4492,.T.);
#4490 = VERTEX_POINT('',#4491);
#4491 = CARTESIAN_POINT('',(2.92,1.6,6.7));
#4492 = LINE('',#4493,#4494);
#4493 = CARTESIAN_POINT('',(-0.38,1.6,6.7));
#4494 = VECTOR('',#4495,1.);
#4495 = DIRECTION('',(1.,0.,0.));
#4496 = ORIENTED_EDGE('',*,*,#4497,.F.);
#4497 = EDGE_CURVE('',#4498,#4490,#4500,.T.);
#4498 = VERTEX_POINT('',#4499);
#4499 = CARTESIAN_POINT('',(2.92,1.6,2.5));
#4500 = LINE('',#4501,#4502);
#4501 = CARTESIAN_POINT('',(2.92,1.6,2.5));
#4502 = VECTOR('',#4503,1.);
#4503 = DIRECTION('',(0.,0.,1.));
#4504 = ORIENTED_EDGE('',*,*,#4505,.F.);
#4505 = EDGE_CURVE('',#4447,#4498,#4506,.T.);
#4506 = LINE('',#4507,#4508);
#4507 = CARTESIAN_POINT('',(-0.38,1.6,2.5));
#4508 = VECTOR('',#4509,1.);
#4509 = DIRECTION('',(1.,0.,0.));
#4510 = PLANE('',#4511);
#4511 = AXIS2_PLACEMENT_3D('',#4512,#4513,#4514);
#4512 = CARTESIAN_POINT('',(-0.38,1.6,2.5));
#4513 = DIRECTION('',(0.,1.,0.));
#4514 = DIRECTION('',(1.,0.,0.));
#4515 = ADVANCED_FACE('',(#4516),#4541,.T.);
#4516 = FACE_BOUND('',#4517,.T.);
#4517 = EDGE_LOOP('',(#4518,#4528,#4534,#4535));
#4518 = ORIENTED_EDGE('',*,*,#4519,.T.);
#4519 = EDGE_CURVE('',#4520,#4522,#4524,.T.);
#4520 = VERTEX_POINT('',#4521);
#4521 = CARTESIAN_POINT('',(-0.78,-1.,2.5));
#4522 = VERTEX_POINT('',#4523);
#4523 = CARTESIAN_POINT('',(-0.78,-1.,6.7));
#4524 = LINE('',#4525,#4526);
#4525 = CARTESIAN_POINT('',(-0.78,-1.,2.5));
#4526 = VECTOR('',#4527,1.);
#4527 = DIRECTION('',(0.,0.,1.));
#4528 = ORIENTED_EDGE('',*,*,#4529,.T.);
#4529 = EDGE_CURVE('',#4522,#4458,#4530,.T.);
#4530 = LINE('',#4531,#4532);
#4531 = CARTESIAN_POINT('',(-0.78,-1.,6.7));
#4532 = VECTOR('',#4533,1.);
#4533 = DIRECTION('',(0.,1.,0.));
#4534 = ORIENTED_EDGE('',*,*,#4457,.F.);
#4535 = ORIENTED_EDGE('',*,*,#4536,.F.);
#4536 = EDGE_CURVE('',#4520,#4449,#4537,.T.);
#4537 = LINE('',#4538,#4539);
#4538 = CARTESIAN_POINT('',(-0.78,-1.,2.5));
#4539 = VECTOR('',#4540,1.);
#4540 = DIRECTION('',(0.,1.,0.));
#4541 = PLANE('',#4542);
#4542 = AXIS2_PLACEMENT_3D('',#4543,#4544,#4545);
#4543 = CARTESIAN_POINT('',(-0.78,-1.,2.5));
#4544 = DIRECTION('',(-1.,0.,0.));
#4545 = DIRECTION('',(0.,1.,0.));
#4546 = ADVANCED_FACE('',(#4547,#4575,#4609),#4643,.T.);
#4547 = FACE_BOUND('',#4548,.T.);
#4548 = EDGE_LOOP('',(#4549,#4550,#4551,#4560,#4568,#4574));
#4549 = ORIENTED_EDGE('',*,*,#4446,.F.);
#4550 = ORIENTED_EDGE('',*,*,#4505,.T.);
#4551 = ORIENTED_EDGE('',*,*,#4552,.F.);
#4552 = EDGE_CURVE('',#4553,#4498,#4555,.T.);
#4553 = VERTEX_POINT('',#4554);
#4554 = CARTESIAN_POINT('',(3.32,1.2,2.5));
#4555 = CIRCLE('',#4556,0.4);
#4556 = AXIS2_PLACEMENT_3D('',#4557,#4558,#4559);
#4557 = CARTESIAN_POINT('',(2.92,1.2,2.5));
#4558 = DIRECTION('',(0.,0.,1.));
#4559 = DIRECTION('',(1.,0.,-0.));
#4560 = ORIENTED_EDGE('',*,*,#4561,.F.);
#4561 = EDGE_CURVE('',#4562,#4553,#4564,.T.);
#4562 = VERTEX_POINT('',#4563);
#4563 = CARTESIAN_POINT('',(3.32,-1.,2.5));
#4564 = LINE('',#4565,#4566);
#4565 = CARTESIAN_POINT('',(3.32,-1.,2.5));
#4566 = VECTOR('',#4567,1.);
#4567 = DIRECTION('',(0.,1.,0.));
#4568 = ORIENTED_EDGE('',*,*,#4569,.F.);
#4569 = EDGE_CURVE('',#4520,#4562,#4570,.T.);
#4570 = LINE('',#4571,#4572);
#4571 = CARTESIAN_POINT('',(-0.78,-1.,2.5));
#4572 = VECTOR('',#4573,1.);
#4573 = DIRECTION('',(1.,0.,0.));
#4574 = ORIENTED_EDGE('',*,*,#4536,.T.);
#4575 = FACE_BOUND('',#4576,.T.);
#4576 = EDGE_LOOP('',(#4577,#4587,#4595,#4603));
#4577 = ORIENTED_EDGE('',*,*,#4578,.F.);
#4578 = EDGE_CURVE('',#4579,#4581,#4583,.T.);
#4579 = VERTEX_POINT('',#4580);
#4580 = CARTESIAN_POINT('',(-0.24,0.19,2.5));
#4581 = VERTEX_POINT('',#4582);
#4582 = CARTESIAN_POINT('',(0.24,0.19,2.5));
#4583 = LINE('',#4584,#4585);
#4584 = CARTESIAN_POINT('',(-0.24,0.19,2.5));
#4585 = VECTOR('',#4586,1.);
#4586 = DIRECTION('',(1.,0.,0.));
#4587 = ORIENTED_EDGE('',*,*,#4588,.F.);
#4588 = EDGE_CURVE('',#4589,#4579,#4591,.T.);
#4589 = VERTEX_POINT('',#4590);
#4590 = CARTESIAN_POINT('',(-0.24,-0.19,2.5));
#4591 = LINE('',#4592,#4593);
#4592 = CARTESIAN_POINT('',(-0.24,-0.19,2.5));
#4593 = VECTOR('',#4594,1.);
#4594 = DIRECTION('',(0.,1.,0.));
#4595 = ORIENTED_EDGE('',*,*,#4596,.F.);
#4596 = EDGE_CURVE('',#4597,#4589,#4599,.T.);
#4597 = VERTEX_POINT('',#4598);
#4598 = CARTESIAN_POINT('',(0.24,-0.19,2.5));
#4599 = LINE('',#4600,#4601);
#4600 = CARTESIAN_POINT('',(0.24,-0.19,2.5));
#4601 = VECTOR('',#4602,1.);
#4602 = DIRECTION('',(-1.,0.,0.));
#4603 = ORIENTED_EDGE('',*,*,#4604,.F.);
#4604 = EDGE_CURVE('',#4581,#4597,#4605,.T.);
#4605 = LINE('',#4606,#4607);
#4606 = CARTESIAN_POINT('',(0.24,0.19,2.5));
#4607 = VECTOR('',#4608,1.);
#4608 = DIRECTION('',(0.,-1.,0.));
#4609 = FACE_BOUND('',#4610,.T.);
#4610 = EDGE_LOOP('',(#4611,#4621,#4629,#4637));
#4611 = ORIENTED_EDGE('',*,*,#4612,.F.);
#4612 = EDGE_CURVE('',#4613,#4615,#4617,.T.);
#4613 = VERTEX_POINT('',#4614);
#4614 = CARTESIAN_POINT('',(2.3,0.19,2.5));
#4615 = VERTEX_POINT('',#4616);
#4616 = CARTESIAN_POINT('',(2.78,0.19,2.5));
#4617 = LINE('',#4618,#4619);
#4618 = CARTESIAN_POINT('',(2.3,0.19,2.5));
#4619 = VECTOR('',#4620,1.);
#4620 = DIRECTION('',(1.,0.,0.));
#4621 = ORIENTED_EDGE('',*,*,#4622,.F.);
#4622 = EDGE_CURVE('',#4623,#4613,#4625,.T.);
#4623 = VERTEX_POINT('',#4624);
#4624 = CARTESIAN_POINT('',(2.3,-0.19,2.5));
#4625 = LINE('',#4626,#4627);
#4626 = CARTESIAN_POINT('',(2.3,-0.19,2.5));
#4627 = VECTOR('',#4628,1.);
#4628 = DIRECTION('',(0.,1.,0.));
#4629 = ORIENTED_EDGE('',*,*,#4630,.F.);
#4630 = EDGE_CURVE('',#4631,#4623,#4633,.T.);
#4631 = VERTEX_POINT('',#4632);
#4632 = CARTESIAN_POINT('',(2.78,-0.19,2.5));
#4633 = LINE('',#4634,#4635);
#4634 = CARTESIAN_POINT('',(2.78,-0.19,2.5));
#4635 = VECTOR('',#4636,1.);
#4636 = DIRECTION('',(-1.,0.,0.));
#4637 = ORIENTED_EDGE('',*,*,#4638,.F.);
#4638 = EDGE_CURVE('',#4615,#4631,#4639,.T.);
#4639 = LINE('',#4640,#4641);
#4640 = CARTESIAN_POINT('',(2.78,0.19,2.5));
#4641 = VECTOR('',#4642,1.);
#4642 = DIRECTION('',(0.,-1.,0.));
#4643 = PLANE('',#4644);
#4644 = AXIS2_PLACEMENT_3D('',#4645,#4646,#4647);
#4645 = CARTESIAN_POINT('',(-0.38,1.6,2.5));
#4646 = DIRECTION('',(0.,0.,-1.));
#4647 = DIRECTION('',(-1.,0.,0.));
#4648 = ADVANCED_FACE('',(#4649),#4677,.F.);
#4649 = FACE_BOUND('',#4650,.T.);
#4650 = EDGE_LOOP('',(#4651,#4652,#4653,#4661,#4669,#4676));
#4651 = ORIENTED_EDGE('',*,*,#4465,.T.);
#4652 = ORIENTED_EDGE('',*,*,#4529,.F.);
#4653 = ORIENTED_EDGE('',*,*,#4654,.T.);
#4654 = EDGE_CURVE('',#4522,#4655,#4657,.T.);
#4655 = VERTEX_POINT('',#4656);
#4656 = CARTESIAN_POINT('',(3.32,-1.,6.7));
#4657 = LINE('',#4658,#4659);
#4658 = CARTESIAN_POINT('',(-0.78,-1.,6.7));
#4659 = VECTOR('',#4660,1.);
#4660 = DIRECTION('',(1.,0.,0.));
#4661 = ORIENTED_EDGE('',*,*,#4662,.T.);
#4662 = EDGE_CURVE('',#4655,#4663,#4665,.T.);
#4663 = VERTEX_POINT('',#4664);
#4664 = CARTESIAN_POINT('',(3.32,1.2,6.7));
#4665 = LINE('',#4666,#4667);
#4666 = CARTESIAN_POINT('',(3.32,-1.,6.7));
#4667 = VECTOR('',#4668,1.);
#4668 = DIRECTION('',(0.,1.,0.));
#4669 = ORIENTED_EDGE('',*,*,#4670,.T.);
#4670 = EDGE_CURVE('',#4663,#4490,#4671,.T.);
#4671 = CIRCLE('',#4672,0.4);
#4672 = AXIS2_PLACEMENT_3D('',#4673,#4674,#4675);
#4673 = CARTESIAN_POINT('',(2.92,1.2,6.7));
#4674 = DIRECTION('',(0.,0.,1.));
#4675 = DIRECTION('',(1.,0.,-0.));
#4676 = ORIENTED_EDGE('',*,*,#4489,.F.);
#4677 = PLANE('',#4678);
#4678 = AXIS2_PLACEMENT_3D('',#4679,#4680,#4681);
#4679 = CARTESIAN_POINT('',(-0.38,1.6,6.7));
#4680 = DIRECTION('',(0.,0.,-1.));
#4681 = DIRECTION('',(-1.,0.,0.));
#4682 = ADVANCED_FACE('',(#4683),#4694,.T.);
#4683 = FACE_BOUND('',#4684,.T.);
#4684 = EDGE_LOOP('',(#4685,#4686,#4687,#4688));
#4685 = ORIENTED_EDGE('',*,*,#4552,.T.);
#4686 = ORIENTED_EDGE('',*,*,#4497,.T.);
#4687 = ORIENTED_EDGE('',*,*,#4670,.F.);
#4688 = ORIENTED_EDGE('',*,*,#4689,.F.);
#4689 = EDGE_CURVE('',#4553,#4663,#4690,.T.);
#4690 = LINE('',#4691,#4692);
#4691 = CARTESIAN_POINT('',(3.32,1.2,2.5));
#4692 = VECTOR('',#4693,1.);
#4693 = DIRECTION('',(0.,0.,1.));
#4694 = CYLINDRICAL_SURFACE('',#4695,0.4);
#4695 = AXIS2_PLACEMENT_3D('',#4696,#4697,#4698);
#4696 = CARTESIAN_POINT('',(2.92,1.2,2.5));
#4697 = DIRECTION('',(-0.,-0.,-1.));
#4698 = DIRECTION('',(1.,0.,0.));
#4699 = ADVANCED_FACE('',(#4700),#4711,.F.);
#4700 = FACE_BOUND('',#4701,.F.);
#4701 = EDGE_LOOP('',(#4702,#4703,#4704,#4710));
#4702 = ORIENTED_EDGE('',*,*,#4519,.T.);
#4703 = ORIENTED_EDGE('',*,*,#4654,.T.);
#4704 = ORIENTED_EDGE('',*,*,#4705,.F.);
#4705 = EDGE_CURVE('',#4562,#4655,#4706,.T.);
#4706 = LINE('',#4707,#4708);
#4707 = CARTESIAN_POINT('',(3.32,-1.,2.5));
#4708 = VECTOR('',#4709,1.);
#4709 = DIRECTION('',(0.,0.,1.));
#4710 = ORIENTED_EDGE('',*,*,#4569,.F.);
#4711 = PLANE('',#4712);
#4712 = AXIS2_PLACEMENT_3D('',#4713,#4714,#4715);
#4713 = CARTESIAN_POINT('',(-0.78,-1.,2.5));
#4714 = DIRECTION('',(0.,1.,0.));
#4715 = DIRECTION('',(1.,0.,0.));
#4716 = ADVANCED_FACE('',(#4717),#4723,.F.);
#4717 = FACE_BOUND('',#4718,.F.);
#4718 = EDGE_LOOP('',(#4719,#4720,#4721,#4722));
#4719 = ORIENTED_EDGE('',*,*,#4705,.T.);
#4720 = ORIENTED_EDGE('',*,*,#4662,.T.);
#4721 = ORIENTED_EDGE('',*,*,#4689,.F.);
#4722 = ORIENTED_EDGE('',*,*,#4561,.F.);
#4723 = PLANE('',#4724);
#4724 = AXIS2_PLACEMENT_3D('',#4725,#4726,#4727);
#4725 = CARTESIAN_POINT('',(3.32,-1.,2.5));
#4726 = DIRECTION('',(-1.,0.,0.));
#4727 = DIRECTION('',(0.,1.,0.));
#4728 = ADVANCED_FACE('',(#4729),#4754,.F.);
#4729 = FACE_BOUND('',#4730,.F.);
#4730 = EDGE_LOOP('',(#4731,#4739,#4747,#4753));
#4731 = ORIENTED_EDGE('',*,*,#4732,.T.);
#4732 = EDGE_CURVE('',#4579,#4733,#4735,.T.);
#4733 = VERTEX_POINT('',#4734);
#4734 = CARTESIAN_POINT('',(-0.24,0.19,-2.5));
#4735 = LINE('',#4736,#4737);
#4736 = CARTESIAN_POINT('',(-0.24,0.19,2.5));
#4737 = VECTOR('',#4738,1.);
#4738 = DIRECTION('',(-0.,-0.,-1.));
#4739 = ORIENTED_EDGE('',*,*,#4740,.T.);
#4740 = EDGE_CURVE('',#4733,#4741,#4743,.T.);
#4741 = VERTEX_POINT('',#4742);
#4742 = CARTESIAN_POINT('',(0.24,0.19,-2.5));
#4743 = LINE('',#4744,#4745);
#4744 = CARTESIAN_POINT('',(-0.24,0.19,-2.5));
#4745 = VECTOR('',#4746,1.);
#4746 = DIRECTION('',(1.,0.,0.));
#4747 = ORIENTED_EDGE('',*,*,#4748,.F.);
#4748 = EDGE_CURVE('',#4581,#4741,#4749,.T.);
#4749 = LINE('',#4750,#4751);
#4750 = CARTESIAN_POINT('',(0.24,0.19,2.5));
#4751 = VECTOR('',#4752,1.);
#4752 = DIRECTION('',(-0.,-0.,-1.));
#4753 = ORIENTED_EDGE('',*,*,#4578,.F.);
#4754 = PLANE('',#4755);
#4755 = AXIS2_PLACEMENT_3D('',#4756,#4757,#4758);
#4756 = CARTESIAN_POINT('',(-0.24,0.19,2.5));
#4757 = DIRECTION('',(0.,-1.,0.));
#4758 = DIRECTION('',(1.,0.,0.));
#4759 = ADVANCED_FACE('',(#4760),#4778,.F.);
#4760 = FACE_BOUND('',#4761,.F.);
#4761 = EDGE_LOOP('',(#4762,#4763,#4771,#4777));
#4762 = ORIENTED_EDGE('',*,*,#4748,.T.);
#4763 = ORIENTED_EDGE('',*,*,#4764,.T.);
#4764 = EDGE_CURVE('',#4741,#4765,#4767,.T.);
#4765 = VERTEX_POINT('',#4766);
#4766 = CARTESIAN_POINT('',(0.24,-0.19,-2.5));
#4767 = LINE('',#4768,#4769);
#4768 = CARTESIAN_POINT('',(0.24,0.19,-2.5));
#4769 = VECTOR('',#4770,1.);
#4770 = DIRECTION('',(0.,-1.,0.));
#4771 = ORIENTED_EDGE('',*,*,#4772,.F.);
#4772 = EDGE_CURVE('',#4597,#4765,#4773,.T.);
#4773 = LINE('',#4774,#4775);
#4774 = CARTESIAN_POINT('',(0.24,-0.19,2.5));
#4775 = VECTOR('',#4776,1.);
#4776 = DIRECTION('',(-0.,-0.,-1.));
#4777 = ORIENTED_EDGE('',*,*,#4604,.F.);
#4778 = PLANE('',#4779);
#4779 = AXIS2_PLACEMENT_3D('',#4780,#4781,#4782);
#4780 = CARTESIAN_POINT('',(0.24,0.19,2.5));
#4781 = DIRECTION('',(-1.,0.,0.));
#4782 = DIRECTION('',(0.,-1.,0.));
#4783 = ADVANCED_FACE('',(#4784),#4802,.F.);
#4784 = FACE_BOUND('',#4785,.F.);
#4785 = EDGE_LOOP('',(#4786,#4787,#4795,#4801));
#4786 = ORIENTED_EDGE('',*,*,#4772,.T.);
#4787 = ORIENTED_EDGE('',*,*,#4788,.T.);
#4788 = EDGE_CURVE('',#4765,#4789,#4791,.T.);
#4789 = VERTEX_POINT('',#4790);
#4790 = CARTESIAN_POINT('',(-0.24,-0.19,-2.5));
#4791 = LINE('',#4792,#4793);
#4792 = CARTESIAN_POINT('',(0.24,-0.19,-2.5));
#4793 = VECTOR('',#4794,1.);
#4794 = DIRECTION('',(-1.,0.,0.));
#4795 = ORIENTED_EDGE('',*,*,#4796,.F.);
#4796 = EDGE_CURVE('',#4589,#4789,#4797,.T.);
#4797 = LINE('',#4798,#4799);
#4798 = CARTESIAN_POINT('',(-0.24,-0.19,2.5));
#4799 = VECTOR('',#4800,1.);
#4800 = DIRECTION('',(-0.,-0.,-1.));
#4801 = ORIENTED_EDGE('',*,*,#4596,.F.);
#4802 = PLANE('',#4803);
#4803 = AXIS2_PLACEMENT_3D('',#4804,#4805,#4806);
#4804 = CARTESIAN_POINT('',(0.24,-0.19,2.5));
#4805 = DIRECTION('',(0.,1.,0.));
#4806 = DIRECTION('',(-1.,0.,0.));
#4807 = ADVANCED_FACE('',(#4808),#4819,.F.);
#4808 = FACE_BOUND('',#4809,.F.);
#4809 = EDGE_LOOP('',(#4810,#4811,#4817,#4818));
#4810 = ORIENTED_EDGE('',*,*,#4796,.T.);
#4811 = ORIENTED_EDGE('',*,*,#4812,.T.);
#4812 = EDGE_CURVE('',#4789,#4733,#4813,.T.);
#4813 = LINE('',#4814,#4815);
#4814 = CARTESIAN_POINT('',(-0.24,-0.19,-2.5));
#4815 = VECTOR('',#4816,1.);
#4816 = DIRECTION('',(0.,1.,0.));
#4817 = ORIENTED_EDGE('',*,*,#4732,.F.);
#4818 = ORIENTED_EDGE('',*,*,#4588,.F.);
#4819 = PLANE('',#4820);
#4820 = AXIS2_PLACEMENT_3D('',#4821,#4822,#4823);
#4821 = CARTESIAN_POINT('',(-0.24,-0.19,2.5));
#4822 = DIRECTION('',(1.,0.,0.));
#4823 = DIRECTION('',(-0.,1.,0.));
#4824 = ADVANCED_FACE('',(#4825),#4850,.F.);
#4825 = FACE_BOUND('',#4826,.F.);
#4826 = EDGE_LOOP('',(#4827,#4835,#4843,#4849));
#4827 = ORIENTED_EDGE('',*,*,#4828,.T.);
#4828 = EDGE_CURVE('',#4613,#4829,#4831,.T.);
#4829 = VERTEX_POINT('',#4830);
#4830 = CARTESIAN_POINT('',(2.3,0.19,-2.5));
#4831 = LINE('',#4832,#4833);
#4832 = CARTESIAN_POINT('',(2.3,0.19,2.5));
#4833 = VECTOR('',#4834,1.);
#4834 = DIRECTION('',(-0.,-0.,-1.));
#4835 = ORIENTED_EDGE('',*,*,#4836,.T.);
#4836 = EDGE_CURVE('',#4829,#4837,#4839,.T.);
#4837 = VERTEX_POINT('',#4838);
#4838 = CARTESIAN_POINT('',(2.78,0.19,-2.5));
#4839 = LINE('',#4840,#4841);
#4840 = CARTESIAN_POINT('',(2.3,0.19,-2.5));
#4841 = VECTOR('',#4842,1.);
#4842 = DIRECTION('',(1.,0.,0.));
#4843 = ORIENTED_EDGE('',*,*,#4844,.F.);
#4844 = EDGE_CURVE('',#4615,#4837,#4845,.T.);
#4845 = LINE('',#4846,#4847);
#4846 = CARTESIAN_POINT('',(2.78,0.19,2.5));
#4847 = VECTOR('',#4848,1.);
#4848 = DIRECTION('',(-0.,-0.,-1.));
#4849 = ORIENTED_EDGE('',*,*,#4612,.F.);
#4850 = PLANE('',#4851);
#4851 = AXIS2_PLACEMENT_3D('',#4852,#4853,#4854);
#4852 = CARTESIAN_POINT('',(2.3,0.19,2.5));
#4853 = DIRECTION('',(0.,-1.,0.));
#4854 = DIRECTION('',(1.,0.,0.));
#4855 = ADVANCED_FACE('',(#4856),#4874,.F.);
#4856 = FACE_BOUND('',#4857,.F.);
#4857 = EDGE_LOOP('',(#4858,#4859,#4867,#4873));
#4858 = ORIENTED_EDGE('',*,*,#4844,.T.);
#4859 = ORIENTED_EDGE('',*,*,#4860,.T.);
#4860 = EDGE_CURVE('',#4837,#4861,#4863,.T.);
#4861 = VERTEX_POINT('',#4862);
#4862 = CARTESIAN_POINT('',(2.78,-0.19,-2.5));
#4863 = LINE('',#4864,#4865);
#4864 = CARTESIAN_POINT('',(2.78,0.19,-2.5));
#4865 = VECTOR('',#4866,1.);
#4866 = DIRECTION('',(0.,-1.,0.));
#4867 = ORIENTED_EDGE('',*,*,#4868,.F.);
#4868 = EDGE_CURVE('',#4631,#4861,#4869,.T.);
#4869 = LINE('',#4870,#4871);
#4870 = CARTESIAN_POINT('',(2.78,-0.19,2.5));
#4871 = VECTOR('',#4872,1.);
#4872 = DIRECTION('',(-0.,-0.,-1.));
#4873 = ORIENTED_EDGE('',*,*,#4638,.F.);
#4874 = PLANE('',#4875);
#4875 = AXIS2_PLACEMENT_3D('',#4876,#4877,#4878);
#4876 = CARTESIAN_POINT('',(2.78,0.19,2.5));
#4877 = DIRECTION('',(-1.,0.,0.));
#4878 = DIRECTION('',(0.,-1.,0.));
#4879 = ADVANCED_FACE('',(#4880),#4898,.F.);
#4880 = FACE_BOUND('',#4881,.F.);
#4881 = EDGE_LOOP('',(#4882,#4883,#4891,#4897));
#4882 = ORIENTED_EDGE('',*,*,#4868,.T.);
#4883 = ORIENTED_EDGE('',*,*,#4884,.T.);
#4884 = EDGE_CURVE('',#4861,#4885,#4887,.T.);
#4885 = VERTEX_POINT('',#4886);
#4886 = CARTESIAN_POINT('',(2.3,-0.19,-2.5));
#4887 = LINE('',#4888,#4889);
#4888 = CARTESIAN_POINT('',(2.78,-0.19,-2.5));
#4889 = VECTOR('',#4890,1.);
#4890 = DIRECTION('',(-1.,0.,0.));
#4891 = ORIENTED_EDGE('',*,*,#4892,.F.);
#4892 = EDGE_CURVE('',#4623,#4885,#4893,.T.);
#4893 = LINE('',#4894,#4895);
#4894 = CARTESIAN_POINT('',(2.3,-0.19,2.5));
#4895 = VECTOR('',#4896,1.);
#4896 = DIRECTION('',(-0.,-0.,-1.));
#4897 = ORIENTED_EDGE('',*,*,#4630,.F.);
#4898 = PLANE('',#4899);
#4899 = AXIS2_PLACEMENT_3D('',#4900,#4901,#4902);
#4900 = CARTESIAN_POINT('',(2.78,-0.19,2.5));
#4901 = DIRECTION('',(0.,1.,0.));
#4902 = DIRECTION('',(-1.,0.,0.));
#4903 = ADVANCED_FACE('',(#4904),#4915,.F.);
#4904 = FACE_BOUND('',#4905,.F.);
#4905 = EDGE_LOOP('',(#4906,#4907,#4913,#4914));
#4906 = ORIENTED_EDGE('',*,*,#4892,.T.);
#4907 = ORIENTED_EDGE('',*,*,#4908,.T.);
#4908 = EDGE_CURVE('',#4885,#4829,#4909,.T.);
#4909 = LINE('',#4910,#4911);
#4910 = CARTESIAN_POINT('',(2.3,-0.19,-2.5));
#4911 = VECTOR('',#4912,1.);
#4912 = DIRECTION('',(0.,1.,0.));
#4913 = ORIENTED_EDGE('',*,*,#4828,.F.);
#4914 = ORIENTED_EDGE('',*,*,#4622,.F.);
#4915 = PLANE('',#4916);
#4916 = AXIS2_PLACEMENT_3D('',#4917,#4918,#4919);
#4917 = CARTESIAN_POINT('',(2.3,-0.19,2.5));
#4918 = DIRECTION('',(1.,0.,0.));
#4919 = DIRECTION('',(-0.,1.,0.));
#4920 = ADVANCED_FACE('',(#4921),#4927,.F.);
#4921 = FACE_BOUND('',#4922,.T.);
#4922 = EDGE_LOOP('',(#4923,#4924,#4925,#4926));
#4923 = ORIENTED_EDGE('',*,*,#4740,.T.);
#4924 = ORIENTED_EDGE('',*,*,#4764,.T.);
#4925 = ORIENTED_EDGE('',*,*,#4788,.T.);
#4926 = ORIENTED_EDGE('',*,*,#4812,.T.);
#4927 = PLANE('',#4928);
#4928 = AXIS2_PLACEMENT_3D('',#4929,#4930,#4931);
#4929 = CARTESIAN_POINT('',(-0.24,0.19,-2.5));
#4930 = DIRECTION('',(0.,0.,1.));
#4931 = DIRECTION('',(1.,0.,-0.));
#4932 = ADVANCED_FACE('',(#4933),#4939,.F.);
#4933 = FACE_BOUND('',#4934,.T.);
#4934 = EDGE_LOOP('',(#4935,#4936,#4937,#4938));
#4935 = ORIENTED_EDGE('',*,*,#4836,.T.);
#4936 = ORIENTED_EDGE('',*,*,#4860,.T.);
#4937 = ORIENTED_EDGE('',*,*,#4884,.T.);
#4938 = ORIENTED_EDGE('',*,*,#4908,.T.);
#4939 = PLANE('',#4940);
#4940 = AXIS2_PLACEMENT_3D('',#4941,#4942,#4943);
#4941 = CARTESIAN_POINT('',(2.3,0.19,-2.5));
#4942 = DIRECTION('',(0.,0.,1.));
#4943 = DIRECTION('',(1.,0.,-0.));
#4944 = ( GEOMETRIC_REPRESENTATION_CONTEXT(3) 
GLOBAL_UNCERTAINTY_ASSIGNED_CONTEXT((#4948)) 
GLOBAL_UNIT_ASSIGNED_CONTEXT((#4945,#4946,#4947)) REPRESENTATION_CONTEXT
('Context #1','3D Context with UNIT and UNCERTAINTY') );
#4945 = ( LENGTH_UNIT() NAMED_UNIT(*) SI_UNIT(.MILLI.,.METRE.) );
#4946 = ( NAMED_UNIT(*) PLANE_ANGLE_UNIT() SI_UNIT($,.RADIAN.) );
#4947 = ( NAMED_UNIT(*) SI_UNIT($,.STERADIAN.) SOLID_ANGLE_UNIT() );
#4948 = UNCERTAINTY_MEASURE_WITH_UNIT(LENGTH_MEASURE(1.E-07),#4945,
  'distance_accuracy_value','confusion accuracy');
#4949 = CONTEXT_DEPENDENT_SHAPE_REPRESENTATION(#4950,#4952);
#4950 = ( REPRESENTATION_RELATIONSHIP('','',#4439,#10) 
REPRESENTATION_RELATIONSHIP_WITH_TRANSFORMATION(#4951) 
SHAPE_REPRESENTATION_RELATIONSHIP() );
#4951 = ITEM_DEFINED_TRANSFORMATION('','',#11,#35);
#4952 = PRODUCT_DEFINITION_SHAPE('Placement','Placement of an item',
  #4953);
#4953 = NEXT_ASSEMBLY_USAGE_OCCURRENCE('6','TH1','',#5,#4434,$);
#4954 = PRODUCT_RELATED_PRODUCT_CATEGORY('part',$,(#4436));
#4955 = CONTEXT_DEPENDENT_SHAPE_REPRESENTATION(#4956,#4958);
#4956 = ( REPRESENTATION_RELATIONSHIP('','',#60,#10) 
REPRESENTATION_RELATIONSHIP_WITH_TRANSFORMATION(#4957) 
SHAPE_REPRESENTATION_RELATIONSHIP() );
#4957 = ITEM_DEFINED_TRANSFORMATION('','',#11,#39);
#4958 = PRODUCT_DEFINITION_SHAPE('Placement','Placement of an item',
  #4959);
#4959 = NEXT_ASSEMBLY_USAGE_OCCURRENCE('7','R2','',#5,#55,$);
#4960 = SHAPE_DEFINITION_REPRESENTATION(#4961,#4967);
#4961 = PRODUCT_DEFINITION_SHAPE('','',#4962);
#4962 = PRODUCT_DEFINITION('design','',#4963,#4966);
#4963 = PRODUCT_DEFINITION_FORMATION('','',#4964);
#4964 = PRODUCT('741_PCB','741_PCB','',(#4965));
#4965 = PRODUCT_CONTEXT('',#2,'mechanical');
#4966 = PRODUCT_DEFINITION_CONTEXT('part definition',#2,'design');
#4967 = ADVANCED_BREP_SHAPE_REPRESENTATION('',(#11,#4968),#5898);
#4968 = MANIFOLD_SOLID_BREP('',#4969);
#4969 = CLOSED_SHELL('',(#4970,#5010,#5041,#5072,#5309,#5546,#5558,#5575
    ,#5592,#5609,#5626,#5643,#5660,#5677,#5694,#5711,#5728,#5745,#5762,
    #5779,#5796,#5813,#5830,#5847,#5864,#5881));
#4970 = ADVANCED_FACE('',(#4971),#5005,.T.);
#4971 = FACE_BOUND('',#4972,.T.);
#4972 = EDGE_LOOP('',(#4973,#4983,#4991,#4999));
#4973 = ORIENTED_EDGE('',*,*,#4974,.T.);
#4974 = EDGE_CURVE('',#4975,#4977,#4979,.T.);
#4975 = VERTEX_POINT('',#4976);
#4976 = CARTESIAN_POINT('',(197.5,-112.,0.));
#4977 = VERTEX_POINT('',#4978);
#4978 = CARTESIAN_POINT('',(197.5,-112.,1.51));
#4979 = LINE('',#4980,#4981);
#4980 = CARTESIAN_POINT('',(197.5,-112.,0.));
#4981 = VECTOR('',#4982,1.);
#4982 = DIRECTION('',(0.,0.,1.));
#4983 = ORIENTED_EDGE('',*,*,#4984,.T.);
#4984 = EDGE_CURVE('',#4977,#4985,#4987,.T.);
#4985 = VERTEX_POINT('',#4986);
#4986 = CARTESIAN_POINT('',(168.5,-112.,1.51));
#4987 = LINE('',#4988,#4989);
#4988 = CARTESIAN_POINT('',(197.5,-112.,1.51));
#4989 = VECTOR('',#4990,1.);
#4990 = DIRECTION('',(-1.,0.,0.));
#4991 = ORIENTED_EDGE('',*,*,#4992,.F.);
#4992 = EDGE_CURVE('',#4993,#4985,#4995,.T.);
#4993 = VERTEX_POINT('',#4994);
#4994 = CARTESIAN_POINT('',(168.5,-112.,0.));
#4995 = LINE('',#4996,#4997);
#4996 = CARTESIAN_POINT('',(168.5,-112.,0.));
#4997 = VECTOR('',#4998,1.);
#4998 = DIRECTION('',(0.,0.,1.));
#4999 = ORIENTED_EDGE('',*,*,#5000,.F.);
#5000 = EDGE_CURVE('',#4975,#4993,#5001,.T.);
#5001 = LINE('',#5002,#5003);
#5002 = CARTESIAN_POINT('',(197.5,-112.,0.));
#5003 = VECTOR('',#5004,1.);
#5004 = DIRECTION('',(-1.,0.,0.));
#5005 = PLANE('',#5006);
#5006 = AXIS2_PLACEMENT_3D('',#5007,#5008,#5009);
#5007 = CARTESIAN_POINT('',(197.5,-112.,0.));
#5008 = DIRECTION('',(0.,-1.,0.));
#5009 = DIRECTION('',(-1.,0.,0.));
#5010 = ADVANCED_FACE('',(#5011),#5036,.T.);
#5011 = FACE_BOUND('',#5012,.T.);
#5012 = EDGE_LOOP('',(#5013,#5023,#5029,#5030));
#5013 = ORIENTED_EDGE('',*,*,#5014,.T.);
#5014 = EDGE_CURVE('',#5015,#5017,#5019,.T.);
#5015 = VERTEX_POINT('',#5016);
#5016 = CARTESIAN_POINT('',(197.5,-94.5,0.));
#5017 = VERTEX_POINT('',#5018);
#5018 = CARTESIAN_POINT('',(197.5,-94.5,1.51));
#5019 = LINE('',#5020,#5021);
#5020 = CARTESIAN_POINT('',(197.5,-94.5,0.));
#5021 = VECTOR('',#5022,1.);
#5022 = DIRECTION('',(0.,0.,1.));
#5023 = ORIENTED_EDGE('',*,*,#5024,.T.);
#5024 = EDGE_CURVE('',#5017,#4977,#5025,.T.);
#5025 = LINE('',#5026,#5027);
#5026 = CARTESIAN_POINT('',(197.5,-94.5,1.51));
#5027 = VECTOR('',#5028,1.);
#5028 = DIRECTION('',(0.,-1.,0.));
#5029 = ORIENTED_EDGE('',*,*,#4974,.F.);
#5030 = ORIENTED_EDGE('',*,*,#5031,.F.);
#5031 = EDGE_CURVE('',#5015,#4975,#5032,.T.);
#5032 = LINE('',#5033,#5034);
#5033 = CARTESIAN_POINT('',(197.5,-94.5,0.));
#5034 = VECTOR('',#5035,1.);
#5035 = DIRECTION('',(0.,-1.,0.));
#5036 = PLANE('',#5037);
#5037 = AXIS2_PLACEMENT_3D('',#5038,#5039,#5040);
#5038 = CARTESIAN_POINT('',(197.5,-94.5,0.));
#5039 = DIRECTION('',(1.,0.,-0.));
#5040 = DIRECTION('',(0.,-1.,0.));
#5041 = ADVANCED_FACE('',(#5042),#5067,.T.);
#5042 = FACE_BOUND('',#5043,.T.);
#5043 = EDGE_LOOP('',(#5044,#5045,#5053,#5061));
#5044 = ORIENTED_EDGE('',*,*,#4992,.T.);
#5045 = ORIENTED_EDGE('',*,*,#5046,.T.);
#5046 = EDGE_CURVE('',#4985,#5047,#5049,.T.);
#5047 = VERTEX_POINT('',#5048);
#5048 = CARTESIAN_POINT('',(168.5,-94.5,1.51));
#5049 = LINE('',#5050,#5051);
#5050 = CARTESIAN_POINT('',(168.5,-112.,1.51));
#5051 = VECTOR('',#5052,1.);
#5052 = DIRECTION('',(0.,1.,0.));
#5053 = ORIENTED_EDGE('',*,*,#5054,.F.);
#5054 = EDGE_CURVE('',#5055,#5047,#5057,.T.);
#5055 = VERTEX_POINT('',#5056);
#5056 = CARTESIAN_POINT('',(168.5,-94.5,0.));
#5057 = LINE('',#5058,#5059);
#5058 = CARTESIAN_POINT('',(168.5,-94.5,0.));
#5059 = VECTOR('',#5060,1.);
#5060 = DIRECTION('',(0.,0.,1.));
#5061 = ORIENTED_EDGE('',*,*,#5062,.F.);
#5062 = EDGE_CURVE('',#4993,#5055,#5063,.T.);
#5063 = LINE('',#5064,#5065);
#5064 = CARTESIAN_POINT('',(168.5,-112.,0.));
#5065 = VECTOR('',#5066,1.);
#5066 = DIRECTION('',(0.,1.,0.));
#5067 = PLANE('',#5068);
#5068 = AXIS2_PLACEMENT_3D('',#5069,#5070,#5071);
#5069 = CARTESIAN_POINT('',(168.5,-112.,0.));
#5070 = DIRECTION('',(-1.,0.,0.));
#5071 = DIRECTION('',(0.,1.,0.));
#5072 = ADVANCED_FACE('',(#5073,#5084,#5095,#5106,#5117,#5128,#5139,
    #5150,#5161,#5172,#5183,#5194,#5205,#5216,#5227,#5238,#5249,#5260,
    #5271,#5282,#5293),#5304,.F.);
#5073 = FACE_BOUND('',#5074,.F.);
#5074 = EDGE_LOOP('',(#5075,#5076,#5077,#5083));
#5075 = ORIENTED_EDGE('',*,*,#5000,.F.);
#5076 = ORIENTED_EDGE('',*,*,#5031,.F.);
#5077 = ORIENTED_EDGE('',*,*,#5078,.F.);
#5078 = EDGE_CURVE('',#5055,#5015,#5079,.T.);
#5079 = LINE('',#5080,#5081);
#5080 = CARTESIAN_POINT('',(168.5,-94.5,0.));
#5081 = VECTOR('',#5082,1.);
#5082 = DIRECTION('',(1.,0.,0.));
#5083 = ORIENTED_EDGE('',*,*,#5062,.F.);
#5084 = FACE_BOUND('',#5085,.F.);
#5085 = EDGE_LOOP('',(#5086));
#5086 = ORIENTED_EDGE('',*,*,#5087,.T.);
#5087 = EDGE_CURVE('',#5088,#5088,#5090,.T.);
#5088 = VERTEX_POINT('',#5089);
#5089 = CARTESIAN_POINT('',(181.3,-110.457,0.));
#5090 = CIRCLE('',#5091,0.375);
#5091 = AXIS2_PLACEMENT_3D('',#5092,#5093,#5094);
#5092 = CARTESIAN_POINT('',(181.3,-110.082,0.));
#5093 = DIRECTION('',(-0.,0.,-1.));
#5094 = DIRECTION('',(-0.,-1.,0.));
#5095 = FACE_BOUND('',#5096,.F.);
#5096 = EDGE_LOOP('',(#5097));
#5097 = ORIENTED_EDGE('',*,*,#5098,.T.);
#5098 = EDGE_CURVE('',#5099,#5099,#5101,.T.);
#5099 = VERTEX_POINT('',#5100);
#5100 = CARTESIAN_POINT('',(171.,-107.4,0.));
#5101 = CIRCLE('',#5102,0.4);
#5102 = AXIS2_PLACEMENT_3D('',#5103,#5104,#5105);
#5103 = CARTESIAN_POINT('',(171.,-107.,0.));
#5104 = DIRECTION('',(-0.,0.,-1.));
#5105 = DIRECTION('',(-0.,-1.,0.));
#5106 = FACE_BOUND('',#5107,.F.);
#5107 = EDGE_LOOP('',(#5108));
#5108 = ORIENTED_EDGE('',*,*,#5109,.T.);
#5109 = EDGE_CURVE('',#5110,#5110,#5112,.T.);
#5110 = VERTEX_POINT('',#5111);
#5111 = CARTESIAN_POINT('',(178.62,-107.4,0.));
#5112 = CIRCLE('',#5113,0.4);
#5113 = AXIS2_PLACEMENT_3D('',#5114,#5115,#5116);
#5114 = CARTESIAN_POINT('',(178.62,-107.,0.));
#5115 = DIRECTION('',(-0.,0.,-1.));
#5116 = DIRECTION('',(-0.,-1.,0.));
#5117 = FACE_BOUND('',#5118,.F.);
#5118 = EDGE_LOOP('',(#5119));
#5119 = ORIENTED_EDGE('',*,*,#5120,.T.);
#5120 = EDGE_CURVE('',#5121,#5121,#5123,.T.);
#5121 = VERTEX_POINT('',#5122);
#5122 = CARTESIAN_POINT('',(182.19,-105.71,0.));
#5123 = CIRCLE('',#5124,0.4);
#5124 = AXIS2_PLACEMENT_3D('',#5125,#5126,#5127);
#5125 = CARTESIAN_POINT('',(182.19,-105.31,0.));
#5126 = DIRECTION('',(-0.,0.,-1.));
#5127 = DIRECTION('',(-0.,-1.,0.));
#5128 = FACE_BOUND('',#5129,.F.);
#5129 = EDGE_LOOP('',(#5130));
#5130 = ORIENTED_EDGE('',*,*,#5131,.T.);
#5131 = EDGE_CURVE('',#5132,#5132,#5134,.T.);
#5132 = VERTEX_POINT('',#5133);
#5133 = CARTESIAN_POINT('',(183.84,-110.457,0.));
#5134 = CIRCLE('',#5135,0.375);
#5135 = AXIS2_PLACEMENT_3D('',#5136,#5137,#5138);
#5136 = CARTESIAN_POINT('',(183.84,-110.082,0.));
#5137 = DIRECTION('',(-0.,0.,-1.));
#5138 = DIRECTION('',(-0.,-1.,0.));
#5139 = FACE_BOUND('',#5140,.F.);
#5140 = EDGE_LOOP('',(#5141));
#5141 = ORIENTED_EDGE('',*,*,#5142,.T.);
#5142 = EDGE_CURVE('',#5143,#5143,#5145,.T.);
#5143 = VERTEX_POINT('',#5144);
#5144 = CARTESIAN_POINT('',(193.5,-109.45,0.));
#5145 = CIRCLE('',#5146,0.45);
#5146 = AXIS2_PLACEMENT_3D('',#5147,#5148,#5149);
#5147 = CARTESIAN_POINT('',(193.5,-109.,0.));
#5148 = DIRECTION('',(-0.,0.,-1.));
#5149 = DIRECTION('',(-0.,-1.,0.));
#5150 = FACE_BOUND('',#5151,.F.);
#5151 = EDGE_LOOP('',(#5152));
#5152 = ORIENTED_EDGE('',*,*,#5153,.T.);
#5153 = EDGE_CURVE('',#5154,#5154,#5156,.T.);
#5154 = VERTEX_POINT('',#5155);
#5155 = CARTESIAN_POINT('',(196.04,-109.45,0.));
#5156 = CIRCLE('',#5157,0.45);
#5157 = AXIS2_PLACEMENT_3D('',#5158,#5159,#5160);
#5158 = CARTESIAN_POINT('',(196.04,-109.,0.));
#5159 = DIRECTION('',(-0.,0.,-1.));
#5160 = DIRECTION('',(-6.315935428979E-14,-1.,0.));
#5161 = FACE_BOUND('',#5162,.F.);
#5162 = EDGE_LOOP('',(#5163));
#5163 = ORIENTED_EDGE('',*,*,#5164,.T.);
#5164 = EDGE_CURVE('',#5165,#5165,#5167,.T.);
#5165 = VERTEX_POINT('',#5166);
#5166 = CARTESIAN_POINT('',(189.81,-105.71,0.));
#5167 = CIRCLE('',#5168,0.4);
#5168 = AXIS2_PLACEMENT_3D('',#5169,#5170,#5171);
#5169 = CARTESIAN_POINT('',(189.81,-105.31,0.));
#5170 = DIRECTION('',(-0.,0.,-1.));
#5171 = DIRECTION('',(-0.,-1.,0.));
#5172 = FACE_BOUND('',#5173,.F.);
#5173 = EDGE_LOOP('',(#5174));
#5174 = ORIENTED_EDGE('',*,*,#5175,.T.);
#5175 = EDGE_CURVE('',#5176,#5176,#5178,.T.);
#5176 = VERTEX_POINT('',#5177);
#5177 = CARTESIAN_POINT('',(195.,-105.21,0.));
#5178 = CIRCLE('',#5179,0.4);
#5179 = AXIS2_PLACEMENT_3D('',#5180,#5181,#5182);
#5180 = CARTESIAN_POINT('',(195.,-104.81,0.));
#5181 = DIRECTION('',(-0.,0.,-1.));
#5182 = DIRECTION('',(-0.,-1.,0.));
#5183 = FACE_BOUND('',#5184,.F.);
#5184 = EDGE_LOOP('',(#5185));
#5185 = ORIENTED_EDGE('',*,*,#5186,.T.);
#5186 = EDGE_CURVE('',#5187,#5187,#5189,.T.);
#5187 = VERTEX_POINT('',#5188);
#5188 = CARTESIAN_POINT('',(171.,-102.9,0.));
#5189 = CIRCLE('',#5190,0.4);
#5190 = AXIS2_PLACEMENT_3D('',#5191,#5192,#5193);
#5191 = CARTESIAN_POINT('',(171.,-102.5,0.));
#5192 = DIRECTION('',(-0.,0.,-1.));
#5193 = DIRECTION('',(-0.,-1.,0.));
#5194 = FACE_BOUND('',#5195,.F.);
#5195 = EDGE_LOOP('',(#5196));
#5196 = ORIENTED_EDGE('',*,*,#5197,.T.);
#5197 = EDGE_CURVE('',#5198,#5198,#5200,.T.);
#5198 = VERTEX_POINT('',#5199);
#5199 = CARTESIAN_POINT('',(178.62,-102.9,0.));
#5200 = CIRCLE('',#5201,0.4);
#5201 = AXIS2_PLACEMENT_3D('',#5202,#5203,#5204);
#5202 = CARTESIAN_POINT('',(178.62,-102.5,0.));
#5203 = DIRECTION('',(-0.,0.,-1.));
#5204 = DIRECTION('',(-0.,-1.,0.));
#5205 = FACE_BOUND('',#5206,.F.);
#5206 = EDGE_LOOP('',(#5207));
#5207 = ORIENTED_EDGE('',*,*,#5208,.T.);
#5208 = EDGE_CURVE('',#5209,#5209,#5211,.T.);
#5209 = VERTEX_POINT('',#5210);
#5210 = CARTESIAN_POINT('',(182.19,-103.17,0.));
#5211 = CIRCLE('',#5212,0.4);
#5212 = AXIS2_PLACEMENT_3D('',#5213,#5214,#5215);
#5213 = CARTESIAN_POINT('',(182.19,-102.77,0.));
#5214 = DIRECTION('',(-0.,0.,-1.));
#5215 = DIRECTION('',(-0.,-1.,0.));
#5216 = FACE_BOUND('',#5217,.F.);
#5217 = EDGE_LOOP('',(#5218));
#5218 = ORIENTED_EDGE('',*,*,#5219,.T.);
#5219 = EDGE_CURVE('',#5220,#5220,#5222,.T.);
#5220 = VERTEX_POINT('',#5221);
#5221 = CARTESIAN_POINT('',(182.19,-100.63,0.));
#5222 = CIRCLE('',#5223,0.4);
#5223 = AXIS2_PLACEMENT_3D('',#5224,#5225,#5226);
#5224 = CARTESIAN_POINT('',(182.19,-100.23,0.));
#5225 = DIRECTION('',(-0.,0.,-1.));
#5226 = DIRECTION('',(-0.,-1.,0.));
#5227 = FACE_BOUND('',#5228,.F.);
#5228 = EDGE_LOOP('',(#5229));
#5229 = ORIENTED_EDGE('',*,*,#5230,.T.);
#5230 = EDGE_CURVE('',#5231,#5231,#5233,.T.);
#5231 = VERTEX_POINT('',#5232);
#5232 = CARTESIAN_POINT('',(171.,-98.4,0.));
#5233 = CIRCLE('',#5234,0.4);
#5234 = AXIS2_PLACEMENT_3D('',#5235,#5236,#5237);
#5235 = CARTESIAN_POINT('',(171.,-98.,0.));
#5236 = DIRECTION('',(-0.,0.,-1.));
#5237 = DIRECTION('',(-0.,-1.,0.));
#5238 = FACE_BOUND('',#5239,.F.);
#5239 = EDGE_LOOP('',(#5240));
#5240 = ORIENTED_EDGE('',*,*,#5241,.T.);
#5241 = EDGE_CURVE('',#5242,#5242,#5244,.T.);
#5242 = VERTEX_POINT('',#5243);
#5243 = CARTESIAN_POINT('',(178.62,-98.4,0.));
#5244 = CIRCLE('',#5245,0.4);
#5245 = AXIS2_PLACEMENT_3D('',#5246,#5247,#5248);
#5246 = CARTESIAN_POINT('',(178.62,-98.,0.));
#5247 = DIRECTION('',(-0.,0.,-1.));
#5248 = DIRECTION('',(-0.,-1.,0.));
#5249 = FACE_BOUND('',#5250,.F.);
#5250 = EDGE_LOOP('',(#5251));
#5251 = ORIENTED_EDGE('',*,*,#5252,.T.);
#5252 = EDGE_CURVE('',#5253,#5253,#5255,.T.);
#5253 = VERTEX_POINT('',#5254);
#5254 = CARTESIAN_POINT('',(182.19,-98.09,0.));
#5255 = CIRCLE('',#5256,0.4);
#5256 = AXIS2_PLACEMENT_3D('',#5257,#5258,#5259);
#5257 = CARTESIAN_POINT('',(182.19,-97.69,0.));
#5258 = DIRECTION('',(-0.,0.,-1.));
#5259 = DIRECTION('',(-0.,-1.,0.));
#5260 = FACE_BOUND('',#5261,.F.);
#5261 = EDGE_LOOP('',(#5262));
#5262 = ORIENTED_EDGE('',*,*,#5263,.T.);
#5263 = EDGE_CURVE('',#5264,#5264,#5266,.T.);
#5264 = VERTEX_POINT('',#5265);
#5265 = CARTESIAN_POINT('',(189.81,-103.17,0.));
#5266 = CIRCLE('',#5267,0.4);
#5267 = AXIS2_PLACEMENT_3D('',#5268,#5269,#5270);
#5268 = CARTESIAN_POINT('',(189.81,-102.77,0.));
#5269 = DIRECTION('',(-0.,0.,-1.));
#5270 = DIRECTION('',(-0.,-1.,0.));
#5271 = FACE_BOUND('',#5272,.F.);
#5272 = EDGE_LOOP('',(#5273));
#5273 = ORIENTED_EDGE('',*,*,#5274,.T.);
#5274 = EDGE_CURVE('',#5275,#5275,#5277,.T.);
#5275 = VERTEX_POINT('',#5276);
#5276 = CARTESIAN_POINT('',(189.81,-100.63,0.));
#5277 = CIRCLE('',#5278,0.4);
#5278 = AXIS2_PLACEMENT_3D('',#5279,#5280,#5281);
#5279 = CARTESIAN_POINT('',(189.81,-100.23,0.));
#5280 = DIRECTION('',(-0.,0.,-1.));
#5281 = DIRECTION('',(-0.,-1.,0.));
#5282 = FACE_BOUND('',#5283,.F.);
#5283 = EDGE_LOOP('',(#5284));
#5284 = ORIENTED_EDGE('',*,*,#5285,.T.);
#5285 = EDGE_CURVE('',#5286,#5286,#5288,.T.);
#5286 = VERTEX_POINT('',#5287);
#5287 = CARTESIAN_POINT('',(189.81,-98.09,0.));
#5288 = CIRCLE('',#5289,0.4);
#5289 = AXIS2_PLACEMENT_3D('',#5290,#5291,#5292);
#5290 = CARTESIAN_POINT('',(189.81,-97.69,0.));
#5291 = DIRECTION('',(-0.,0.,-1.));
#5292 = DIRECTION('',(-0.,-1.,0.));
#5293 = FACE_BOUND('',#5294,.F.);
#5294 = EDGE_LOOP('',(#5295));
#5295 = ORIENTED_EDGE('',*,*,#5296,.T.);
#5296 = EDGE_CURVE('',#5297,#5297,#5299,.T.);
#5297 = VERTEX_POINT('',#5298);
#5298 = CARTESIAN_POINT('',(195.,-97.59,0.));
#5299 = CIRCLE('',#5300,0.4);
#5300 = AXIS2_PLACEMENT_3D('',#5301,#5302,#5303);
#5301 = CARTESIAN_POINT('',(195.,-97.19,0.));
#5302 = DIRECTION('',(-0.,0.,-1.));
#5303 = DIRECTION('',(-0.,-1.,0.));
#5304 = PLANE('',#5305);
#5305 = AXIS2_PLACEMENT_3D('',#5306,#5307,#5308);
#5306 = CARTESIAN_POINT('',(0.,0.,0.));
#5307 = DIRECTION('',(0.,0.,1.));
#5308 = DIRECTION('',(1.,0.,-0.));
#5309 = ADVANCED_FACE('',(#5310,#5321,#5332,#5343,#5354,#5365,#5376,
    #5387,#5398,#5409,#5420,#5431,#5442,#5453,#5464,#5475,#5486,#5497,
    #5508,#5519,#5530),#5541,.T.);
#5310 = FACE_BOUND('',#5311,.T.);
#5311 = EDGE_LOOP('',(#5312,#5313,#5314,#5320));
#5312 = ORIENTED_EDGE('',*,*,#4984,.F.);
#5313 = ORIENTED_EDGE('',*,*,#5024,.F.);
#5314 = ORIENTED_EDGE('',*,*,#5315,.F.);
#5315 = EDGE_CURVE('',#5047,#5017,#5316,.T.);
#5316 = LINE('',#5317,#5318);
#5317 = CARTESIAN_POINT('',(168.5,-94.5,1.51));
#5318 = VECTOR('',#5319,1.);
#5319 = DIRECTION('',(1.,0.,0.));
#5320 = ORIENTED_EDGE('',*,*,#5046,.F.);
#5321 = FACE_BOUND('',#5322,.T.);
#5322 = EDGE_LOOP('',(#5323));
#5323 = ORIENTED_EDGE('',*,*,#5324,.T.);
#5324 = EDGE_CURVE('',#5325,#5325,#5327,.T.);
#5325 = VERTEX_POINT('',#5326);
#5326 = CARTESIAN_POINT('',(181.3,-110.457,1.51));
#5327 = CIRCLE('',#5328,0.375);
#5328 = AXIS2_PLACEMENT_3D('',#5329,#5330,#5331);
#5329 = CARTESIAN_POINT('',(181.3,-110.082,1.51));
#5330 = DIRECTION('',(-0.,0.,-1.));
#5331 = DIRECTION('',(-0.,-1.,0.));
#5332 = FACE_BOUND('',#5333,.T.);
#5333 = EDGE_LOOP('',(#5334));
#5334 = ORIENTED_EDGE('',*,*,#5335,.T.);
#5335 = EDGE_CURVE('',#5336,#5336,#5338,.T.);
#5336 = VERTEX_POINT('',#5337);
#5337 = CARTESIAN_POINT('',(171.,-107.4,1.51));
#5338 = CIRCLE('',#5339,0.4);
#5339 = AXIS2_PLACEMENT_3D('',#5340,#5341,#5342);
#5340 = CARTESIAN_POINT('',(171.,-107.,1.51));
#5341 = DIRECTION('',(-0.,0.,-1.));
#5342 = DIRECTION('',(-0.,-1.,0.));
#5343 = FACE_BOUND('',#5344,.T.);
#5344 = EDGE_LOOP('',(#5345));
#5345 = ORIENTED_EDGE('',*,*,#5346,.T.);
#5346 = EDGE_CURVE('',#5347,#5347,#5349,.T.);
#5347 = VERTEX_POINT('',#5348);
#5348 = CARTESIAN_POINT('',(178.62,-107.4,1.51));
#5349 = CIRCLE('',#5350,0.4);
#5350 = AXIS2_PLACEMENT_3D('',#5351,#5352,#5353);
#5351 = CARTESIAN_POINT('',(178.62,-107.,1.51));
#5352 = DIRECTION('',(-0.,0.,-1.));
#5353 = DIRECTION('',(-0.,-1.,0.));
#5354 = FACE_BOUND('',#5355,.T.);
#5355 = EDGE_LOOP('',(#5356));
#5356 = ORIENTED_EDGE('',*,*,#5357,.T.);
#5357 = EDGE_CURVE('',#5358,#5358,#5360,.T.);
#5358 = VERTEX_POINT('',#5359);
#5359 = CARTESIAN_POINT('',(182.19,-105.71,1.51));
#5360 = CIRCLE('',#5361,0.4);
#5361 = AXIS2_PLACEMENT_3D('',#5362,#5363,#5364);
#5362 = CARTESIAN_POINT('',(182.19,-105.31,1.51));
#5363 = DIRECTION('',(-0.,0.,-1.));
#5364 = DIRECTION('',(-0.,-1.,0.));
#5365 = FACE_BOUND('',#5366,.T.);
#5366 = EDGE_LOOP('',(#5367));
#5367 = ORIENTED_EDGE('',*,*,#5368,.T.);
#5368 = EDGE_CURVE('',#5369,#5369,#5371,.T.);
#5369 = VERTEX_POINT('',#5370);
#5370 = CARTESIAN_POINT('',(183.84,-110.457,1.51));
#5371 = CIRCLE('',#5372,0.375);
#5372 = AXIS2_PLACEMENT_3D('',#5373,#5374,#5375);
#5373 = CARTESIAN_POINT('',(183.84,-110.082,1.51));
#5374 = DIRECTION('',(-0.,0.,-1.));
#5375 = DIRECTION('',(-0.,-1.,0.));
#5376 = FACE_BOUND('',#5377,.T.);
#5377 = EDGE_LOOP('',(#5378));
#5378 = ORIENTED_EDGE('',*,*,#5379,.T.);
#5379 = EDGE_CURVE('',#5380,#5380,#5382,.T.);
#5380 = VERTEX_POINT('',#5381);
#5381 = CARTESIAN_POINT('',(193.5,-109.45,1.51));
#5382 = CIRCLE('',#5383,0.45);
#5383 = AXIS2_PLACEMENT_3D('',#5384,#5385,#5386);
#5384 = CARTESIAN_POINT('',(193.5,-109.,1.51));
#5385 = DIRECTION('',(-0.,0.,-1.));
#5386 = DIRECTION('',(-0.,-1.,0.));
#5387 = FACE_BOUND('',#5388,.T.);
#5388 = EDGE_LOOP('',(#5389));
#5389 = ORIENTED_EDGE('',*,*,#5390,.T.);
#5390 = EDGE_CURVE('',#5391,#5391,#5393,.T.);
#5391 = VERTEX_POINT('',#5392);
#5392 = CARTESIAN_POINT('',(196.04,-109.45,1.51));
#5393 = CIRCLE('',#5394,0.45);
#5394 = AXIS2_PLACEMENT_3D('',#5395,#5396,#5397);
#5395 = CARTESIAN_POINT('',(196.04,-109.,1.51));
#5396 = DIRECTION('',(-0.,0.,-1.));
#5397 = DIRECTION('',(-6.315935428979E-14,-1.,0.));
#5398 = FACE_BOUND('',#5399,.T.);
#5399 = EDGE_LOOP('',(#5400));
#5400 = ORIENTED_EDGE('',*,*,#5401,.T.);
#5401 = EDGE_CURVE('',#5402,#5402,#5404,.T.);
#5402 = VERTEX_POINT('',#5403);
#5403 = CARTESIAN_POINT('',(189.81,-105.71,1.51));
#5404 = CIRCLE('',#5405,0.4);
#5405 = AXIS2_PLACEMENT_3D('',#5406,#5407,#5408);
#5406 = CARTESIAN_POINT('',(189.81,-105.31,1.51));
#5407 = DIRECTION('',(-0.,0.,-1.));
#5408 = DIRECTION('',(-0.,-1.,0.));
#5409 = FACE_BOUND('',#5410,.T.);
#5410 = EDGE_LOOP('',(#5411));
#5411 = ORIENTED_EDGE('',*,*,#5412,.T.);
#5412 = EDGE_CURVE('',#5413,#5413,#5415,.T.);
#5413 = VERTEX_POINT('',#5414);
#5414 = CARTESIAN_POINT('',(195.,-105.21,1.51));
#5415 = CIRCLE('',#5416,0.4);
#5416 = AXIS2_PLACEMENT_3D('',#5417,#5418,#5419);
#5417 = CARTESIAN_POINT('',(195.,-104.81,1.51));
#5418 = DIRECTION('',(-0.,0.,-1.));
#5419 = DIRECTION('',(-0.,-1.,0.));
#5420 = FACE_BOUND('',#5421,.T.);
#5421 = EDGE_LOOP('',(#5422));
#5422 = ORIENTED_EDGE('',*,*,#5423,.T.);
#5423 = EDGE_CURVE('',#5424,#5424,#5426,.T.);
#5424 = VERTEX_POINT('',#5425);
#5425 = CARTESIAN_POINT('',(171.,-102.9,1.51));
#5426 = CIRCLE('',#5427,0.4);
#5427 = AXIS2_PLACEMENT_3D('',#5428,#5429,#5430);
#5428 = CARTESIAN_POINT('',(171.,-102.5,1.51));
#5429 = DIRECTION('',(-0.,0.,-1.));
#5430 = DIRECTION('',(-0.,-1.,0.));
#5431 = FACE_BOUND('',#5432,.T.);
#5432 = EDGE_LOOP('',(#5433));
#5433 = ORIENTED_EDGE('',*,*,#5434,.T.);
#5434 = EDGE_CURVE('',#5435,#5435,#5437,.T.);
#5435 = VERTEX_POINT('',#5436);
#5436 = CARTESIAN_POINT('',(178.62,-102.9,1.51));
#5437 = CIRCLE('',#5438,0.4);
#5438 = AXIS2_PLACEMENT_3D('',#5439,#5440,#5441);
#5439 = CARTESIAN_POINT('',(178.62,-102.5,1.51));
#5440 = DIRECTION('',(-0.,0.,-1.));
#5441 = DIRECTION('',(-0.,-1.,0.));
#5442 = FACE_BOUND('',#5443,.T.);
#5443 = EDGE_LOOP('',(#5444));
#5444 = ORIENTED_EDGE('',*,*,#5445,.T.);
#5445 = EDGE_CURVE('',#5446,#5446,#5448,.T.);
#5446 = VERTEX_POINT('',#5447);
#5447 = CARTESIAN_POINT('',(182.19,-103.17,1.51));
#5448 = CIRCLE('',#5449,0.4);
#5449 = AXIS2_PLACEMENT_3D('',#5450,#5451,#5452);
#5450 = CARTESIAN_POINT('',(182.19,-102.77,1.51));
#5451 = DIRECTION('',(-0.,0.,-1.));
#5452 = DIRECTION('',(-0.,-1.,0.));
#5453 = FACE_BOUND('',#5454,.T.);
#5454 = EDGE_LOOP('',(#5455));
#5455 = ORIENTED_EDGE('',*,*,#5456,.T.);
#5456 = EDGE_CURVE('',#5457,#5457,#5459,.T.);
#5457 = VERTEX_POINT('',#5458);
#5458 = CARTESIAN_POINT('',(182.19,-100.63,1.51));
#5459 = CIRCLE('',#5460,0.4);
#5460 = AXIS2_PLACEMENT_3D('',#5461,#5462,#5463);
#5461 = CARTESIAN_POINT('',(182.19,-100.23,1.51));
#5462 = DIRECTION('',(-0.,0.,-1.));
#5463 = DIRECTION('',(-0.,-1.,0.));
#5464 = FACE_BOUND('',#5465,.T.);
#5465 = EDGE_LOOP('',(#5466));
#5466 = ORIENTED_EDGE('',*,*,#5467,.T.);
#5467 = EDGE_CURVE('',#5468,#5468,#5470,.T.);
#5468 = VERTEX_POINT('',#5469);
#5469 = CARTESIAN_POINT('',(171.,-98.4,1.51));
#5470 = CIRCLE('',#5471,0.4);
#5471 = AXIS2_PLACEMENT_3D('',#5472,#5473,#5474);
#5472 = CARTESIAN_POINT('',(171.,-98.,1.51));
#5473 = DIRECTION('',(-0.,0.,-1.));
#5474 = DIRECTION('',(-0.,-1.,0.));
#5475 = FACE_BOUND('',#5476,.T.);
#5476 = EDGE_LOOP('',(#5477));
#5477 = ORIENTED_EDGE('',*,*,#5478,.T.);
#5478 = EDGE_CURVE('',#5479,#5479,#5481,.T.);
#5479 = VERTEX_POINT('',#5480);
#5480 = CARTESIAN_POINT('',(178.62,-98.4,1.51));
#5481 = CIRCLE('',#5482,0.4);
#5482 = AXIS2_PLACEMENT_3D('',#5483,#5484,#5485);
#5483 = CARTESIAN_POINT('',(178.62,-98.,1.51));
#5484 = DIRECTION('',(-0.,0.,-1.));
#5485 = DIRECTION('',(-0.,-1.,0.));
#5486 = FACE_BOUND('',#5487,.T.);
#5487 = EDGE_LOOP('',(#5488));
#5488 = ORIENTED_EDGE('',*,*,#5489,.T.);
#5489 = EDGE_CURVE('',#5490,#5490,#5492,.T.);
#5490 = VERTEX_POINT('',#5491);
#5491 = CARTESIAN_POINT('',(182.19,-98.09,1.51));
#5492 = CIRCLE('',#5493,0.4);
#5493 = AXIS2_PLACEMENT_3D('',#5494,#5495,#5496);
#5494 = CARTESIAN_POINT('',(182.19,-97.69,1.51));
#5495 = DIRECTION('',(-0.,0.,-1.));
#5496 = DIRECTION('',(-0.,-1.,0.));
#5497 = FACE_BOUND('',#5498,.T.);
#5498 = EDGE_LOOP('',(#5499));
#5499 = ORIENTED_EDGE('',*,*,#5500,.T.);
#5500 = EDGE_CURVE('',#5501,#5501,#5503,.T.);
#5501 = VERTEX_POINT('',#5502);
#5502 = CARTESIAN_POINT('',(189.81,-103.17,1.51));
#5503 = CIRCLE('',#5504,0.4);
#5504 = AXIS2_PLACEMENT_3D('',#5505,#5506,#5507);
#5505 = CARTESIAN_POINT('',(189.81,-102.77,1.51));
#5506 = DIRECTION('',(-0.,0.,-1.));
#5507 = DIRECTION('',(-0.,-1.,0.));
#5508 = FACE_BOUND('',#5509,.T.);
#5509 = EDGE_LOOP('',(#5510));
#5510 = ORIENTED_EDGE('',*,*,#5511,.T.);
#5511 = EDGE_CURVE('',#5512,#5512,#5514,.T.);
#5512 = VERTEX_POINT('',#5513);
#5513 = CARTESIAN_POINT('',(189.81,-100.63,1.51));
#5514 = CIRCLE('',#5515,0.4);
#5515 = AXIS2_PLACEMENT_3D('',#5516,#5517,#5518);
#5516 = CARTESIAN_POINT('',(189.81,-100.23,1.51));
#5517 = DIRECTION('',(-0.,0.,-1.));
#5518 = DIRECTION('',(-0.,-1.,0.));
#5519 = FACE_BOUND('',#5520,.T.);
#5520 = EDGE_LOOP('',(#5521));
#5521 = ORIENTED_EDGE('',*,*,#5522,.T.);
#5522 = EDGE_CURVE('',#5523,#5523,#5525,.T.);
#5523 = VERTEX_POINT('',#5524);
#5524 = CARTESIAN_POINT('',(189.81,-98.09,1.51));
#5525 = CIRCLE('',#5526,0.4);
#5526 = AXIS2_PLACEMENT_3D('',#5527,#5528,#5529);
#5527 = CARTESIAN_POINT('',(189.81,-97.69,1.51));
#5528 = DIRECTION('',(-0.,0.,-1.));
#5529 = DIRECTION('',(-0.,-1.,0.));
#5530 = FACE_BOUND('',#5531,.T.);
#5531 = EDGE_LOOP('',(#5532));
#5532 = ORIENTED_EDGE('',*,*,#5533,.T.);
#5533 = EDGE_CURVE('',#5534,#5534,#5536,.T.);
#5534 = VERTEX_POINT('',#5535);
#5535 = CARTESIAN_POINT('',(195.,-97.59,1.51));
#5536 = CIRCLE('',#5537,0.4);
#5537 = AXIS2_PLACEMENT_3D('',#5538,#5539,#5540);
#5538 = CARTESIAN_POINT('',(195.,-97.19,1.51));
#5539 = DIRECTION('',(-0.,0.,-1.));
#5540 = DIRECTION('',(-0.,-1.,0.));
#5541 = PLANE('',#5542);
#5542 = AXIS2_PLACEMENT_3D('',#5543,#5544,#5545);
#5543 = CARTESIAN_POINT('',(0.,0.,1.51));
#5544 = DIRECTION('',(0.,0.,1.));
#5545 = DIRECTION('',(1.,0.,-0.));
#5546 = ADVANCED_FACE('',(#5547),#5553,.T.);
#5547 = FACE_BOUND('',#5548,.T.);
#5548 = EDGE_LOOP('',(#5549,#5550,#5551,#5552));
#5549 = ORIENTED_EDGE('',*,*,#5054,.T.);
#5550 = ORIENTED_EDGE('',*,*,#5315,.T.);
#5551 = ORIENTED_EDGE('',*,*,#5014,.F.);
#5552 = ORIENTED_EDGE('',*,*,#5078,.F.);
#5553 = PLANE('',#5554);
#5554 = AXIS2_PLACEMENT_3D('',#5555,#5556,#5557);
#5555 = CARTESIAN_POINT('',(168.5,-94.5,0.));
#5556 = DIRECTION('',(0.,1.,0.));
#5557 = DIRECTION('',(1.,0.,0.));
#5558 = ADVANCED_FACE('',(#5559),#5570,.F.);
#5559 = FACE_BOUND('',#5560,.T.);
#5560 = EDGE_LOOP('',(#5561,#5562,#5568,#5569));
#5561 = ORIENTED_EDGE('',*,*,#5087,.T.);
#5562 = ORIENTED_EDGE('',*,*,#5563,.T.);
#5563 = EDGE_CURVE('',#5088,#5325,#5564,.T.);
#5564 = LINE('',#5565,#5566);
#5565 = CARTESIAN_POINT('',(181.3,-110.457,-4.6E-02));
#5566 = VECTOR('',#5567,1.);
#5567 = DIRECTION('',(0.,0.,1.));
#5568 = ORIENTED_EDGE('',*,*,#5324,.F.);
#5569 = ORIENTED_EDGE('',*,*,#5563,.F.);
#5570 = CYLINDRICAL_SURFACE('',#5571,0.375);
#5571 = AXIS2_PLACEMENT_3D('',#5572,#5573,#5574);
#5572 = CARTESIAN_POINT('',(181.3,-110.082,-4.6E-02));
#5573 = DIRECTION('',(-0.,-0.,-1.));
#5574 = DIRECTION('',(-0.,-1.,0.));
#5575 = ADVANCED_FACE('',(#5576),#5587,.F.);
#5576 = FACE_BOUND('',#5577,.T.);
#5577 = EDGE_LOOP('',(#5578,#5579,#5585,#5586));
#5578 = ORIENTED_EDGE('',*,*,#5098,.T.);
#5579 = ORIENTED_EDGE('',*,*,#5580,.T.);
#5580 = EDGE_CURVE('',#5099,#5336,#5581,.T.);
#5581 = LINE('',#5582,#5583);
#5582 = CARTESIAN_POINT('',(171.,-107.4,-4.6E-02));
#5583 = VECTOR('',#5584,1.);
#5584 = DIRECTION('',(0.,0.,1.));
#5585 = ORIENTED_EDGE('',*,*,#5335,.F.);
#5586 = ORIENTED_EDGE('',*,*,#5580,.F.);
#5587 = CYLINDRICAL_SURFACE('',#5588,0.4);
#5588 = AXIS2_PLACEMENT_3D('',#5589,#5590,#5591);
#5589 = CARTESIAN_POINT('',(171.,-107.,-4.6E-02));
#5590 = DIRECTION('',(-0.,-0.,-1.));
#5591 = DIRECTION('',(-0.,-1.,0.));
#5592 = ADVANCED_FACE('',(#5593),#5604,.F.);
#5593 = FACE_BOUND('',#5594,.T.);
#5594 = EDGE_LOOP('',(#5595,#5596,#5602,#5603));
#5595 = ORIENTED_EDGE('',*,*,#5109,.T.);
#5596 = ORIENTED_EDGE('',*,*,#5597,.T.);
#5597 = EDGE_CURVE('',#5110,#5347,#5598,.T.);
#5598 = LINE('',#5599,#5600);
#5599 = CARTESIAN_POINT('',(178.62,-107.4,-4.6E-02));
#5600 = VECTOR('',#5601,1.);
#5601 = DIRECTION('',(0.,0.,1.));
#5602 = ORIENTED_EDGE('',*,*,#5346,.F.);
#5603 = ORIENTED_EDGE('',*,*,#5597,.F.);
#5604 = CYLINDRICAL_SURFACE('',#5605,0.4);
#5605 = AXIS2_PLACEMENT_3D('',#5606,#5607,#5608);
#5606 = CARTESIAN_POINT('',(178.62,-107.,-4.6E-02));
#5607 = DIRECTION('',(-0.,-0.,-1.));
#5608 = DIRECTION('',(-0.,-1.,0.));
#5609 = ADVANCED_FACE('',(#5610),#5621,.F.);
#5610 = FACE_BOUND('',#5611,.T.);
#5611 = EDGE_LOOP('',(#5612,#5613,#5619,#5620));
#5612 = ORIENTED_EDGE('',*,*,#5120,.T.);
#5613 = ORIENTED_EDGE('',*,*,#5614,.T.);
#5614 = EDGE_CURVE('',#5121,#5358,#5615,.T.);
#5615 = LINE('',#5616,#5617);
#5616 = CARTESIAN_POINT('',(182.19,-105.71,-4.6E-02));
#5617 = VECTOR('',#5618,1.);
#5618 = DIRECTION('',(0.,0.,1.));
#5619 = ORIENTED_EDGE('',*,*,#5357,.F.);
#5620 = ORIENTED_EDGE('',*,*,#5614,.F.);
#5621 = CYLINDRICAL_SURFACE('',#5622,0.4);
#5622 = AXIS2_PLACEMENT_3D('',#5623,#5624,#5625);
#5623 = CARTESIAN_POINT('',(182.19,-105.31,-4.6E-02));
#5624 = DIRECTION('',(-0.,-0.,-1.));
#5625 = DIRECTION('',(-0.,-1.,0.));
#5626 = ADVANCED_FACE('',(#5627),#5638,.F.);
#5627 = FACE_BOUND('',#5628,.T.);
#5628 = EDGE_LOOP('',(#5629,#5630,#5636,#5637));
#5629 = ORIENTED_EDGE('',*,*,#5131,.T.);
#5630 = ORIENTED_EDGE('',*,*,#5631,.T.);
#5631 = EDGE_CURVE('',#5132,#5369,#5632,.T.);
#5632 = LINE('',#5633,#5634);
#5633 = CARTESIAN_POINT('',(183.84,-110.457,-4.6E-02));
#5634 = VECTOR('',#5635,1.);
#5635 = DIRECTION('',(0.,0.,1.));
#5636 = ORIENTED_EDGE('',*,*,#5368,.F.);
#5637 = ORIENTED_EDGE('',*,*,#5631,.F.);
#5638 = CYLINDRICAL_SURFACE('',#5639,0.375);
#5639 = AXIS2_PLACEMENT_3D('',#5640,#5641,#5642);
#5640 = CARTESIAN_POINT('',(183.84,-110.082,-4.6E-02));
#5641 = DIRECTION('',(-0.,-0.,-1.));
#5642 = DIRECTION('',(-0.,-1.,0.));
#5643 = ADVANCED_FACE('',(#5644),#5655,.F.);
#5644 = FACE_BOUND('',#5645,.T.);
#5645 = EDGE_LOOP('',(#5646,#5647,#5653,#5654));
#5646 = ORIENTED_EDGE('',*,*,#5142,.T.);
#5647 = ORIENTED_EDGE('',*,*,#5648,.T.);
#5648 = EDGE_CURVE('',#5143,#5380,#5649,.T.);
#5649 = LINE('',#5650,#5651);
#5650 = CARTESIAN_POINT('',(193.5,-109.45,-4.6E-02));
#5651 = VECTOR('',#5652,1.);
#5652 = DIRECTION('',(0.,0.,1.));
#5653 = ORIENTED_EDGE('',*,*,#5379,.F.);
#5654 = ORIENTED_EDGE('',*,*,#5648,.F.);
#5655 = CYLINDRICAL_SURFACE('',#5656,0.45);
#5656 = AXIS2_PLACEMENT_3D('',#5657,#5658,#5659);
#5657 = CARTESIAN_POINT('',(193.5,-109.,-4.6E-02));
#5658 = DIRECTION('',(-0.,-0.,-1.));
#5659 = DIRECTION('',(-0.,-1.,0.));
#5660 = ADVANCED_FACE('',(#5661),#5672,.F.);
#5661 = FACE_BOUND('',#5662,.T.);
#5662 = EDGE_LOOP('',(#5663,#5664,#5670,#5671));
#5663 = ORIENTED_EDGE('',*,*,#5153,.T.);
#5664 = ORIENTED_EDGE('',*,*,#5665,.T.);
#5665 = EDGE_CURVE('',#5154,#5391,#5666,.T.);
#5666 = LINE('',#5667,#5668);
#5667 = CARTESIAN_POINT('',(196.04,-109.45,-4.6E-02));
#5668 = VECTOR('',#5669,1.);
#5669 = DIRECTION('',(0.,0.,1.));
#5670 = ORIENTED_EDGE('',*,*,#5390,.F.);
#5671 = ORIENTED_EDGE('',*,*,#5665,.F.);
#5672 = CYLINDRICAL_SURFACE('',#5673,0.45);
#5673 = AXIS2_PLACEMENT_3D('',#5674,#5675,#5676);
#5674 = CARTESIAN_POINT('',(196.04,-109.,-4.6E-02));
#5675 = DIRECTION('',(-0.,-0.,-1.));
#5676 = DIRECTION('',(-6.315935428979E-14,-1.,0.));
#5677 = ADVANCED_FACE('',(#5678),#5689,.F.);
#5678 = FACE_BOUND('',#5679,.T.);
#5679 = EDGE_LOOP('',(#5680,#5681,#5687,#5688));
#5680 = ORIENTED_EDGE('',*,*,#5164,.T.);
#5681 = ORIENTED_EDGE('',*,*,#5682,.T.);
#5682 = EDGE_CURVE('',#5165,#5402,#5683,.T.);
#5683 = LINE('',#5684,#5685);
#5684 = CARTESIAN_POINT('',(189.81,-105.71,-4.6E-02));
#5685 = VECTOR('',#5686,1.);
#5686 = DIRECTION('',(0.,0.,1.));
#5687 = ORIENTED_EDGE('',*,*,#5401,.F.);
#5688 = ORIENTED_EDGE('',*,*,#5682,.F.);
#5689 = CYLINDRICAL_SURFACE('',#5690,0.4);
#5690 = AXIS2_PLACEMENT_3D('',#5691,#5692,#5693);
#5691 = CARTESIAN_POINT('',(189.81,-105.31,-4.6E-02));
#5692 = DIRECTION('',(-0.,-0.,-1.));
#5693 = DIRECTION('',(-0.,-1.,0.));
#5694 = ADVANCED_FACE('',(#5695),#5706,.F.);
#5695 = FACE_BOUND('',#5696,.T.);
#5696 = EDGE_LOOP('',(#5697,#5698,#5704,#5705));
#5697 = ORIENTED_EDGE('',*,*,#5175,.T.);
#5698 = ORIENTED_EDGE('',*,*,#5699,.T.);
#5699 = EDGE_CURVE('',#5176,#5413,#5700,.T.);
#5700 = LINE('',#5701,#5702);
#5701 = CARTESIAN_POINT('',(195.,-105.21,-4.6E-02));
#5702 = VECTOR('',#5703,1.);
#5703 = DIRECTION('',(0.,0.,1.));
#5704 = ORIENTED_EDGE('',*,*,#5412,.F.);
#5705 = ORIENTED_EDGE('',*,*,#5699,.F.);
#5706 = CYLINDRICAL_SURFACE('',#5707,0.4);
#5707 = AXIS2_PLACEMENT_3D('',#5708,#5709,#5710);
#5708 = CARTESIAN_POINT('',(195.,-104.81,-4.6E-02));
#5709 = DIRECTION('',(-0.,-0.,-1.));
#5710 = DIRECTION('',(-0.,-1.,0.));
#5711 = ADVANCED_FACE('',(#5712),#5723,.F.);
#5712 = FACE_BOUND('',#5713,.T.);
#5713 = EDGE_LOOP('',(#5714,#5715,#5721,#5722));
#5714 = ORIENTED_EDGE('',*,*,#5186,.T.);
#5715 = ORIENTED_EDGE('',*,*,#5716,.T.);
#5716 = EDGE_CURVE('',#5187,#5424,#5717,.T.);
#5717 = LINE('',#5718,#5719);
#5718 = CARTESIAN_POINT('',(171.,-102.9,-4.6E-02));
#5719 = VECTOR('',#5720,1.);
#5720 = DIRECTION('',(0.,0.,1.));
#5721 = ORIENTED_EDGE('',*,*,#5423,.F.);
#5722 = ORIENTED_EDGE('',*,*,#5716,.F.);
#5723 = CYLINDRICAL_SURFACE('',#5724,0.4);
#5724 = AXIS2_PLACEMENT_3D('',#5725,#5726,#5727);
#5725 = CARTESIAN_POINT('',(171.,-102.5,-4.6E-02));
#5726 = DIRECTION('',(-0.,-0.,-1.));
#5727 = DIRECTION('',(-0.,-1.,0.));
#5728 = ADVANCED_FACE('',(#5729),#5740,.F.);
#5729 = FACE_BOUND('',#5730,.T.);
#5730 = EDGE_LOOP('',(#5731,#5732,#5738,#5739));
#5731 = ORIENTED_EDGE('',*,*,#5197,.T.);
#5732 = ORIENTED_EDGE('',*,*,#5733,.T.);
#5733 = EDGE_CURVE('',#5198,#5435,#5734,.T.);
#5734 = LINE('',#5735,#5736);
#5735 = CARTESIAN_POINT('',(178.62,-102.9,-4.6E-02));
#5736 = VECTOR('',#5737,1.);
#5737 = DIRECTION('',(0.,0.,1.));
#5738 = ORIENTED_EDGE('',*,*,#5434,.F.);
#5739 = ORIENTED_EDGE('',*,*,#5733,.F.);
#5740 = CYLINDRICAL_SURFACE('',#5741,0.4);
#5741 = AXIS2_PLACEMENT_3D('',#5742,#5743,#5744);
#5742 = CARTESIAN_POINT('',(178.62,-102.5,-4.6E-02));
#5743 = DIRECTION('',(-0.,-0.,-1.));
#5744 = DIRECTION('',(-0.,-1.,0.));
#5745 = ADVANCED_FACE('',(#5746),#5757,.F.);
#5746 = FACE_BOUND('',#5747,.T.);
#5747 = EDGE_LOOP('',(#5748,#5749,#5755,#5756));
#5748 = ORIENTED_EDGE('',*,*,#5208,.T.);
#5749 = ORIENTED_EDGE('',*,*,#5750,.T.);
#5750 = EDGE_CURVE('',#5209,#5446,#5751,.T.);
#5751 = LINE('',#5752,#5753);
#5752 = CARTESIAN_POINT('',(182.19,-103.17,-4.6E-02));
#5753 = VECTOR('',#5754,1.);
#5754 = DIRECTION('',(0.,0.,1.));
#5755 = ORIENTED_EDGE('',*,*,#5445,.F.);
#5756 = ORIENTED_EDGE('',*,*,#5750,.F.);
#5757 = CYLINDRICAL_SURFACE('',#5758,0.4);
#5758 = AXIS2_PLACEMENT_3D('',#5759,#5760,#5761);
#5759 = CARTESIAN_POINT('',(182.19,-102.77,-4.6E-02));
#5760 = DIRECTION('',(-0.,-0.,-1.));
#5761 = DIRECTION('',(-0.,-1.,0.));
#5762 = ADVANCED_FACE('',(#5763),#5774,.F.);
#5763 = FACE_BOUND('',#5764,.T.);
#5764 = EDGE_LOOP('',(#5765,#5766,#5772,#5773));
#5765 = ORIENTED_EDGE('',*,*,#5219,.T.);
#5766 = ORIENTED_EDGE('',*,*,#5767,.T.);
#5767 = EDGE_CURVE('',#5220,#5457,#5768,.T.);
#5768 = LINE('',#5769,#5770);
#5769 = CARTESIAN_POINT('',(182.19,-100.63,-4.6E-02));
#5770 = VECTOR('',#5771,1.);
#5771 = DIRECTION('',(0.,0.,1.));
#5772 = ORIENTED_EDGE('',*,*,#5456,.F.);
#5773 = ORIENTED_EDGE('',*,*,#5767,.F.);
#5774 = CYLINDRICAL_SURFACE('',#5775,0.4);
#5775 = AXIS2_PLACEMENT_3D('',#5776,#5777,#5778);
#5776 = CARTESIAN_POINT('',(182.19,-100.23,-4.6E-02));
#5777 = DIRECTION('',(-0.,-0.,-1.));
#5778 = DIRECTION('',(-0.,-1.,0.));
#5779 = ADVANCED_FACE('',(#5780),#5791,.F.);
#5780 = FACE_BOUND('',#5781,.T.);
#5781 = EDGE_LOOP('',(#5782,#5783,#5789,#5790));
#5782 = ORIENTED_EDGE('',*,*,#5230,.T.);
#5783 = ORIENTED_EDGE('',*,*,#5784,.T.);
#5784 = EDGE_CURVE('',#5231,#5468,#5785,.T.);
#5785 = LINE('',#5786,#5787);
#5786 = CARTESIAN_POINT('',(171.,-98.4,-4.6E-02));
#5787 = VECTOR('',#5788,1.);
#5788 = DIRECTION('',(0.,0.,1.));
#5789 = ORIENTED_EDGE('',*,*,#5467,.F.);
#5790 = ORIENTED_EDGE('',*,*,#5784,.F.);
#5791 = CYLINDRICAL_SURFACE('',#5792,0.4);
#5792 = AXIS2_PLACEMENT_3D('',#5793,#5794,#5795);
#5793 = CARTESIAN_POINT('',(171.,-98.,-4.6E-02));
#5794 = DIRECTION('',(-0.,-0.,-1.));
#5795 = DIRECTION('',(-0.,-1.,0.));
#5796 = ADVANCED_FACE('',(#5797),#5808,.F.);
#5797 = FACE_BOUND('',#5798,.T.);
#5798 = EDGE_LOOP('',(#5799,#5800,#5806,#5807));
#5799 = ORIENTED_EDGE('',*,*,#5241,.T.);
#5800 = ORIENTED_EDGE('',*,*,#5801,.T.);
#5801 = EDGE_CURVE('',#5242,#5479,#5802,.T.);
#5802 = LINE('',#5803,#5804);
#5803 = CARTESIAN_POINT('',(178.62,-98.4,-4.6E-02));
#5804 = VECTOR('',#5805,1.);
#5805 = DIRECTION('',(0.,0.,1.));
#5806 = ORIENTED_EDGE('',*,*,#5478,.F.);
#5807 = ORIENTED_EDGE('',*,*,#5801,.F.);
#5808 = CYLINDRICAL_SURFACE('',#5809,0.4);
#5809 = AXIS2_PLACEMENT_3D('',#5810,#5811,#5812);
#5810 = CARTESIAN_POINT('',(178.62,-98.,-4.6E-02));
#5811 = DIRECTION('',(-0.,-0.,-1.));
#5812 = DIRECTION('',(-0.,-1.,0.));
#5813 = ADVANCED_FACE('',(#5814),#5825,.F.);
#5814 = FACE_BOUND('',#5815,.T.);
#5815 = EDGE_LOOP('',(#5816,#5817,#5823,#5824));
#5816 = ORIENTED_EDGE('',*,*,#5252,.T.);
#5817 = ORIENTED_EDGE('',*,*,#5818,.T.);
#5818 = EDGE_CURVE('',#5253,#5490,#5819,.T.);
#5819 = LINE('',#5820,#5821);
#5820 = CARTESIAN_POINT('',(182.19,-98.09,-4.6E-02));
#5821 = VECTOR('',#5822,1.);
#5822 = DIRECTION('',(0.,0.,1.));
#5823 = ORIENTED_EDGE('',*,*,#5489,.F.);
#5824 = ORIENTED_EDGE('',*,*,#5818,.F.);
#5825 = CYLINDRICAL_SURFACE('',#5826,0.4);
#5826 = AXIS2_PLACEMENT_3D('',#5827,#5828,#5829);
#5827 = CARTESIAN_POINT('',(182.19,-97.69,-4.6E-02));
#5828 = DIRECTION('',(-0.,-0.,-1.));
#5829 = DIRECTION('',(-0.,-1.,0.));
#5830 = ADVANCED_FACE('',(#5831),#5842,.F.);
#5831 = FACE_BOUND('',#5832,.T.);
#5832 = EDGE_LOOP('',(#5833,#5834,#5840,#5841));
#5833 = ORIENTED_EDGE('',*,*,#5263,.T.);
#5834 = ORIENTED_EDGE('',*,*,#5835,.T.);
#5835 = EDGE_CURVE('',#5264,#5501,#5836,.T.);
#5836 = LINE('',#5837,#5838);
#5837 = CARTESIAN_POINT('',(189.81,-103.17,-4.6E-02));
#5838 = VECTOR('',#5839,1.);
#5839 = DIRECTION('',(0.,0.,1.));
#5840 = ORIENTED_EDGE('',*,*,#5500,.F.);
#5841 = ORIENTED_EDGE('',*,*,#5835,.F.);
#5842 = CYLINDRICAL_SURFACE('',#5843,0.4);
#5843 = AXIS2_PLACEMENT_3D('',#5844,#5845,#5846);
#5844 = CARTESIAN_POINT('',(189.81,-102.77,-4.6E-02));
#5845 = DIRECTION('',(-0.,-0.,-1.));
#5846 = DIRECTION('',(-0.,-1.,0.));
#5847 = ADVANCED_FACE('',(#5848),#5859,.F.);
#5848 = FACE_BOUND('',#5849,.T.);
#5849 = EDGE_LOOP('',(#5850,#5851,#5857,#5858));
#5850 = ORIENTED_EDGE('',*,*,#5274,.T.);
#5851 = ORIENTED_EDGE('',*,*,#5852,.T.);
#5852 = EDGE_CURVE('',#5275,#5512,#5853,.T.);
#5853 = LINE('',#5854,#5855);
#5854 = CARTESIAN_POINT('',(189.81,-100.63,-4.6E-02));
#5855 = VECTOR('',#5856,1.);
#5856 = DIRECTION('',(0.,0.,1.));
#5857 = ORIENTED_EDGE('',*,*,#5511,.F.);
#5858 = ORIENTED_EDGE('',*,*,#5852,.F.);
#5859 = CYLINDRICAL_SURFACE('',#5860,0.4);
#5860 = AXIS2_PLACEMENT_3D('',#5861,#5862,#5863);
#5861 = CARTESIAN_POINT('',(189.81,-100.23,-4.6E-02));
#5862 = DIRECTION('',(-0.,-0.,-1.));
#5863 = DIRECTION('',(-0.,-1.,0.));
#5864 = ADVANCED_FACE('',(#5865),#5876,.F.);
#5865 = FACE_BOUND('',#5866,.T.);
#5866 = EDGE_LOOP('',(#5867,#5868,#5874,#5875));
#5867 = ORIENTED_EDGE('',*,*,#5285,.T.);
#5868 = ORIENTED_EDGE('',*,*,#5869,.T.);
#5869 = EDGE_CURVE('',#5286,#5523,#5870,.T.);
#5870 = LINE('',#5871,#5872);
#5871 = CARTESIAN_POINT('',(189.81,-98.09,-4.6E-02));
#5872 = VECTOR('',#5873,1.);
#5873 = DIRECTION('',(0.,0.,1.));
#5874 = ORIENTED_EDGE('',*,*,#5522,.F.);
#5875 = ORIENTED_EDGE('',*,*,#5869,.F.);
#5876 = CYLINDRICAL_SURFACE('',#5877,0.4);
#5877 = AXIS2_PLACEMENT_3D('',#5878,#5879,#5880);
#5878 = CARTESIAN_POINT('',(189.81,-97.69,-4.6E-02));
#5879 = DIRECTION('',(-0.,-0.,-1.));
#5880 = DIRECTION('',(-0.,-1.,0.));
#5881 = ADVANCED_FACE('',(#5882),#5893,.F.);
#5882 = FACE_BOUND('',#5883,.T.);
#5883 = EDGE_LOOP('',(#5884,#5885,#5891,#5892));
#5884 = ORIENTED_EDGE('',*,*,#5296,.T.);
#5885 = ORIENTED_EDGE('',*,*,#5886,.T.);
#5886 = EDGE_CURVE('',#5297,#5534,#5887,.T.);
#5887 = LINE('',#5888,#5889);
#5888 = CARTESIAN_POINT('',(195.,-97.59,-4.6E-02));
#5889 = VECTOR('',#5890,1.);
#5890 = DIRECTION('',(0.,0.,1.));
#5891 = ORIENTED_EDGE('',*,*,#5533,.F.);
#5892 = ORIENTED_EDGE('',*,*,#5886,.F.);
#5893 = CYLINDRICAL_SURFACE('',#5894,0.4);
#5894 = AXIS2_PLACEMENT_3D('',#5895,#5896,#5897);
#5895 = CARTESIAN_POINT('',(195.,-97.19,-4.6E-02));
#5896 = DIRECTION('',(-0.,-0.,-1.));
#5897 = DIRECTION('',(-0.,-1.,0.));
#5898 = ( GEOMETRIC_REPRESENTATION_CONTEXT(3) 
GLOBAL_UNCERTAINTY_ASSIGNED_CONTEXT((#5902)) 
GLOBAL_UNIT_ASSIGNED_CONTEXT((#5899,#5900,#5901)) REPRESENTATION_CONTEXT
('Context #1','3D Context with UNIT and UNCERTAINTY') );
#5899 = ( LENGTH_UNIT() NAMED_UNIT(*) SI_UNIT(.MILLI.,.METRE.) );
#5900 = ( NAMED_UNIT(*) PLANE_ANGLE_UNIT() SI_UNIT($,.RADIAN.) );
#5901 = ( NAMED_UNIT(*) SI_UNIT($,.STERADIAN.) SOLID_ANGLE_UNIT() );
#5902 = UNCERTAINTY_MEASURE_WITH_UNIT(LENGTH_MEASURE(1.E-07),#5899,
  'distance_accuracy_value','confusion accuracy');
#5903 = CONTEXT_DEPENDENT_SHAPE_REPRESENTATION(#5904,#5906);
#5904 = ( REPRESENTATION_RELATIONSHIP('','',#4967,#10) 
REPRESENTATION_RELATIONSHIP_WITH_TRANSFORMATION(#5905) 
SHAPE_REPRESENTATION_RELATIONSHIP() );
#5905 = ITEM_DEFINED_TRANSFORMATION('','',#11,#43);
#5906 = PRODUCT_DEFINITION_SHAPE('Placement','Placement of an item',
  #5907);
#5907 = NEXT_ASSEMBLY_USAGE_OCCURRENCE('8','=>[0:1:1:6]','',#5,#4962,$);
#5908 = PRODUCT_RELATED_PRODUCT_CATEGORY('part',$,(#4964));
#5909 = MECHANICAL_DESIGN_GEOMETRIC_PRESENTATION_REPRESENTATION('',(
    #5910,#5918,#5925,#5932,#5939,#5946,#5953,#5961,#5968,#5975,#5982,
    #5989,#5996,#6003,#6010,#6017),#4416);
#5910 = STYLED_ITEM('color',(#5911),#3993);
#5911 = PRESENTATION_STYLE_ASSIGNMENT((#5912));
#5912 = SURFACE_STYLE_USAGE(.BOTH.,#5913);
#5913 = SURFACE_SIDE_STYLE('',(#5914));
#5914 = SURFACE_STYLE_FILL_AREA(#5915);
#5915 = FILL_AREA_STYLE('',(#5916));
#5916 = FILL_AREA_STYLE_COLOUR('',#5917);
#5917 = COLOUR_RGB('',0.894999966383,0.890999961016,0.813000030345);
#5918 = STYLED_ITEM('color',(#5919),#4020);
#5919 = PRESENTATION_STYLE_ASSIGNMENT((#5920));
#5920 = SURFACE_STYLE_USAGE(.BOTH.,#5921);
#5921 = SURFACE_SIDE_STYLE('',(#5922));
#5922 = SURFACE_STYLE_FILL_AREA(#5923);
#5923 = FILL_AREA_STYLE('',(#5924));
#5924 = FILL_AREA_STYLE_COLOUR('',#5917);
#5925 = STYLED_ITEM('color',(#5926),#4045);
#5926 = PRESENTATION_STYLE_ASSIGNMENT((#5927));
#5927 = SURFACE_STYLE_USAGE(.BOTH.,#5928);
#5928 = SURFACE_SIDE_STYLE('',(#5929));
#5929 = SURFACE_STYLE_FILL_AREA(#5930);
#5930 = FILL_AREA_STYLE('',(#5931));
#5931 = FILL_AREA_STYLE_COLOUR('',#5917);
#5932 = STYLED_ITEM('color',(#5933),#4073);
#5933 = PRESENTATION_STYLE_ASSIGNMENT((#5934));
#5934 = SURFACE_STYLE_USAGE(.BOTH.,#5935);
#5935 = SURFACE_SIDE_STYLE('',(#5936));
#5936 = SURFACE_STYLE_FILL_AREA(#5937);
#5937 = FILL_AREA_STYLE('',(#5938));
#5938 = FILL_AREA_STYLE_COLOUR('',#5917);
#5939 = STYLED_ITEM('color',(#5940),#4105);
#5940 = PRESENTATION_STYLE_ASSIGNMENT((#5941));
#5941 = SURFACE_STYLE_USAGE(.BOTH.,#5942);
#5942 = SURFACE_SIDE_STYLE('',(#5943));
#5943 = SURFACE_STYLE_FILL_AREA(#5944);
#5944 = FILL_AREA_STYLE('',(#5945));
#5945 = FILL_AREA_STYLE_COLOUR('',#5917);
#5946 = STYLED_ITEM('color',(#5947),#4122);
#5947 = PRESENTATION_STYLE_ASSIGNMENT((#5948));
#5948 = SURFACE_STYLE_USAGE(.BOTH.,#5949);
#5949 = SURFACE_SIDE_STYLE('',(#5950));
#5950 = SURFACE_STYLE_FILL_AREA(#5951);
#5951 = FILL_AREA_STYLE('',(#5952));
#5952 = FILL_AREA_STYLE_COLOUR('',#5917);
#5953 = STYLED_ITEM('color',(#5954),#4200);
#5954 = PRESENTATION_STYLE_ASSIGNMENT((#5955));
#5955 = SURFACE_STYLE_USAGE(.BOTH.,#5956);
#5956 = SURFACE_SIDE_STYLE('',(#5957));
#5957 = SURFACE_STYLE_FILL_AREA(#5958);
#5958 = FILL_AREA_STYLE('',(#5959));
#5959 = FILL_AREA_STYLE_COLOUR('',#5960);
#5960 = COLOUR_RGB('',0.823999987314,0.819999987296,0.781000009244);
#5961 = STYLED_ITEM('color',(#5962),#4231);
#5962 = PRESENTATION_STYLE_ASSIGNMENT((#5963));
#5963 = SURFACE_STYLE_USAGE(.BOTH.,#5964);
#5964 = SURFACE_SIDE_STYLE('',(#5965));
#5965 = SURFACE_STYLE_FILL_AREA(#5966);
#5966 = FILL_AREA_STYLE('',(#5967));
#5967 = FILL_AREA_STYLE_COLOUR('',#5960);
#5968 = STYLED_ITEM('color',(#5969),#4255);
#5969 = PRESENTATION_STYLE_ASSIGNMENT((#5970));
#5970 = SURFACE_STYLE_USAGE(.BOTH.,#5971);
#5971 = SURFACE_SIDE_STYLE('',(#5972));
#5972 = SURFACE_STYLE_FILL_AREA(#5973);
#5973 = FILL_AREA_STYLE('',(#5974));
#5974 = FILL_AREA_STYLE_COLOUR('',#5960);
#5975 = STYLED_ITEM('color',(#5976),#4279);
#5976 = PRESENTATION_STYLE_ASSIGNMENT((#5977));
#5977 = SURFACE_STYLE_USAGE(.BOTH.,#5978);
#5978 = SURFACE_SIDE_STYLE('',(#5979));
#5979 = SURFACE_STYLE_FILL_AREA(#5980);
#5980 = FILL_AREA_STYLE('',(#5981));
#5981 = FILL_AREA_STYLE_COLOUR('',#5960);
#5982 = STYLED_ITEM('color',(#5983),#4296);
#5983 = PRESENTATION_STYLE_ASSIGNMENT((#5984));
#5984 = SURFACE_STYLE_USAGE(.BOTH.,#5985);
#5985 = SURFACE_SIDE_STYLE('',(#5986));
#5986 = SURFACE_STYLE_FILL_AREA(#5987);
#5987 = FILL_AREA_STYLE('',(#5988));
#5988 = FILL_AREA_STYLE_COLOUR('',#5960);
#5989 = STYLED_ITEM('color',(#5990),#4327);
#5990 = PRESENTATION_STYLE_ASSIGNMENT((#5991));
#5991 = SURFACE_STYLE_USAGE(.BOTH.,#5992);
#5992 = SURFACE_SIDE_STYLE('',(#5993));
#5993 = SURFACE_STYLE_FILL_AREA(#5994);
#5994 = FILL_AREA_STYLE('',(#5995));
#5995 = FILL_AREA_STYLE_COLOUR('',#5960);
#5996 = STYLED_ITEM('color',(#5997),#4351);
#5997 = PRESENTATION_STYLE_ASSIGNMENT((#5998));
#5998 = SURFACE_STYLE_USAGE(.BOTH.,#5999);
#5999 = SURFACE_SIDE_STYLE('',(#6000));
#6000 = SURFACE_STYLE_FILL_AREA(#6001);
#6001 = FILL_AREA_STYLE('',(#6002));
#6002 = FILL_AREA_STYLE_COLOUR('',#5960);
#6003 = STYLED_ITEM('color',(#6004),#4375);
#6004 = PRESENTATION_STYLE_ASSIGNMENT((#6005));
#6005 = SURFACE_STYLE_USAGE(.BOTH.,#6006);
#6006 = SURFACE_SIDE_STYLE('',(#6007));
#6007 = SURFACE_STYLE_FILL_AREA(#6008);
#6008 = FILL_AREA_STYLE('',(#6009));
#6009 = FILL_AREA_STYLE_COLOUR('',#5960);
#6010 = STYLED_ITEM('color',(#6011),#4392);
#6011 = PRESENTATION_STYLE_ASSIGNMENT((#6012));
#6012 = SURFACE_STYLE_USAGE(.BOTH.,#6013);
#6013 = SURFACE_SIDE_STYLE('',(#6014));
#6014 = SURFACE_STYLE_FILL_AREA(#6015);
#6015 = FILL_AREA_STYLE('',(#6016));
#6016 = FILL_AREA_STYLE_COLOUR('',#5960);
#6017 = STYLED_ITEM('color',(#6018),#4404);
#6018 = PRESENTATION_STYLE_ASSIGNMENT((#6019));
#6019 = SURFACE_STYLE_USAGE(.BOTH.,#6020);
#6020 = SURFACE_SIDE_STYLE('',(#6021));
#6021 = SURFACE_STYLE_FILL_AREA(#6022);
#6022 = FILL_AREA_STYLE('',(#6023));
#6023 = FILL_AREA_STYLE_COLOUR('',#5960);
#6024 = MECHANICAL_DESIGN_GEOMETRIC_PRESENTATION_REPRESENTATION('',(
    #6025,#6033,#6040,#6047,#6054,#6061,#6068,#6075,#6082,#6089,#6096,
    #6103,#6110,#6117,#6124),#724);
#6025 = STYLED_ITEM('color',(#6026),#63);
#6026 = PRESENTATION_STYLE_ASSIGNMENT((#6027));
#6027 = SURFACE_STYLE_USAGE(.BOTH.,#6028);
#6028 = SURFACE_SIDE_STYLE('',(#6029));
#6029 = SURFACE_STYLE_FILL_AREA(#6030);
#6030 = FILL_AREA_STYLE('',(#6031));
#6031 = FILL_AREA_STYLE_COLOUR('',#6032);
#6032 = COLOUR_RGB('',0.883000012551,0.711000022565,0.492000011028);
#6033 = STYLED_ITEM('color',(#6034),#96);
#6034 = PRESENTATION_STYLE_ASSIGNMENT((#6035));
#6035 = SURFACE_STYLE_USAGE(.BOTH.,#6036);
#6036 = SURFACE_SIDE_STYLE('',(#6037));
#6037 = SURFACE_STYLE_FILL_AREA(#6038);
#6038 = FILL_AREA_STYLE('',(#6039));
#6039 = FILL_AREA_STYLE_COLOUR('',#6032);
#6040 = STYLED_ITEM('color',(#6041),#122);
#6041 = PRESENTATION_STYLE_ASSIGNMENT((#6042));
#6042 = SURFACE_STYLE_USAGE(.BOTH.,#6043);
#6043 = SURFACE_SIDE_STYLE('',(#6044));
#6044 = SURFACE_STYLE_FILL_AREA(#6045);
#6045 = FILL_AREA_STYLE('',(#6046));
#6046 = FILL_AREA_STYLE_COLOUR('',#6032);
#6047 = STYLED_ITEM('color',(#6048),#142);
#6048 = PRESENTATION_STYLE_ASSIGNMENT((#6049));
#6049 = SURFACE_STYLE_USAGE(.BOTH.,#6050);
#6050 = SURFACE_SIDE_STYLE('',(#6051));
#6051 = SURFACE_STYLE_FILL_AREA(#6052);
#6052 = FILL_AREA_STYLE('',(#6053));
#6053 = FILL_AREA_STYLE_COLOUR('',#6032);
#6054 = STYLED_ITEM('color',(#6055),#325);
#6055 = PRESENTATION_STYLE_ASSIGNMENT((#6056));
#6056 = SURFACE_STYLE_USAGE(.BOTH.,#6057);
#6057 = SURFACE_SIDE_STYLE('',(#6058));
#6058 = SURFACE_STYLE_FILL_AREA(#6059);
#6059 = FILL_AREA_STYLE('',(#6060));
#6060 = FILL_AREA_STYLE_COLOUR('',#6032);
#6061 = STYLED_ITEM('color',(#6062),#350);
#6062 = PRESENTATION_STYLE_ASSIGNMENT((#6063));
#6063 = SURFACE_STYLE_USAGE(.BOTH.,#6064);
#6064 = SURFACE_SIDE_STYLE('',(#6065));
#6065 = SURFACE_STYLE_FILL_AREA(#6066);
#6066 = FILL_AREA_STYLE('',(#6067));
#6067 = FILL_AREA_STYLE_COLOUR('',#5960);
#6068 = STYLED_ITEM('color',(#6069),#376);
#6069 = PRESENTATION_STYLE_ASSIGNMENT((#6070));
#6070 = SURFACE_STYLE_USAGE(.BOTH.,#6071);
#6071 = SURFACE_SIDE_STYLE('',(#6072));
#6072 = SURFACE_STYLE_FILL_AREA(#6073);
#6073 = FILL_AREA_STYLE('',(#6074));
#6074 = FILL_AREA_STYLE_COLOUR('',#6032);
#6075 = STYLED_ITEM('color',(#6076),#396);
#6076 = PRESENTATION_STYLE_ASSIGNMENT((#6077));
#6077 = SURFACE_STYLE_USAGE(.BOTH.,#6078);
#6078 = SURFACE_SIDE_STYLE('',(#6079));
#6079 = SURFACE_STYLE_FILL_AREA(#6080);
#6080 = FILL_AREA_STYLE('',(#6081));
#6081 = FILL_AREA_STYLE_COLOUR('',#5960);
#6082 = STYLED_ITEM('color',(#6083),#421);
#6083 = PRESENTATION_STYLE_ASSIGNMENT((#6084));
#6084 = SURFACE_STYLE_USAGE(.BOTH.,#6085);
#6085 = SURFACE_SIDE_STYLE('',(#6086));
#6086 = SURFACE_STYLE_FILL_AREA(#6087);
#6087 = FILL_AREA_STYLE('',(#6088));
#6088 = FILL_AREA_STYLE_COLOUR('',#6032);
#6089 = STYLED_ITEM('color',(#6090),#446);
#6090 = PRESENTATION_STYLE_ASSIGNMENT((#6091));
#6091 = SURFACE_STYLE_USAGE(.BOTH.,#6092);
#6092 = SURFACE_SIDE_STYLE('',(#6093));
#6093 = SURFACE_STYLE_FILL_AREA(#6094);
#6094 = FILL_AREA_STYLE('',(#6095));
#6095 = FILL_AREA_STYLE_COLOUR('',#5960);
#6096 = STYLED_ITEM('color',(#6097),#455);
#6097 = PRESENTATION_STYLE_ASSIGNMENT((#6098));
#6098 = SURFACE_STYLE_USAGE(.BOTH.,#6099);
#6099 = SURFACE_SIDE_STYLE('',(#6100));
#6100 = SURFACE_STYLE_FILL_AREA(#6101);
#6101 = FILL_AREA_STYLE('',(#6102));
#6102 = FILL_AREA_STYLE_COLOUR('',#6032);
#6103 = STYLED_ITEM('color',(#6104),#481);
#6104 = PRESENTATION_STYLE_ASSIGNMENT((#6105));
#6105 = SURFACE_STYLE_USAGE(.BOTH.,#6106);
#6106 = SURFACE_SIDE_STYLE('',(#6107));
#6107 = SURFACE_STYLE_FILL_AREA(#6108);
#6108 = FILL_AREA_STYLE('',(#6109));
#6109 = FILL_AREA_STYLE_COLOUR('',#6032);
#6110 = STYLED_ITEM('color',(#6111),#664);
#6111 = PRESENTATION_STYLE_ASSIGNMENT((#6112));
#6112 = SURFACE_STYLE_USAGE(.BOTH.,#6113);
#6113 = SURFACE_SIDE_STYLE('',(#6114));
#6114 = SURFACE_STYLE_FILL_AREA(#6115);
#6115 = FILL_AREA_STYLE('',(#6116));
#6116 = FILL_AREA_STYLE_COLOUR('',#5960);
#6117 = STYLED_ITEM('color',(#6118),#690);
#6118 = PRESENTATION_STYLE_ASSIGNMENT((#6119));
#6119 = SURFACE_STYLE_USAGE(.BOTH.,#6120);
#6120 = SURFACE_SIDE_STYLE('',(#6121));
#6121 = SURFACE_STYLE_FILL_AREA(#6122);
#6122 = FILL_AREA_STYLE('',(#6123));
#6123 = FILL_AREA_STYLE_COLOUR('',#5960);
#6124 = STYLED_ITEM('color',(#6125),#715);
#6125 = PRESENTATION_STYLE_ASSIGNMENT((#6126));
#6126 = SURFACE_STYLE_USAGE(.BOTH.,#6127);
#6127 = SURFACE_SIDE_STYLE('',(#6128));
#6128 = SURFACE_STYLE_FILL_AREA(#6129);
#6129 = FILL_AREA_STYLE('',(#6130));
#6130 = FILL_AREA_STYLE_COLOUR('',#5960);
#6131 = MECHANICAL_DESIGN_GEOMETRIC_PRESENTATION_REPRESENTATION('',(
    #6132,#6140,#6147,#6154,#6161,#6168,#6175,#6182,#6189,#6196,#6203,
    #6210,#6217,#6224,#6231,#6238,#6245,#6252),#4944);
#6132 = STYLED_ITEM('color',(#6133),#4442);
#6133 = PRESENTATION_STYLE_ASSIGNMENT((#6134));
#6134 = SURFACE_STYLE_USAGE(.BOTH.,#6135);
#6135 = SURFACE_SIDE_STYLE('',(#6136));
#6136 = SURFACE_STYLE_FILL_AREA(#6137);
#6137 = FILL_AREA_STYLE('',(#6138));
#6138 = FILL_AREA_STYLE_COLOUR('',#6139);
#6139 = DRAUGHTING_PRE_DEFINED_COLOUR('black');
#6140 = STYLED_ITEM('color',(#6141),#4484);
#6141 = PRESENTATION_STYLE_ASSIGNMENT((#6142));
#6142 = SURFACE_STYLE_USAGE(.BOTH.,#6143);
#6143 = SURFACE_SIDE_STYLE('',(#6144));
#6144 = SURFACE_STYLE_FILL_AREA(#6145);
#6145 = FILL_AREA_STYLE('',(#6146));
#6146 = FILL_AREA_STYLE_COLOUR('',#6139);
#6147 = STYLED_ITEM('color',(#6148),#4515);
#6148 = PRESENTATION_STYLE_ASSIGNMENT((#6149));
#6149 = SURFACE_STYLE_USAGE(.BOTH.,#6150);
#6150 = SURFACE_SIDE_STYLE('',(#6151));
#6151 = SURFACE_STYLE_FILL_AREA(#6152);
#6152 = FILL_AREA_STYLE('',(#6153));
#6153 = FILL_AREA_STYLE_COLOUR('',#6139);
#6154 = STYLED_ITEM('color',(#6155),#4546);
#6155 = PRESENTATION_STYLE_ASSIGNMENT((#6156));
#6156 = SURFACE_STYLE_USAGE(.BOTH.,#6157);
#6157 = SURFACE_SIDE_STYLE('',(#6158));
#6158 = SURFACE_STYLE_FILL_AREA(#6159);
#6159 = FILL_AREA_STYLE('',(#6160));
#6160 = FILL_AREA_STYLE_COLOUR('',#6139);
#6161 = STYLED_ITEM('color',(#6162),#4648);
#6162 = PRESENTATION_STYLE_ASSIGNMENT((#6163));
#6163 = SURFACE_STYLE_USAGE(.BOTH.,#6164);
#6164 = SURFACE_SIDE_STYLE('',(#6165));
#6165 = SURFACE_STYLE_FILL_AREA(#6166);
#6166 = FILL_AREA_STYLE('',(#6167));
#6167 = FILL_AREA_STYLE_COLOUR('',#6139);
#6168 = STYLED_ITEM('color',(#6169),#4682);
#6169 = PRESENTATION_STYLE_ASSIGNMENT((#6170));
#6170 = SURFACE_STYLE_USAGE(.BOTH.,#6171);
#6171 = SURFACE_SIDE_STYLE('',(#6172));
#6172 = SURFACE_STYLE_FILL_AREA(#6173);
#6173 = FILL_AREA_STYLE('',(#6174));
#6174 = FILL_AREA_STYLE_COLOUR('',#6139);
#6175 = STYLED_ITEM('color',(#6176),#4699);
#6176 = PRESENTATION_STYLE_ASSIGNMENT((#6177));
#6177 = SURFACE_STYLE_USAGE(.BOTH.,#6178);
#6178 = SURFACE_SIDE_STYLE('',(#6179));
#6179 = SURFACE_STYLE_FILL_AREA(#6180);
#6180 = FILL_AREA_STYLE('',(#6181));
#6181 = FILL_AREA_STYLE_COLOUR('',#6139);
#6182 = STYLED_ITEM('color',(#6183),#4716);
#6183 = PRESENTATION_STYLE_ASSIGNMENT((#6184));
#6184 = SURFACE_STYLE_USAGE(.BOTH.,#6185);
#6185 = SURFACE_SIDE_STYLE('',(#6186));
#6186 = SURFACE_STYLE_FILL_AREA(#6187);
#6187 = FILL_AREA_STYLE('',(#6188));
#6188 = FILL_AREA_STYLE_COLOUR('',#6139);
#6189 = STYLED_ITEM('color',(#6190),#4728);
#6190 = PRESENTATION_STYLE_ASSIGNMENT((#6191));
#6191 = SURFACE_STYLE_USAGE(.BOTH.,#6192);
#6192 = SURFACE_SIDE_STYLE('',(#6193));
#6193 = SURFACE_STYLE_FILL_AREA(#6194);
#6194 = FILL_AREA_STYLE('',(#6195));
#6195 = FILL_AREA_STYLE_COLOUR('',#5960);
#6196 = STYLED_ITEM('color',(#6197),#4759);
#6197 = PRESENTATION_STYLE_ASSIGNMENT((#6198));
#6198 = SURFACE_STYLE_USAGE(.BOTH.,#6199);
#6199 = SURFACE_SIDE_STYLE('',(#6200));
#6200 = SURFACE_STYLE_FILL_AREA(#6201);
#6201 = FILL_AREA_STYLE('',(#6202));
#6202 = FILL_AREA_STYLE_COLOUR('',#5960);
#6203 = STYLED_ITEM('color',(#6204),#4783);
#6204 = PRESENTATION_STYLE_ASSIGNMENT((#6205));
#6205 = SURFACE_STYLE_USAGE(.BOTH.,#6206);
#6206 = SURFACE_SIDE_STYLE('',(#6207));
#6207 = SURFACE_STYLE_FILL_AREA(#6208);
#6208 = FILL_AREA_STYLE('',(#6209));
#6209 = FILL_AREA_STYLE_COLOUR('',#5960);
#6210 = STYLED_ITEM('color',(#6211),#4807);
#6211 = PRESENTATION_STYLE_ASSIGNMENT((#6212));
#6212 = SURFACE_STYLE_USAGE(.BOTH.,#6213);
#6213 = SURFACE_SIDE_STYLE('',(#6214));
#6214 = SURFACE_STYLE_FILL_AREA(#6215);
#6215 = FILL_AREA_STYLE('',(#6216));
#6216 = FILL_AREA_STYLE_COLOUR('',#5960);
#6217 = STYLED_ITEM('color',(#6218),#4824);
#6218 = PRESENTATION_STYLE_ASSIGNMENT((#6219));
#6219 = SURFACE_STYLE_USAGE(.BOTH.,#6220);
#6220 = SURFACE_SIDE_STYLE('',(#6221));
#6221 = SURFACE_STYLE_FILL_AREA(#6222);
#6222 = FILL_AREA_STYLE('',(#6223));
#6223 = FILL_AREA_STYLE_COLOUR('',#5960);
#6224 = STYLED_ITEM('color',(#6225),#4855);
#6225 = PRESENTATION_STYLE_ASSIGNMENT((#6226));
#6226 = SURFACE_STYLE_USAGE(.BOTH.,#6227);
#6227 = SURFACE_SIDE_STYLE('',(#6228));
#6228 = SURFACE_STYLE_FILL_AREA(#6229);
#6229 = FILL_AREA_STYLE('',(#6230));
#6230 = FILL_AREA_STYLE_COLOUR('',#5960);
#6231 = STYLED_ITEM('color',(#6232),#4879);
#6232 = PRESENTATION_STYLE_ASSIGNMENT((#6233));
#6233 = SURFACE_STYLE_USAGE(.BOTH.,#6234);
#6234 = SURFACE_SIDE_STYLE('',(#6235));
#6235 = SURFACE_STYLE_FILL_AREA(#6236);
#6236 = FILL_AREA_STYLE('',(#6237));
#6237 = FILL_AREA_STYLE_COLOUR('',#5960);
#6238 = STYLED_ITEM('color',(#6239),#4903);
#6239 = PRESENTATION_STYLE_ASSIGNMENT((#6240));
#6240 = SURFACE_STYLE_USAGE(.BOTH.,#6241);
#6241 = SURFACE_SIDE_STYLE('',(#6242));
#6242 = SURFACE_STYLE_FILL_AREA(#6243);
#6243 = FILL_AREA_STYLE('',(#6244));
#6244 = FILL_AREA_STYLE_COLOUR('',#5960);
#6245 = STYLED_ITEM('color',(#6246),#4920);
#6246 = PRESENTATION_STYLE_ASSIGNMENT((#6247));
#6247 = SURFACE_STYLE_USAGE(.BOTH.,#6248);
#6248 = SURFACE_SIDE_STYLE('',(#6249));
#6249 = SURFACE_STYLE_FILL_AREA(#6250);
#6250 = FILL_AREA_STYLE('',(#6251));
#6251 = FILL_AREA_STYLE_COLOUR('',#5960);
#6252 = STYLED_ITEM('color',(#6253),#4932);
#6253 = PRESENTATION_STYLE_ASSIGNMENT((#6254));
#6254 = SURFACE_STYLE_USAGE(.BOTH.,#6255);
#6255 = SURFACE_SIDE_STYLE('',(#6256));
#6256 = SURFACE_STYLE_FILL_AREA(#6257);
#6257 = FILL_AREA_STYLE('',(#6258));
#6258 = FILL_AREA_STYLE_COLOUR('',#5960);
#6259 = MECHANICAL_DESIGN_GEOMETRIC_PRESENTATION_REPRESENTATION('',(
    #6260),#5898);
#6260 = STYLED_ITEM('color',(#6261),#4968);
#6261 = PRESENTATION_STYLE_ASSIGNMENT((#6262));
#6262 = SURFACE_STYLE_USAGE(.BOTH.,#6263);
#6263 = SURFACE_SIDE_STYLE('',(#6264));
#6264 = SURFACE_STYLE_FILL_AREA(#6265);
#6265 = FILL_AREA_STYLE('',(#6266));
#6266 = FILL_AREA_STYLE_COLOUR('',#6267);
#6267 = COLOUR_RGB('',0.313304153717,0.484529207832,0.410020903123);
#6268 = MECHANICAL_DESIGN_GEOMETRIC_PRESENTATION_REPRESENTATION('',(
    #6269,#6277,#6284,#6291,#6298,#6305,#6312,#6319,#6326,#6333,#6340,
    #6347,#6354,#6361,#6368,#6375,#6382,#6389,#6396,#6403,#6410,#6417,
    #6424,#6431,#6438,#6445,#6452,#6459,#6466,#6473,#6480,#6487,#6494,
    #6501,#6508,#6515,#6522,#6529,#6536,#6543,#6550,#6557,#6564,#6571,
    #6578,#6585,#6592,#6599,#6606,#6613,#6620,#6627,#6634,#6641,#6648,
    #6655,#6662,#6669,#6676,#6683,#6690,#6697,#6704,#6711,#6718,#6725,
    #6732,#6739,#6746,#6753,#6760,#6767,#6774,#6781,#6788,#6795,#6802,
    #6809,#6816,#6823,#6830,#6837,#6844,#6851,#6858,#6865,#6872,#6879,
    #6886,#6893,#6900,#6907,#6914,#6921,#6928,#6935,#6942,#6949,#6956,
    #6963,#6970,#6977,#6984,#6991,#6998,#7005,#7012,#7019,#7026,#7033,
    #7040,#7047,#7054,#7061,#7068,#7075,#7082,#7089,#7096,#7103,#7110,
    #7117,#7124,#7131,#7138,#7145,#7152,#7159),#3972);
#6269 = STYLED_ITEM('color',(#6270),#750);
#6270 = PRESENTATION_STYLE_ASSIGNMENT((#6271));
#6271 = SURFACE_STYLE_USAGE(.BOTH.,#6272);
#6272 = SURFACE_SIDE_STYLE('',(#6273));
#6273 = SURFACE_STYLE_FILL_AREA(#6274);
#6274 = FILL_AREA_STYLE('',(#6275));
#6275 = FILL_AREA_STYLE_COLOUR('',#6276);
#6276 = COLOUR_RGB('',0.147999998088,0.144999993226,0.144999993226);
#6277 = STYLED_ITEM('color',(#6278),#790);
#6278 = PRESENTATION_STYLE_ASSIGNMENT((#6279));
#6279 = SURFACE_STYLE_USAGE(.BOTH.,#6280);
#6280 = SURFACE_SIDE_STYLE('',(#6281));
#6281 = SURFACE_STYLE_FILL_AREA(#6282);
#6282 = FILL_AREA_STYLE('',(#6283));
#6283 = FILL_AREA_STYLE_COLOUR('',#6276);
#6284 = STYLED_ITEM('color',(#6285),#821);
#6285 = PRESENTATION_STYLE_ASSIGNMENT((#6286));
#6286 = SURFACE_STYLE_USAGE(.BOTH.,#6287);
#6287 = SURFACE_SIDE_STYLE('',(#6288));
#6288 = SURFACE_STYLE_FILL_AREA(#6289);
#6289 = FILL_AREA_STYLE('',(#6290));
#6290 = FILL_AREA_STYLE_COLOUR('',#6276);
#6291 = STYLED_ITEM('color',(#6292),#884);
#6292 = PRESENTATION_STYLE_ASSIGNMENT((#6293));
#6293 = SURFACE_STYLE_USAGE(.BOTH.,#6294);
#6294 = SURFACE_SIDE_STYLE('',(#6295));
#6295 = SURFACE_STYLE_FILL_AREA(#6296);
#6296 = FILL_AREA_STYLE('',(#6297));
#6297 = FILL_AREA_STYLE_COLOUR('',#6276);
#6298 = STYLED_ITEM('color',(#6299),#1109);
#6299 = PRESENTATION_STYLE_ASSIGNMENT((#6300));
#6300 = SURFACE_STYLE_USAGE(.BOTH.,#6301);
#6301 = SURFACE_SIDE_STYLE('',(#6302));
#6302 = SURFACE_STYLE_FILL_AREA(#6303);
#6303 = FILL_AREA_STYLE('',(#6304));
#6304 = FILL_AREA_STYLE_COLOUR('',#6276);
#6305 = STYLED_ITEM('color',(#6306),#1238);
#6306 = PRESENTATION_STYLE_ASSIGNMENT((#6307));
#6307 = SURFACE_STYLE_USAGE(.BOTH.,#6308);
#6308 = SURFACE_SIDE_STYLE('',(#6309));
#6309 = SURFACE_STYLE_FILL_AREA(#6310);
#6310 = FILL_AREA_STYLE('',(#6311));
#6311 = FILL_AREA_STYLE_COLOUR('',#6276);
#6312 = STYLED_ITEM('color',(#6313),#1255);
#6313 = PRESENTATION_STYLE_ASSIGNMENT((#6314));
#6314 = SURFACE_STYLE_USAGE(.BOTH.,#6315);
#6315 = SURFACE_SIDE_STYLE('',(#6316));
#6316 = SURFACE_STYLE_FILL_AREA(#6317);
#6317 = FILL_AREA_STYLE('',(#6318));
#6318 = FILL_AREA_STYLE_COLOUR('',#6276);
#6319 = STYLED_ITEM('color',(#6320),#1279);
#6320 = PRESENTATION_STYLE_ASSIGNMENT((#6321));
#6321 = SURFACE_STYLE_USAGE(.BOTH.,#6322);
#6322 = SURFACE_SIDE_STYLE('',(#6323));
#6323 = SURFACE_STYLE_FILL_AREA(#6324);
#6324 = FILL_AREA_STYLE('',(#6325));
#6325 = FILL_AREA_STYLE_COLOUR('',#6276);
#6326 = STYLED_ITEM('color',(#6327),#1447);
#6327 = PRESENTATION_STYLE_ASSIGNMENT((#6328));
#6328 = SURFACE_STYLE_USAGE(.BOTH.,#6329);
#6329 = SURFACE_SIDE_STYLE('',(#6330));
#6330 = SURFACE_STYLE_FILL_AREA(#6331);
#6331 = FILL_AREA_STYLE('',(#6332));
#6332 = FILL_AREA_STYLE_COLOUR('',#6276);
#6333 = STYLED_ITEM('color',(#6334),#1471);
#6334 = PRESENTATION_STYLE_ASSIGNMENT((#6335));
#6335 = SURFACE_STYLE_USAGE(.BOTH.,#6336);
#6336 = SURFACE_SIDE_STYLE('',(#6337));
#6337 = SURFACE_STYLE_FILL_AREA(#6338);
#6338 = FILL_AREA_STYLE('',(#6339));
#6339 = FILL_AREA_STYLE_COLOUR('',#6276);
#6340 = STYLED_ITEM('color',(#6341),#1495);
#6341 = PRESENTATION_STYLE_ASSIGNMENT((#6342));
#6342 = SURFACE_STYLE_USAGE(.BOTH.,#6343);
#6343 = SURFACE_SIDE_STYLE('',(#6344));
#6344 = SURFACE_STYLE_FILL_AREA(#6345);
#6345 = FILL_AREA_STYLE('',(#6346));
#6346 = FILL_AREA_STYLE_COLOUR('',#6276);
#6347 = STYLED_ITEM('color',(#6348),#1554);
#6348 = PRESENTATION_STYLE_ASSIGNMENT((#6349));
#6349 = SURFACE_STYLE_USAGE(.BOTH.,#6350);
#6350 = SURFACE_SIDE_STYLE('',(#6351));
#6351 = SURFACE_STYLE_FILL_AREA(#6352);
#6352 = FILL_AREA_STYLE('',(#6353));
#6353 = FILL_AREA_STYLE_COLOUR('',#6276);
#6354 = STYLED_ITEM('color',(#6355),#1579);
#6355 = PRESENTATION_STYLE_ASSIGNMENT((#6356));
#6356 = SURFACE_STYLE_USAGE(.BOTH.,#6357);
#6357 = SURFACE_SIDE_STYLE('',(#6358));
#6358 = SURFACE_STYLE_FILL_AREA(#6359);
#6359 = FILL_AREA_STYLE('',(#6360));
#6360 = FILL_AREA_STYLE_COLOUR('',#6276);
#6361 = STYLED_ITEM('color',(#6362),#1596);
#6362 = PRESENTATION_STYLE_ASSIGNMENT((#6363));
#6363 = SURFACE_STYLE_USAGE(.BOTH.,#6364);
#6364 = SURFACE_SIDE_STYLE('',(#6365));
#6365 = SURFACE_STYLE_FILL_AREA(#6366);
#6366 = FILL_AREA_STYLE('',(#6367));
#6367 = FILL_AREA_STYLE_COLOUR('',#6276);
#6368 = STYLED_ITEM('color',(#6369),#1627);
#6369 = PRESENTATION_STYLE_ASSIGNMENT((#6370));
#6370 = SURFACE_STYLE_USAGE(.BOTH.,#6371);
#6371 = SURFACE_SIDE_STYLE('',(#6372));
#6372 = SURFACE_STYLE_FILL_AREA(#6373);
#6373 = FILL_AREA_STYLE('',(#6374));
#6374 = FILL_AREA_STYLE_COLOUR('',#6276);
#6375 = STYLED_ITEM('color',(#6376),#1644);
#6376 = PRESENTATION_STYLE_ASSIGNMENT((#6377));
#6377 = SURFACE_STYLE_USAGE(.BOTH.,#6378);
#6378 = SURFACE_SIDE_STYLE('',(#6379));
#6379 = SURFACE_STYLE_FILL_AREA(#6380);
#6380 = FILL_AREA_STYLE('',(#6381));
#6381 = FILL_AREA_STYLE_COLOUR('',#6276);
#6382 = STYLED_ITEM('color',(#6383),#1656);
#6383 = PRESENTATION_STYLE_ASSIGNMENT((#6384));
#6384 = SURFACE_STYLE_USAGE(.BOTH.,#6385);
#6385 = SURFACE_SIDE_STYLE('',(#6386));
#6386 = SURFACE_STYLE_FILL_AREA(#6387);
#6387 = FILL_AREA_STYLE('',(#6388));
#6388 = FILL_AREA_STYLE_COLOUR('',#6276);
#6389 = STYLED_ITEM('color',(#6390),#1678);
#6390 = PRESENTATION_STYLE_ASSIGNMENT((#6391));
#6391 = SURFACE_STYLE_USAGE(.BOTH.,#6392);
#6392 = SURFACE_SIDE_STYLE('',(#6393));
#6393 = SURFACE_STYLE_FILL_AREA(#6394);
#6394 = FILL_AREA_STYLE('',(#6395));
#6395 = FILL_AREA_STYLE_COLOUR('',#6276);
#6396 = STYLED_ITEM('color',(#6397),#1695);
#6397 = PRESENTATION_STYLE_ASSIGNMENT((#6398));
#6398 = SURFACE_STYLE_USAGE(.BOTH.,#6399);
#6399 = SURFACE_SIDE_STYLE('',(#6400));
#6400 = SURFACE_STYLE_FILL_AREA(#6401);
#6401 = FILL_AREA_STYLE('',(#6402));
#6402 = FILL_AREA_STYLE_COLOUR('',#6276);
#6403 = STYLED_ITEM('color',(#6404),#1728);
#6404 = PRESENTATION_STYLE_ASSIGNMENT((#6405));
#6405 = SURFACE_STYLE_USAGE(.BOTH.,#6406);
#6406 = SURFACE_SIDE_STYLE('',(#6407));
#6407 = SURFACE_STYLE_FILL_AREA(#6408);
#6408 = FILL_AREA_STYLE('',(#6409));
#6409 = FILL_AREA_STYLE_COLOUR('',#6276);
#6410 = STYLED_ITEM('color',(#6411),#1745);
#6411 = PRESENTATION_STYLE_ASSIGNMENT((#6412));
#6412 = SURFACE_STYLE_USAGE(.BOTH.,#6413);
#6413 = SURFACE_SIDE_STYLE('',(#6414));
#6414 = SURFACE_STYLE_FILL_AREA(#6415);
#6415 = FILL_AREA_STYLE('',(#6416));
#6416 = FILL_AREA_STYLE_COLOUR('',#6276);
#6417 = STYLED_ITEM('color',(#6418),#1768);
#6418 = PRESENTATION_STYLE_ASSIGNMENT((#6419));
#6419 = SURFACE_STYLE_USAGE(.BOTH.,#6420);
#6420 = SURFACE_SIDE_STYLE('',(#6421));
#6421 = SURFACE_STYLE_FILL_AREA(#6422);
#6422 = FILL_AREA_STYLE('',(#6423));
#6423 = FILL_AREA_STYLE_COLOUR('',#6276);
#6424 = STYLED_ITEM('color',(#6425),#1792);
#6425 = PRESENTATION_STYLE_ASSIGNMENT((#6426));
#6426 = SURFACE_STYLE_USAGE(.BOTH.,#6427);
#6427 = SURFACE_SIDE_STYLE('',(#6428));
#6428 = SURFACE_STYLE_FILL_AREA(#6429);
#6429 = FILL_AREA_STYLE('',(#6430));
#6430 = FILL_AREA_STYLE_COLOUR('',#6276);
#6431 = STYLED_ITEM('color',(#6432),#1809);
#6432 = PRESENTATION_STYLE_ASSIGNMENT((#6433));
#6433 = SURFACE_STYLE_USAGE(.BOTH.,#6434);
#6434 = SURFACE_SIDE_STYLE('',(#6435));
#6435 = SURFACE_STYLE_FILL_AREA(#6436);
#6436 = FILL_AREA_STYLE('',(#6437));
#6437 = FILL_AREA_STYLE_COLOUR('',#6276);
#6438 = STYLED_ITEM('color',(#6439),#1827);
#6439 = PRESENTATION_STYLE_ASSIGNMENT((#6440));
#6440 = SURFACE_STYLE_USAGE(.BOTH.,#6441);
#6441 = SURFACE_SIDE_STYLE('',(#6442));
#6442 = SURFACE_STYLE_FILL_AREA(#6443);
#6443 = FILL_AREA_STYLE('',(#6444));
#6444 = FILL_AREA_STYLE_COLOUR('',#5960);
#6445 = STYLED_ITEM('color',(#6446),#1847);
#6446 = PRESENTATION_STYLE_ASSIGNMENT((#6447));
#6447 = SURFACE_STYLE_USAGE(.BOTH.,#6448);
#6448 = SURFACE_SIDE_STYLE('',(#6449));
#6449 = SURFACE_STYLE_FILL_AREA(#6450);
#6450 = FILL_AREA_STYLE('',(#6451));
#6451 = FILL_AREA_STYLE_COLOUR('',#5960);
#6452 = STYLED_ITEM('color',(#6453),#1867);
#6453 = PRESENTATION_STYLE_ASSIGNMENT((#6454));
#6454 = SURFACE_STYLE_USAGE(.BOTH.,#6455);
#6455 = SURFACE_SIDE_STYLE('',(#6456));
#6456 = SURFACE_STYLE_FILL_AREA(#6457);
#6457 = FILL_AREA_STYLE('',(#6458));
#6458 = FILL_AREA_STYLE_COLOUR('',#5960);
#6459 = STYLED_ITEM('color',(#6460),#1887);
#6460 = PRESENTATION_STYLE_ASSIGNMENT((#6461));
#6461 = SURFACE_STYLE_USAGE(.BOTH.,#6462);
#6462 = SURFACE_SIDE_STYLE('',(#6463));
#6463 = SURFACE_STYLE_FILL_AREA(#6464);
#6464 = FILL_AREA_STYLE('',(#6465));
#6465 = FILL_AREA_STYLE_COLOUR('',#5960);
#6466 = STYLED_ITEM('color',(#6467),#1907);
#6467 = PRESENTATION_STYLE_ASSIGNMENT((#6468));
#6468 = SURFACE_STYLE_USAGE(.BOTH.,#6469);
#6469 = SURFACE_SIDE_STYLE('',(#6470));
#6470 = SURFACE_STYLE_FILL_AREA(#6471);
#6471 = FILL_AREA_STYLE('',(#6472));
#6472 = FILL_AREA_STYLE_COLOUR('',#5960);
#6473 = STYLED_ITEM('color',(#6474),#1927);
#6474 = PRESENTATION_STYLE_ASSIGNMENT((#6475));
#6475 = SURFACE_STYLE_USAGE(.BOTH.,#6476);
#6476 = SURFACE_SIDE_STYLE('',(#6477));
#6477 = SURFACE_STYLE_FILL_AREA(#6478);
#6478 = FILL_AREA_STYLE('',(#6479));
#6479 = FILL_AREA_STYLE_COLOUR('',#5960);
#6480 = STYLED_ITEM('color',(#6481),#1947);
#6481 = PRESENTATION_STYLE_ASSIGNMENT((#6482));
#6482 = SURFACE_STYLE_USAGE(.BOTH.,#6483);
#6483 = SURFACE_SIDE_STYLE('',(#6484));
#6484 = SURFACE_STYLE_FILL_AREA(#6485);
#6485 = FILL_AREA_STYLE('',(#6486));
#6486 = FILL_AREA_STYLE_COLOUR('',#5960);
#6487 = STYLED_ITEM('color',(#6488),#1967);
#6488 = PRESENTATION_STYLE_ASSIGNMENT((#6489));
#6489 = SURFACE_STYLE_USAGE(.BOTH.,#6490);
#6490 = SURFACE_SIDE_STYLE('',(#6491));
#6491 = SURFACE_STYLE_FILL_AREA(#6492);
#6492 = FILL_AREA_STYLE('',(#6493));
#6493 = FILL_AREA_STYLE_COLOUR('',#5960);
#6494 = STYLED_ITEM('color',(#6495),#1987);
#6495 = PRESENTATION_STYLE_ASSIGNMENT((#6496));
#6496 = SURFACE_STYLE_USAGE(.BOTH.,#6497);
#6497 = SURFACE_SIDE_STYLE('',(#6498));
#6498 = SURFACE_STYLE_FILL_AREA(#6499);
#6499 = FILL_AREA_STYLE('',(#6500));
#6500 = FILL_AREA_STYLE_COLOUR('',#6276);
#6501 = STYLED_ITEM('color',(#6502),#2004);
#6502 = PRESENTATION_STYLE_ASSIGNMENT((#6503));
#6503 = SURFACE_STYLE_USAGE(.BOTH.,#6504);
#6504 = SURFACE_SIDE_STYLE('',(#6505));
#6505 = SURFACE_STYLE_FILL_AREA(#6506);
#6506 = FILL_AREA_STYLE('',(#6507));
#6507 = FILL_AREA_STYLE_COLOUR('',#6276);
#6508 = STYLED_ITEM('color',(#6509),#2021);
#6509 = PRESENTATION_STYLE_ASSIGNMENT((#6510));
#6510 = SURFACE_STYLE_USAGE(.BOTH.,#6511);
#6511 = SURFACE_SIDE_STYLE('',(#6512));
#6512 = SURFACE_STYLE_FILL_AREA(#6513);
#6513 = FILL_AREA_STYLE('',(#6514));
#6514 = FILL_AREA_STYLE_COLOUR('',#6276);
#6515 = STYLED_ITEM('color',(#6516),#2033);
#6516 = PRESENTATION_STYLE_ASSIGNMENT((#6517));
#6517 = SURFACE_STYLE_USAGE(.BOTH.,#6518);
#6518 = SURFACE_SIDE_STYLE('',(#6519));
#6519 = SURFACE_STYLE_FILL_AREA(#6520);
#6520 = FILL_AREA_STYLE('',(#6521));
#6521 = FILL_AREA_STYLE_COLOUR('',#5960);
#6522 = STYLED_ITEM('color',(#6523),#2058);
#6523 = PRESENTATION_STYLE_ASSIGNMENT((#6524));
#6524 = SURFACE_STYLE_USAGE(.BOTH.,#6525);
#6525 = SURFACE_SIDE_STYLE('',(#6526));
#6526 = SURFACE_STYLE_FILL_AREA(#6527);
#6527 = FILL_AREA_STYLE('',(#6528));
#6528 = FILL_AREA_STYLE_COLOUR('',#5960);
#6529 = STYLED_ITEM('color',(#6530),#2083);
#6530 = PRESENTATION_STYLE_ASSIGNMENT((#6531));
#6531 = SURFACE_STYLE_USAGE(.BOTH.,#6532);
#6532 = SURFACE_SIDE_STYLE('',(#6533));
#6533 = SURFACE_STYLE_FILL_AREA(#6534);
#6534 = FILL_AREA_STYLE('',(#6535));
#6535 = FILL_AREA_STYLE_COLOUR('',#5960);
#6536 = STYLED_ITEM('color',(#6537),#2108);
#6537 = PRESENTATION_STYLE_ASSIGNMENT((#6538));
#6538 = SURFACE_STYLE_USAGE(.BOTH.,#6539);
#6539 = SURFACE_SIDE_STYLE('',(#6540));
#6540 = SURFACE_STYLE_FILL_AREA(#6541);
#6541 = FILL_AREA_STYLE('',(#6542));
#6542 = FILL_AREA_STYLE_COLOUR('',#5960);
#6543 = STYLED_ITEM('color',(#6544),#2133);
#6544 = PRESENTATION_STYLE_ASSIGNMENT((#6545));
#6545 = SURFACE_STYLE_USAGE(.BOTH.,#6546);
#6546 = SURFACE_SIDE_STYLE('',(#6547));
#6547 = SURFACE_STYLE_FILL_AREA(#6548);
#6548 = FILL_AREA_STYLE('',(#6549));
#6549 = FILL_AREA_STYLE_COLOUR('',#6276);
#6550 = STYLED_ITEM('color',(#6551),#2150);
#6551 = PRESENTATION_STYLE_ASSIGNMENT((#6552));
#6552 = SURFACE_STYLE_USAGE(.BOTH.,#6553);
#6553 = SURFACE_SIDE_STYLE('',(#6554));
#6554 = SURFACE_STYLE_FILL_AREA(#6555);
#6555 = FILL_AREA_STYLE('',(#6556));
#6556 = FILL_AREA_STYLE_COLOUR('',#6276);
#6557 = STYLED_ITEM('color',(#6558),#2167);
#6558 = PRESENTATION_STYLE_ASSIGNMENT((#6559));
#6559 = SURFACE_STYLE_USAGE(.BOTH.,#6560);
#6560 = SURFACE_SIDE_STYLE('',(#6561));
#6561 = SURFACE_STYLE_FILL_AREA(#6562);
#6562 = FILL_AREA_STYLE('',(#6563));
#6563 = FILL_AREA_STYLE_COLOUR('',#6276);
#6564 = STYLED_ITEM('color',(#6565),#2184);
#6565 = PRESENTATION_STYLE_ASSIGNMENT((#6566));
#6566 = SURFACE_STYLE_USAGE(.BOTH.,#6567);
#6567 = SURFACE_SIDE_STYLE('',(#6568));
#6568 = SURFACE_STYLE_FILL_AREA(#6569);
#6569 = FILL_AREA_STYLE('',(#6570));
#6570 = FILL_AREA_STYLE_COLOUR('',#6276);
#6571 = STYLED_ITEM('color',(#6572),#2196);
#6572 = PRESENTATION_STYLE_ASSIGNMENT((#6573));
#6573 = SURFACE_STYLE_USAGE(.BOTH.,#6574);
#6574 = SURFACE_SIDE_STYLE('',(#6575));
#6575 = SURFACE_STYLE_FILL_AREA(#6576);
#6576 = FILL_AREA_STYLE('',(#6577));
#6577 = FILL_AREA_STYLE_COLOUR('',#5960);
#6578 = STYLED_ITEM('color',(#6579),#2221);
#6579 = PRESENTATION_STYLE_ASSIGNMENT((#6580));
#6580 = SURFACE_STYLE_USAGE(.BOTH.,#6581);
#6581 = SURFACE_SIDE_STYLE('',(#6582));
#6582 = SURFACE_STYLE_FILL_AREA(#6583);
#6583 = FILL_AREA_STYLE('',(#6584));
#6584 = FILL_AREA_STYLE_COLOUR('',#5960);
#6585 = STYLED_ITEM('color',(#6586),#2246);
#6586 = PRESENTATION_STYLE_ASSIGNMENT((#6587));
#6587 = SURFACE_STYLE_USAGE(.BOTH.,#6588);
#6588 = SURFACE_SIDE_STYLE('',(#6589));
#6589 = SURFACE_STYLE_FILL_AREA(#6590);
#6590 = FILL_AREA_STYLE('',(#6591));
#6591 = FILL_AREA_STYLE_COLOUR('',#5960);
#6592 = STYLED_ITEM('color',(#6593),#2271);
#6593 = PRESENTATION_STYLE_ASSIGNMENT((#6594));
#6594 = SURFACE_STYLE_USAGE(.BOTH.,#6595);
#6595 = SURFACE_SIDE_STYLE('',(#6596));
#6596 = SURFACE_STYLE_FILL_AREA(#6597);
#6597 = FILL_AREA_STYLE('',(#6598));
#6598 = FILL_AREA_STYLE_COLOUR('',#5960);
#6599 = STYLED_ITEM('color',(#6600),#2296);
#6600 = PRESENTATION_STYLE_ASSIGNMENT((#6601));
#6601 = SURFACE_STYLE_USAGE(.BOTH.,#6602);
#6602 = SURFACE_SIDE_STYLE('',(#6603));
#6603 = SURFACE_STYLE_FILL_AREA(#6604);
#6604 = FILL_AREA_STYLE('',(#6605));
#6605 = FILL_AREA_STYLE_COLOUR('',#6276);
#6606 = STYLED_ITEM('color',(#6607),#2308);
#6607 = PRESENTATION_STYLE_ASSIGNMENT((#6608));
#6608 = SURFACE_STYLE_USAGE(.BOTH.,#6609);
#6609 = SURFACE_SIDE_STYLE('',(#6610));
#6610 = SURFACE_STYLE_FILL_AREA(#6611);
#6611 = FILL_AREA_STYLE('',(#6612));
#6612 = FILL_AREA_STYLE_COLOUR('',#5960);
#6613 = STYLED_ITEM('color',(#6614),#2333);
#6614 = PRESENTATION_STYLE_ASSIGNMENT((#6615));
#6615 = SURFACE_STYLE_USAGE(.BOTH.,#6616);
#6616 = SURFACE_SIDE_STYLE('',(#6617));
#6617 = SURFACE_STYLE_FILL_AREA(#6618);
#6618 = FILL_AREA_STYLE('',(#6619));
#6619 = FILL_AREA_STYLE_COLOUR('',#5960);
#6620 = STYLED_ITEM('color',(#6621),#2358);
#6621 = PRESENTATION_STYLE_ASSIGNMENT((#6622));
#6622 = SURFACE_STYLE_USAGE(.BOTH.,#6623);
#6623 = SURFACE_SIDE_STYLE('',(#6624));
#6624 = SURFACE_STYLE_FILL_AREA(#6625);
#6625 = FILL_AREA_STYLE('',(#6626));
#6626 = FILL_AREA_STYLE_COLOUR('',#5960);
#6627 = STYLED_ITEM('color',(#6628),#2383);
#6628 = PRESENTATION_STYLE_ASSIGNMENT((#6629));
#6629 = SURFACE_STYLE_USAGE(.BOTH.,#6630);
#6630 = SURFACE_SIDE_STYLE('',(#6631));
#6631 = SURFACE_STYLE_FILL_AREA(#6632);
#6632 = FILL_AREA_STYLE('',(#6633));
#6633 = FILL_AREA_STYLE_COLOUR('',#5960);
#6634 = STYLED_ITEM('color',(#6635),#2408);
#6635 = PRESENTATION_STYLE_ASSIGNMENT((#6636));
#6636 = SURFACE_STYLE_USAGE(.BOTH.,#6637);
#6637 = SURFACE_SIDE_STYLE('',(#6638));
#6638 = SURFACE_STYLE_FILL_AREA(#6639);
#6639 = FILL_AREA_STYLE('',(#6640));
#6640 = FILL_AREA_STYLE_COLOUR('',#5960);
#6641 = STYLED_ITEM('color',(#6642),#2433);
#6642 = PRESENTATION_STYLE_ASSIGNMENT((#6643));
#6643 = SURFACE_STYLE_USAGE(.BOTH.,#6644);
#6644 = SURFACE_SIDE_STYLE('',(#6645));
#6645 = SURFACE_STYLE_FILL_AREA(#6646);
#6646 = FILL_AREA_STYLE('',(#6647));
#6647 = FILL_AREA_STYLE_COLOUR('',#5960);
#6648 = STYLED_ITEM('color',(#6649),#2458);
#6649 = PRESENTATION_STYLE_ASSIGNMENT((#6650));
#6650 = SURFACE_STYLE_USAGE(.BOTH.,#6651);
#6651 = SURFACE_SIDE_STYLE('',(#6652));
#6652 = SURFACE_STYLE_FILL_AREA(#6653);
#6653 = FILL_AREA_STYLE('',(#6654));
#6654 = FILL_AREA_STYLE_COLOUR('',#5960);
#6655 = STYLED_ITEM('color',(#6656),#2483);
#6656 = PRESENTATION_STYLE_ASSIGNMENT((#6657));
#6657 = SURFACE_STYLE_USAGE(.BOTH.,#6658);
#6658 = SURFACE_SIDE_STYLE('',(#6659));
#6659 = SURFACE_STYLE_FILL_AREA(#6660);
#6660 = FILL_AREA_STYLE('',(#6661));
#6661 = FILL_AREA_STYLE_COLOUR('',#5960);
#6662 = STYLED_ITEM('color',(#6663),#2508);
#6663 = PRESENTATION_STYLE_ASSIGNMENT((#6664));
#6664 = SURFACE_STYLE_USAGE(.BOTH.,#6665);
#6665 = SURFACE_SIDE_STYLE('',(#6666));
#6666 = SURFACE_STYLE_FILL_AREA(#6667);
#6667 = FILL_AREA_STYLE('',(#6668));
#6668 = FILL_AREA_STYLE_COLOUR('',#5960);
#6669 = STYLED_ITEM('color',(#6670),#2528);
#6670 = PRESENTATION_STYLE_ASSIGNMENT((#6671));
#6671 = SURFACE_STYLE_USAGE(.BOTH.,#6672);
#6672 = SURFACE_SIDE_STYLE('',(#6673));
#6673 = SURFACE_STYLE_FILL_AREA(#6674);
#6674 = FILL_AREA_STYLE('',(#6675));
#6675 = FILL_AREA_STYLE_COLOUR('',#5960);
#6676 = STYLED_ITEM('color',(#6677),#2548);
#6677 = PRESENTATION_STYLE_ASSIGNMENT((#6678));
#6678 = SURFACE_STYLE_USAGE(.BOTH.,#6679);
#6679 = SURFACE_SIDE_STYLE('',(#6680));
#6680 = SURFACE_STYLE_FILL_AREA(#6681);
#6681 = FILL_AREA_STYLE('',(#6682));
#6682 = FILL_AREA_STYLE_COLOUR('',#5960);
#6683 = STYLED_ITEM('color',(#6684),#2568);
#6684 = PRESENTATION_STYLE_ASSIGNMENT((#6685));
#6685 = SURFACE_STYLE_USAGE(.BOTH.,#6686);
#6686 = SURFACE_SIDE_STYLE('',(#6687));
#6687 = SURFACE_STYLE_FILL_AREA(#6688);
#6688 = FILL_AREA_STYLE('',(#6689));
#6689 = FILL_AREA_STYLE_COLOUR('',#5960);
#6690 = STYLED_ITEM('color',(#6691),#2588);
#6691 = PRESENTATION_STYLE_ASSIGNMENT((#6692));
#6692 = SURFACE_STYLE_USAGE(.BOTH.,#6693);
#6693 = SURFACE_SIDE_STYLE('',(#6694));
#6694 = SURFACE_STYLE_FILL_AREA(#6695);
#6695 = FILL_AREA_STYLE('',(#6696));
#6696 = FILL_AREA_STYLE_COLOUR('',#5960);
#6697 = STYLED_ITEM('color',(#6698),#2608);
#6698 = PRESENTATION_STYLE_ASSIGNMENT((#6699));
#6699 = SURFACE_STYLE_USAGE(.BOTH.,#6700);
#6700 = SURFACE_SIDE_STYLE('',(#6701));
#6701 = SURFACE_STYLE_FILL_AREA(#6702);
#6702 = FILL_AREA_STYLE('',(#6703));
#6703 = FILL_AREA_STYLE_COLOUR('',#5960);
#6704 = STYLED_ITEM('color',(#6705),#2628);
#6705 = PRESENTATION_STYLE_ASSIGNMENT((#6706));
#6706 = SURFACE_STYLE_USAGE(.BOTH.,#6707);
#6707 = SURFACE_SIDE_STYLE('',(#6708));
#6708 = SURFACE_STYLE_FILL_AREA(#6709);
#6709 = FILL_AREA_STYLE('',(#6710));
#6710 = FILL_AREA_STYLE_COLOUR('',#5960);
#6711 = STYLED_ITEM('color',(#6712),#2648);
#6712 = PRESENTATION_STYLE_ASSIGNMENT((#6713));
#6713 = SURFACE_STYLE_USAGE(.BOTH.,#6714);
#6714 = SURFACE_SIDE_STYLE('',(#6715));
#6715 = SURFACE_STYLE_FILL_AREA(#6716);
#6716 = FILL_AREA_STYLE('',(#6717));
#6717 = FILL_AREA_STYLE_COLOUR('',#5960);
#6718 = STYLED_ITEM('color',(#6719),#2668);
#6719 = PRESENTATION_STYLE_ASSIGNMENT((#6720));
#6720 = SURFACE_STYLE_USAGE(.BOTH.,#6721);
#6721 = SURFACE_SIDE_STYLE('',(#6722));
#6722 = SURFACE_STYLE_FILL_AREA(#6723);
#6723 = FILL_AREA_STYLE('',(#6724));
#6724 = FILL_AREA_STYLE_COLOUR('',#5960);
#6725 = STYLED_ITEM('color',(#6726),#2693);
#6726 = PRESENTATION_STYLE_ASSIGNMENT((#6727));
#6727 = SURFACE_STYLE_USAGE(.BOTH.,#6728);
#6728 = SURFACE_SIDE_STYLE('',(#6729));
#6729 = SURFACE_STYLE_FILL_AREA(#6730);
#6730 = FILL_AREA_STYLE('',(#6731));
#6731 = FILL_AREA_STYLE_COLOUR('',#5960);
#6732 = STYLED_ITEM('color',(#6733),#2718);
#6733 = PRESENTATION_STYLE_ASSIGNMENT((#6734));
#6734 = SURFACE_STYLE_USAGE(.BOTH.,#6735);
#6735 = SURFACE_SIDE_STYLE('',(#6736));
#6736 = SURFACE_STYLE_FILL_AREA(#6737);
#6737 = FILL_AREA_STYLE('',(#6738));
#6738 = FILL_AREA_STYLE_COLOUR('',#5960);
#6739 = STYLED_ITEM('color',(#6740),#2743);
#6740 = PRESENTATION_STYLE_ASSIGNMENT((#6741));
#6741 = SURFACE_STYLE_USAGE(.BOTH.,#6742);
#6742 = SURFACE_SIDE_STYLE('',(#6743));
#6743 = SURFACE_STYLE_FILL_AREA(#6744);
#6744 = FILL_AREA_STYLE('',(#6745));
#6745 = FILL_AREA_STYLE_COLOUR('',#5960);
#6746 = STYLED_ITEM('color',(#6747),#2768);
#6747 = PRESENTATION_STYLE_ASSIGNMENT((#6748));
#6748 = SURFACE_STYLE_USAGE(.BOTH.,#6749);
#6749 = SURFACE_SIDE_STYLE('',(#6750));
#6750 = SURFACE_STYLE_FILL_AREA(#6751);
#6751 = FILL_AREA_STYLE('',(#6752));
#6752 = FILL_AREA_STYLE_COLOUR('',#5960);
#6753 = STYLED_ITEM('color',(#6754),#2793);
#6754 = PRESENTATION_STYLE_ASSIGNMENT((#6755));
#6755 = SURFACE_STYLE_USAGE(.BOTH.,#6756);
#6756 = SURFACE_SIDE_STYLE('',(#6757));
#6757 = SURFACE_STYLE_FILL_AREA(#6758);
#6758 = FILL_AREA_STYLE('',(#6759));
#6759 = FILL_AREA_STYLE_COLOUR('',#5960);
#6760 = STYLED_ITEM('color',(#6761),#2818);
#6761 = PRESENTATION_STYLE_ASSIGNMENT((#6762));
#6762 = SURFACE_STYLE_USAGE(.BOTH.,#6763);
#6763 = SURFACE_SIDE_STYLE('',(#6764));
#6764 = SURFACE_STYLE_FILL_AREA(#6765);
#6765 = FILL_AREA_STYLE('',(#6766));
#6766 = FILL_AREA_STYLE_COLOUR('',#5960);
#6767 = STYLED_ITEM('color',(#6768),#2843);
#6768 = PRESENTATION_STYLE_ASSIGNMENT((#6769));
#6769 = SURFACE_STYLE_USAGE(.BOTH.,#6770);
#6770 = SURFACE_SIDE_STYLE('',(#6771));
#6771 = SURFACE_STYLE_FILL_AREA(#6772);
#6772 = FILL_AREA_STYLE('',(#6773));
#6773 = FILL_AREA_STYLE_COLOUR('',#5960);
#6774 = STYLED_ITEM('color',(#6775),#2868);
#6775 = PRESENTATION_STYLE_ASSIGNMENT((#6776));
#6776 = SURFACE_STYLE_USAGE(.BOTH.,#6777);
#6777 = SURFACE_SIDE_STYLE('',(#6778));
#6778 = SURFACE_STYLE_FILL_AREA(#6779);
#6779 = FILL_AREA_STYLE('',(#6780));
#6780 = FILL_AREA_STYLE_COLOUR('',#5960);
#6781 = STYLED_ITEM('color',(#6782),#2893);
#6782 = PRESENTATION_STYLE_ASSIGNMENT((#6783));
#6783 = SURFACE_STYLE_USAGE(.BOTH.,#6784);
#6784 = SURFACE_SIDE_STYLE('',(#6785));
#6785 = SURFACE_STYLE_FILL_AREA(#6786);
#6786 = FILL_AREA_STYLE('',(#6787));
#6787 = FILL_AREA_STYLE_COLOUR('',#5960);
#6788 = STYLED_ITEM('color',(#6789),#2918);
#6789 = PRESENTATION_STYLE_ASSIGNMENT((#6790));
#6790 = SURFACE_STYLE_USAGE(.BOTH.,#6791);
#6791 = SURFACE_SIDE_STYLE('',(#6792));
#6792 = SURFACE_STYLE_FILL_AREA(#6793);
#6793 = FILL_AREA_STYLE('',(#6794));
#6794 = FILL_AREA_STYLE_COLOUR('',#5960);
#6795 = STYLED_ITEM('color',(#6796),#2943);
#6796 = PRESENTATION_STYLE_ASSIGNMENT((#6797));
#6797 = SURFACE_STYLE_USAGE(.BOTH.,#6798);
#6798 = SURFACE_SIDE_STYLE('',(#6799));
#6799 = SURFACE_STYLE_FILL_AREA(#6800);
#6800 = FILL_AREA_STYLE('',(#6801));
#6801 = FILL_AREA_STYLE_COLOUR('',#5960);
#6802 = STYLED_ITEM('color',(#6803),#2968);
#6803 = PRESENTATION_STYLE_ASSIGNMENT((#6804));
#6804 = SURFACE_STYLE_USAGE(.BOTH.,#6805);
#6805 = SURFACE_SIDE_STYLE('',(#6806));
#6806 = SURFACE_STYLE_FILL_AREA(#6807);
#6807 = FILL_AREA_STYLE('',(#6808));
#6808 = FILL_AREA_STYLE_COLOUR('',#5960);
#6809 = STYLED_ITEM('color',(#6810),#2993);
#6810 = PRESENTATION_STYLE_ASSIGNMENT((#6811));
#6811 = SURFACE_STYLE_USAGE(.BOTH.,#6812);
#6812 = SURFACE_SIDE_STYLE('',(#6813));
#6813 = SURFACE_STYLE_FILL_AREA(#6814);
#6814 = FILL_AREA_STYLE('',(#6815));
#6815 = FILL_AREA_STYLE_COLOUR('',#5960);
#6816 = STYLED_ITEM('color',(#6817),#3018);
#6817 = PRESENTATION_STYLE_ASSIGNMENT((#6818));
#6818 = SURFACE_STYLE_USAGE(.BOTH.,#6819);
#6819 = SURFACE_SIDE_STYLE('',(#6820));
#6820 = SURFACE_STYLE_FILL_AREA(#6821);
#6821 = FILL_AREA_STYLE('',(#6822));
#6822 = FILL_AREA_STYLE_COLOUR('',#5960);
#6823 = STYLED_ITEM('color',(#6824),#3043);
#6824 = PRESENTATION_STYLE_ASSIGNMENT((#6825));
#6825 = SURFACE_STYLE_USAGE(.BOTH.,#6826);
#6826 = SURFACE_SIDE_STYLE('',(#6827));
#6827 = SURFACE_STYLE_FILL_AREA(#6828);
#6828 = FILL_AREA_STYLE('',(#6829));
#6829 = FILL_AREA_STYLE_COLOUR('',#5960);
#6830 = STYLED_ITEM('color',(#6831),#3068);
#6831 = PRESENTATION_STYLE_ASSIGNMENT((#6832));
#6832 = SURFACE_STYLE_USAGE(.BOTH.,#6833);
#6833 = SURFACE_SIDE_STYLE('',(#6834));
#6834 = SURFACE_STYLE_FILL_AREA(#6835);
#6835 = FILL_AREA_STYLE('',(#6836));
#6836 = FILL_AREA_STYLE_COLOUR('',#5960);
#6837 = STYLED_ITEM('color',(#6838),#3088);
#6838 = PRESENTATION_STYLE_ASSIGNMENT((#6839));
#6839 = SURFACE_STYLE_USAGE(.BOTH.,#6840);
#6840 = SURFACE_SIDE_STYLE('',(#6841));
#6841 = SURFACE_STYLE_FILL_AREA(#6842);
#6842 = FILL_AREA_STYLE('',(#6843));
#6843 = FILL_AREA_STYLE_COLOUR('',#5960);
#6844 = STYLED_ITEM('color',(#6845),#3108);
#6845 = PRESENTATION_STYLE_ASSIGNMENT((#6846));
#6846 = SURFACE_STYLE_USAGE(.BOTH.,#6847);
#6847 = SURFACE_SIDE_STYLE('',(#6848));
#6848 = SURFACE_STYLE_FILL_AREA(#6849);
#6849 = FILL_AREA_STYLE('',(#6850));
#6850 = FILL_AREA_STYLE_COLOUR('',#5960);
#6851 = STYLED_ITEM('color',(#6852),#3128);
#6852 = PRESENTATION_STYLE_ASSIGNMENT((#6853));
#6853 = SURFACE_STYLE_USAGE(.BOTH.,#6854);
#6854 = SURFACE_SIDE_STYLE('',(#6855));
#6855 = SURFACE_STYLE_FILL_AREA(#6856);
#6856 = FILL_AREA_STYLE('',(#6857));
#6857 = FILL_AREA_STYLE_COLOUR('',#5960);
#6858 = STYLED_ITEM('color',(#6859),#3148);
#6859 = PRESENTATION_STYLE_ASSIGNMENT((#6860));
#6860 = SURFACE_STYLE_USAGE(.BOTH.,#6861);
#6861 = SURFACE_SIDE_STYLE('',(#6862));
#6862 = SURFACE_STYLE_FILL_AREA(#6863);
#6863 = FILL_AREA_STYLE('',(#6864));
#6864 = FILL_AREA_STYLE_COLOUR('',#5960);
#6865 = STYLED_ITEM('color',(#6866),#3168);
#6866 = PRESENTATION_STYLE_ASSIGNMENT((#6867));
#6867 = SURFACE_STYLE_USAGE(.BOTH.,#6868);
#6868 = SURFACE_SIDE_STYLE('',(#6869));
#6869 = SURFACE_STYLE_FILL_AREA(#6870);
#6870 = FILL_AREA_STYLE('',(#6871));
#6871 = FILL_AREA_STYLE_COLOUR('',#5960);
#6872 = STYLED_ITEM('color',(#6873),#3188);
#6873 = PRESENTATION_STYLE_ASSIGNMENT((#6874));
#6874 = SURFACE_STYLE_USAGE(.BOTH.,#6875);
#6875 = SURFACE_SIDE_STYLE('',(#6876));
#6876 = SURFACE_STYLE_FILL_AREA(#6877);
#6877 = FILL_AREA_STYLE('',(#6878));
#6878 = FILL_AREA_STYLE_COLOUR('',#5960);
#6879 = STYLED_ITEM('color',(#6880),#3208);
#6880 = PRESENTATION_STYLE_ASSIGNMENT((#6881));
#6881 = SURFACE_STYLE_USAGE(.BOTH.,#6882);
#6882 = SURFACE_SIDE_STYLE('',(#6883));
#6883 = SURFACE_STYLE_FILL_AREA(#6884);
#6884 = FILL_AREA_STYLE('',(#6885));
#6885 = FILL_AREA_STYLE_COLOUR('',#5960);
#6886 = STYLED_ITEM('color',(#6887),#3228);
#6887 = PRESENTATION_STYLE_ASSIGNMENT((#6888));
#6888 = SURFACE_STYLE_USAGE(.BOTH.,#6889);
#6889 = SURFACE_SIDE_STYLE('',(#6890));
#6890 = SURFACE_STYLE_FILL_AREA(#6891);
#6891 = FILL_AREA_STYLE('',(#6892));
#6892 = FILL_AREA_STYLE_COLOUR('',#5960);
#6893 = STYLED_ITEM('color',(#6894),#3253);
#6894 = PRESENTATION_STYLE_ASSIGNMENT((#6895));
#6895 = SURFACE_STYLE_USAGE(.BOTH.,#6896);
#6896 = SURFACE_SIDE_STYLE('',(#6897));
#6897 = SURFACE_STYLE_FILL_AREA(#6898);
#6898 = FILL_AREA_STYLE('',(#6899));
#6899 = FILL_AREA_STYLE_COLOUR('',#5960);
#6900 = STYLED_ITEM('color',(#6901),#3278);
#6901 = PRESENTATION_STYLE_ASSIGNMENT((#6902));
#6902 = SURFACE_STYLE_USAGE(.BOTH.,#6903);
#6903 = SURFACE_SIDE_STYLE('',(#6904));
#6904 = SURFACE_STYLE_FILL_AREA(#6905);
#6905 = FILL_AREA_STYLE('',(#6906));
#6906 = FILL_AREA_STYLE_COLOUR('',#5960);
#6907 = STYLED_ITEM('color',(#6908),#3303);
#6908 = PRESENTATION_STYLE_ASSIGNMENT((#6909));
#6909 = SURFACE_STYLE_USAGE(.BOTH.,#6910);
#6910 = SURFACE_SIDE_STYLE('',(#6911));
#6911 = SURFACE_STYLE_FILL_AREA(#6912);
#6912 = FILL_AREA_STYLE('',(#6913));
#6913 = FILL_AREA_STYLE_COLOUR('',#5960);
#6914 = STYLED_ITEM('color',(#6915),#3328);
#6915 = PRESENTATION_STYLE_ASSIGNMENT((#6916));
#6916 = SURFACE_STYLE_USAGE(.BOTH.,#6917);
#6917 = SURFACE_SIDE_STYLE('',(#6918));
#6918 = SURFACE_STYLE_FILL_AREA(#6919);
#6919 = FILL_AREA_STYLE('',(#6920));
#6920 = FILL_AREA_STYLE_COLOUR('',#5960);
#6921 = STYLED_ITEM('color',(#6922),#3353);
#6922 = PRESENTATION_STYLE_ASSIGNMENT((#6923));
#6923 = SURFACE_STYLE_USAGE(.BOTH.,#6924);
#6924 = SURFACE_SIDE_STYLE('',(#6925));
#6925 = SURFACE_STYLE_FILL_AREA(#6926);
#6926 = FILL_AREA_STYLE('',(#6927));
#6927 = FILL_AREA_STYLE_COLOUR('',#5960);
#6928 = STYLED_ITEM('color',(#6929),#3378);
#6929 = PRESENTATION_STYLE_ASSIGNMENT((#6930));
#6930 = SURFACE_STYLE_USAGE(.BOTH.,#6931);
#6931 = SURFACE_SIDE_STYLE('',(#6932));
#6932 = SURFACE_STYLE_FILL_AREA(#6933);
#6933 = FILL_AREA_STYLE('',(#6934));
#6934 = FILL_AREA_STYLE_COLOUR('',#5960);
#6935 = STYLED_ITEM('color',(#6936),#3403);
#6936 = PRESENTATION_STYLE_ASSIGNMENT((#6937));
#6937 = SURFACE_STYLE_USAGE(.BOTH.,#6938);
#6938 = SURFACE_SIDE_STYLE('',(#6939));
#6939 = SURFACE_STYLE_FILL_AREA(#6940);
#6940 = FILL_AREA_STYLE('',(#6941));
#6941 = FILL_AREA_STYLE_COLOUR('',#5960);
#6942 = STYLED_ITEM('color',(#6943),#3428);
#6943 = PRESENTATION_STYLE_ASSIGNMENT((#6944));
#6944 = SURFACE_STYLE_USAGE(.BOTH.,#6945);
#6945 = SURFACE_SIDE_STYLE('',(#6946));
#6946 = SURFACE_STYLE_FILL_AREA(#6947);
#6947 = FILL_AREA_STYLE('',(#6948));
#6948 = FILL_AREA_STYLE_COLOUR('',#5960);
#6949 = STYLED_ITEM('color',(#6950),#3453);
#6950 = PRESENTATION_STYLE_ASSIGNMENT((#6951));
#6951 = SURFACE_STYLE_USAGE(.BOTH.,#6952);
#6952 = SURFACE_SIDE_STYLE('',(#6953));
#6953 = SURFACE_STYLE_FILL_AREA(#6954);
#6954 = FILL_AREA_STYLE('',(#6955));
#6955 = FILL_AREA_STYLE_COLOUR('',#5960);
#6956 = STYLED_ITEM('color',(#6957),#3478);
#6957 = PRESENTATION_STYLE_ASSIGNMENT((#6958));
#6958 = SURFACE_STYLE_USAGE(.BOTH.,#6959);
#6959 = SURFACE_SIDE_STYLE('',(#6960));
#6960 = SURFACE_STYLE_FILL_AREA(#6961);
#6961 = FILL_AREA_STYLE('',(#6962));
#6962 = FILL_AREA_STYLE_COLOUR('',#5960);
#6963 = STYLED_ITEM('color',(#6964),#3503);
#6964 = PRESENTATION_STYLE_ASSIGNMENT((#6965));
#6965 = SURFACE_STYLE_USAGE(.BOTH.,#6966);
#6966 = SURFACE_SIDE_STYLE('',(#6967));
#6967 = SURFACE_STYLE_FILL_AREA(#6968);
#6968 = FILL_AREA_STYLE('',(#6969));
#6969 = FILL_AREA_STYLE_COLOUR('',#5960);
#6970 = STYLED_ITEM('color',(#6971),#3528);
#6971 = PRESENTATION_STYLE_ASSIGNMENT((#6972));
#6972 = SURFACE_STYLE_USAGE(.BOTH.,#6973);
#6973 = SURFACE_SIDE_STYLE('',(#6974));
#6974 = SURFACE_STYLE_FILL_AREA(#6975);
#6975 = FILL_AREA_STYLE('',(#6976));
#6976 = FILL_AREA_STYLE_COLOUR('',#5960);
#6977 = STYLED_ITEM('color',(#6978),#3553);
#6978 = PRESENTATION_STYLE_ASSIGNMENT((#6979));
#6979 = SURFACE_STYLE_USAGE(.BOTH.,#6980);
#6980 = SURFACE_SIDE_STYLE('',(#6981));
#6981 = SURFACE_STYLE_FILL_AREA(#6982);
#6982 = FILL_AREA_STYLE('',(#6983));
#6983 = FILL_AREA_STYLE_COLOUR('',#5960);
#6984 = STYLED_ITEM('color',(#6985),#3578);
#6985 = PRESENTATION_STYLE_ASSIGNMENT((#6986));
#6986 = SURFACE_STYLE_USAGE(.BOTH.,#6987);
#6987 = SURFACE_SIDE_STYLE('',(#6988));
#6988 = SURFACE_STYLE_FILL_AREA(#6989);
#6989 = FILL_AREA_STYLE('',(#6990));
#6990 = FILL_AREA_STYLE_COLOUR('',#5960);
#6991 = STYLED_ITEM('color',(#6992),#3603);
#6992 = PRESENTATION_STYLE_ASSIGNMENT((#6993));
#6993 = SURFACE_STYLE_USAGE(.BOTH.,#6994);
#6994 = SURFACE_SIDE_STYLE('',(#6995));
#6995 = SURFACE_STYLE_FILL_AREA(#6996);
#6996 = FILL_AREA_STYLE('',(#6997));
#6997 = FILL_AREA_STYLE_COLOUR('',#5960);
#6998 = STYLED_ITEM('color',(#6999),#3628);
#6999 = PRESENTATION_STYLE_ASSIGNMENT((#7000));
#7000 = SURFACE_STYLE_USAGE(.BOTH.,#7001);
#7001 = SURFACE_SIDE_STYLE('',(#7002));
#7002 = SURFACE_STYLE_FILL_AREA(#7003);
#7003 = FILL_AREA_STYLE('',(#7004));
#7004 = FILL_AREA_STYLE_COLOUR('',#5960);
#7005 = STYLED_ITEM('color',(#7006),#3637);
#7006 = PRESENTATION_STYLE_ASSIGNMENT((#7007));
#7007 = SURFACE_STYLE_USAGE(.BOTH.,#7008);
#7008 = SURFACE_SIDE_STYLE('',(#7009));
#7009 = SURFACE_STYLE_FILL_AREA(#7010);
#7010 = FILL_AREA_STYLE('',(#7011));
#7011 = FILL_AREA_STYLE_COLOUR('',#5960);
#7012 = STYLED_ITEM('color',(#7013),#3646);
#7013 = PRESENTATION_STYLE_ASSIGNMENT((#7014));
#7014 = SURFACE_STYLE_USAGE(.BOTH.,#7015);
#7015 = SURFACE_SIDE_STYLE('',(#7016));
#7016 = SURFACE_STYLE_FILL_AREA(#7017);
#7017 = FILL_AREA_STYLE('',(#7018));
#7018 = FILL_AREA_STYLE_COLOUR('',#5960);
#7019 = STYLED_ITEM('color',(#7020),#3655);
#7020 = PRESENTATION_STYLE_ASSIGNMENT((#7021));
#7021 = SURFACE_STYLE_USAGE(.BOTH.,#7022);
#7022 = SURFACE_SIDE_STYLE('',(#7023));
#7023 = SURFACE_STYLE_FILL_AREA(#7024);
#7024 = FILL_AREA_STYLE('',(#7025));
#7025 = FILL_AREA_STYLE_COLOUR('',#5960);
#7026 = STYLED_ITEM('color',(#7027),#3664);
#7027 = PRESENTATION_STYLE_ASSIGNMENT((#7028));
#7028 = SURFACE_STYLE_USAGE(.BOTH.,#7029);
#7029 = SURFACE_SIDE_STYLE('',(#7030));
#7030 = SURFACE_STYLE_FILL_AREA(#7031);
#7031 = FILL_AREA_STYLE('',(#7032));
#7032 = FILL_AREA_STYLE_COLOUR('',#5960);
#7033 = STYLED_ITEM('color',(#7034),#3673);
#7034 = PRESENTATION_STYLE_ASSIGNMENT((#7035));
#7035 = SURFACE_STYLE_USAGE(.BOTH.,#7036);
#7036 = SURFACE_SIDE_STYLE('',(#7037));
#7037 = SURFACE_STYLE_FILL_AREA(#7038);
#7038 = FILL_AREA_STYLE('',(#7039));
#7039 = FILL_AREA_STYLE_COLOUR('',#5960);
#7040 = STYLED_ITEM('color',(#7041),#3682);
#7041 = PRESENTATION_STYLE_ASSIGNMENT((#7042));
#7042 = SURFACE_STYLE_USAGE(.BOTH.,#7043);
#7043 = SURFACE_SIDE_STYLE('',(#7044));
#7044 = SURFACE_STYLE_FILL_AREA(#7045);
#7045 = FILL_AREA_STYLE('',(#7046));
#7046 = FILL_AREA_STYLE_COLOUR('',#5960);
#7047 = STYLED_ITEM('color',(#7048),#3691);
#7048 = PRESENTATION_STYLE_ASSIGNMENT((#7049));
#7049 = SURFACE_STYLE_USAGE(.BOTH.,#7050);
#7050 = SURFACE_SIDE_STYLE('',(#7051));
#7051 = SURFACE_STYLE_FILL_AREA(#7052);
#7052 = FILL_AREA_STYLE('',(#7053));
#7053 = FILL_AREA_STYLE_COLOUR('',#5960);
#7054 = STYLED_ITEM('color',(#7055),#3700);
#7055 = PRESENTATION_STYLE_ASSIGNMENT((#7056));
#7056 = SURFACE_STYLE_USAGE(.BOTH.,#7057);
#7057 = SURFACE_SIDE_STYLE('',(#7058));
#7058 = SURFACE_STYLE_FILL_AREA(#7059);
#7059 = FILL_AREA_STYLE('',(#7060));
#7060 = FILL_AREA_STYLE_COLOUR('',#5960);
#7061 = STYLED_ITEM('color',(#7062),#3725);
#7062 = PRESENTATION_STYLE_ASSIGNMENT((#7063));
#7063 = SURFACE_STYLE_USAGE(.BOTH.,#7064);
#7064 = SURFACE_SIDE_STYLE('',(#7065));
#7065 = SURFACE_STYLE_FILL_AREA(#7066);
#7066 = FILL_AREA_STYLE('',(#7067));
#7067 = FILL_AREA_STYLE_COLOUR('',#5960);
#7068 = STYLED_ITEM('color',(#7069),#3750);
#7069 = PRESENTATION_STYLE_ASSIGNMENT((#7070));
#7070 = SURFACE_STYLE_USAGE(.BOTH.,#7071);
#7071 = SURFACE_SIDE_STYLE('',(#7072));
#7072 = SURFACE_STYLE_FILL_AREA(#7073);
#7073 = FILL_AREA_STYLE('',(#7074));
#7074 = FILL_AREA_STYLE_COLOUR('',#5960);
#7075 = STYLED_ITEM('color',(#7076),#3775);
#7076 = PRESENTATION_STYLE_ASSIGNMENT((#7077));
#7077 = SURFACE_STYLE_USAGE(.BOTH.,#7078);
#7078 = SURFACE_SIDE_STYLE('',(#7079));
#7079 = SURFACE_STYLE_FILL_AREA(#7080);
#7080 = FILL_AREA_STYLE('',(#7081));
#7081 = FILL_AREA_STYLE_COLOUR('',#5960);
#7082 = STYLED_ITEM('color',(#7083),#3800);
#7083 = PRESENTATION_STYLE_ASSIGNMENT((#7084));
#7084 = SURFACE_STYLE_USAGE(.BOTH.,#7085);
#7085 = SURFACE_SIDE_STYLE('',(#7086));
#7086 = SURFACE_STYLE_FILL_AREA(#7087);
#7087 = FILL_AREA_STYLE('',(#7088));
#7088 = FILL_AREA_STYLE_COLOUR('',#5960);
#7089 = STYLED_ITEM('color',(#7090),#3825);
#7090 = PRESENTATION_STYLE_ASSIGNMENT((#7091));
#7091 = SURFACE_STYLE_USAGE(.BOTH.,#7092);
#7092 = SURFACE_SIDE_STYLE('',(#7093));
#7093 = SURFACE_STYLE_FILL_AREA(#7094);
#7094 = FILL_AREA_STYLE('',(#7095));
#7095 = FILL_AREA_STYLE_COLOUR('',#5960);
#7096 = STYLED_ITEM('color',(#7097),#3850);
#7097 = PRESENTATION_STYLE_ASSIGNMENT((#7098));
#7098 = SURFACE_STYLE_USAGE(.BOTH.,#7099);
#7099 = SURFACE_SIDE_STYLE('',(#7100));
#7100 = SURFACE_STYLE_FILL_AREA(#7101);
#7101 = FILL_AREA_STYLE('',(#7102));
#7102 = FILL_AREA_STYLE_COLOUR('',#5960);
#7103 = STYLED_ITEM('color',(#7104),#3875);
#7104 = PRESENTATION_STYLE_ASSIGNMENT((#7105));
#7105 = SURFACE_STYLE_USAGE(.BOTH.,#7106);
#7106 = SURFACE_SIDE_STYLE('',(#7107));
#7107 = SURFACE_STYLE_FILL_AREA(#7108);
#7108 = FILL_AREA_STYLE('',(#7109));
#7109 = FILL_AREA_STYLE_COLOUR('',#5960);
#7110 = STYLED_ITEM('color',(#7111),#3900);
#7111 = PRESENTATION_STYLE_ASSIGNMENT((#7112));
#7112 = SURFACE_STYLE_USAGE(.BOTH.,#7113);
#7113 = SURFACE_SIDE_STYLE('',(#7114));
#7114 = SURFACE_STYLE_FILL_AREA(#7115);
#7115 = FILL_AREA_STYLE('',(#7116));
#7116 = FILL_AREA_STYLE_COLOUR('',#5960);
#7117 = STYLED_ITEM('color',(#7118),#3909);
#7118 = PRESENTATION_STYLE_ASSIGNMENT((#7119));
#7119 = SURFACE_STYLE_USAGE(.BOTH.,#7120);
#7120 = SURFACE_SIDE_STYLE('',(#7121));
#7121 = SURFACE_STYLE_FILL_AREA(#7122);
#7122 = FILL_AREA_STYLE('',(#7123));
#7123 = FILL_AREA_STYLE_COLOUR('',#5960);
#7124 = STYLED_ITEM('color',(#7125),#3918);
#7125 = PRESENTATION_STYLE_ASSIGNMENT((#7126));
#7126 = SURFACE_STYLE_USAGE(.BOTH.,#7127);
#7127 = SURFACE_SIDE_STYLE('',(#7128));
#7128 = SURFACE_STYLE_FILL_AREA(#7129);
#7129 = FILL_AREA_STYLE('',(#7130));
#7130 = FILL_AREA_STYLE_COLOUR('',#5960);
#7131 = STYLED_ITEM('color',(#7132),#3927);
#7132 = PRESENTATION_STYLE_ASSIGNMENT((#7133));
#7133 = SURFACE_STYLE_USAGE(.BOTH.,#7134);
#7134 = SURFACE_SIDE_STYLE('',(#7135));
#7135 = SURFACE_STYLE_FILL_AREA(#7136);
#7136 = FILL_AREA_STYLE('',(#7137));
#7137 = FILL_AREA_STYLE_COLOUR('',#5960);
#7138 = STYLED_ITEM('color',(#7139),#3936);
#7139 = PRESENTATION_STYLE_ASSIGNMENT((#7140));
#7140 = SURFACE_STYLE_USAGE(.BOTH.,#7141);
#7141 = SURFACE_SIDE_STYLE('',(#7142));
#7142 = SURFACE_STYLE_FILL_AREA(#7143);
#7143 = FILL_AREA_STYLE('',(#7144));
#7144 = FILL_AREA_STYLE_COLOUR('',#5960);
#7145 = STYLED_ITEM('color',(#7146),#3945);
#7146 = PRESENTATION_STYLE_ASSIGNMENT((#7147));
#7147 = SURFACE_STYLE_USAGE(.BOTH.,#7148);
#7148 = SURFACE_SIDE_STYLE('',(#7149));
#7149 = SURFACE_STYLE_FILL_AREA(#7150);
#7150 = FILL_AREA_STYLE('',(#7151));
#7151 = FILL_AREA_STYLE_COLOUR('',#5960);
#7152 = STYLED_ITEM('color',(#7153),#3954);
#7153 = PRESENTATION_STYLE_ASSIGNMENT((#7154));
#7154 = SURFACE_STYLE_USAGE(.BOTH.,#7155);
#7155 = SURFACE_SIDE_STYLE('',(#7156));
#7156 = SURFACE_STYLE_FILL_AREA(#7157);
#7157 = FILL_AREA_STYLE('',(#7158));
#7158 = FILL_AREA_STYLE_COLOUR('',#5960);
#7159 = STYLED_ITEM('color',(#7160),#3963);
#7160 = PRESENTATION_STYLE_ASSIGNMENT((#7161));
#7161 = SURFACE_STYLE_USAGE(.BOTH.,#7162);
#7162 = SURFACE_SIDE_STYLE('',(#7163));
#7163 = SURFACE_STYLE_FILL_AREA(#7164);
#7164 = FILL_AREA_STYLE('',(#7165));
#7165 = FILL_AREA_STYLE_COLOUR('',#5960);
ENDSEC;
END-ISO-10303-21;
